Date as of,First week,Last week,State,County name,FIPS County Code,Deaths involving COVID-19,Deaths from All Causes
9/30/2020,2/1/2020,9/26/2020,AL,Etowah County,1055,120,"1,135"
9/30/2020,2/1/2020,9/26/2020,AL,Pike County,1109,14,200
9/30/2020,2/1/2020,9/26/2020,AL,Shelby County,1117,69,963
9/30/2020,2/1/2020,9/26/2020,AR,Chicot County,5017,11,73
9/30/2020,2/1/2020,9/26/2020,AR,White County,5145,25,607
9/30/2020,2/1/2020,9/26/2020,AZ,Navajo County,4017,58,718
9/30/2020,2/1/2020,9/26/2020,CA,Stanislaus County,6099,434,"3,799"
9/30/2020,2/1/2020,9/26/2020,CO,Denver County,8031,321,"3,792"
9/30/2020,2/1/2020,9/26/2020,DC,District of Columbia,11001,756,"4,805"
9/30/2020,2/1/2020,9/26/2020,FL,Brevard County,12009,318,"5,357"
9/30/2020,2/1/2020,9/26/2020,FL,Highlands County,12055,89,"1,275"
9/30/2020,2/1/2020,9/26/2020,FL,Marion County,12083,246,"3,776"
9/30/2020,2/1/2020,9/26/2020,FL,Osceola County,12097,191,"1,843"
9/30/2020,2/1/2020,9/26/2020,FL,Pinellas County,12103,727,"9,248"
9/30/2020,2/1/2020,9/26/2020,FL,Santa Rosa County,12113,40,837
9/30/2020,2/1/2020,9/26/2020,FL,Walton County,12131,30,443
9/30/2020,2/1/2020,9/26/2020,GA,Berrien County,13019,10,107
9/30/2020,2/1/2020,9/26/2020,GA,Cobb County,13067,406,"3,808"
9/30/2020,2/1/2020,9/26/2020,GA,Grady County,13131,16,133
9/30/2020,2/1/2020,9/26/2020,GA,Jefferson County,13163,11,112
9/30/2020,2/1/2020,9/26/2020,GA,Lamar County,13171,13,101
9/30/2020,2/1/2020,9/26/2020,GA,Oconee County,13219,15,245
9/30/2020,2/1/2020,9/26/2020,GA,Paulding County,13223,32,546
9/30/2020,2/1/2020,9/26/2020,GA,Thomas County,13275,95,528
9/30/2020,2/1/2020,9/26/2020,GA,Ware County,13299,69,455
9/30/2020,2/1/2020,9/26/2020,HI,Honolulu County,15003,114,"5,458"
9/30/2020,2/1/2020,9/26/2020,IA,Jasper County,19099,23,204
9/30/2020,2/1/2020,9/26/2020,IA,Story County,19169,26,426
9/30/2020,2/1/2020,9/26/2020,IA,Winnebago County,19189,11,68
9/30/2020,2/1/2020,9/26/2020,ID,Shoshone County,16079,13,82
9/30/2020,2/1/2020,9/26/2020,IL,McHenry County,17111,82,"1,198"
9/30/2020,2/1/2020,9/26/2020,IL,Peoria County,17143,82,"2,027"
9/30/2020,2/1/2020,9/26/2020,IL,Rock Island County,17161,61,"1,090"
9/30/2020,2/1/2020,9/26/2020,IN,De Kalb County,18033,13,273
9/30/2020,2/1/2020,9/26/2020,IN,Madison County,18095,80,969
9/30/2020,2/1/2020,9/26/2020,IN,Newton County,18111,10,80
9/30/2020,2/1/2020,9/26/2020,IN,Wayne County,18177,25,747
9/30/2020,2/1/2020,9/26/2020,KS,Sedgwick County,20173,162,"3,960"
9/30/2020,2/1/2020,9/26/2020,KY,Pike County,21195,18,811
9/30/2020,2/1/2020,9/26/2020,LA,Ascension Parish,22005,31,386
9/30/2020,2/1/2020,9/26/2020,LA,Bossier Parish,22015,66,668
9/30/2020,2/1/2020,9/26/2020,LA,Claiborne Parish,22027,14,110
9/30/2020,2/1/2020,9/26/2020,LA,Lincoln Parish,22061,55,333
9/30/2020,2/1/2020,9/26/2020,AK,Fairbanks North Star Borough,2090,10,298
9/30/2020,2/1/2020,9/26/2020,AL,Butler County,1013,25,150
9/30/2020,2/1/2020,9/26/2020,AL,Covington County,1039,55,390
9/30/2020,2/1/2020,9/26/2020,AL,Elmore County,1051,32,457
9/30/2020,2/1/2020,9/26/2020,AL,Escambia County,1053,19,249
9/30/2020,2/1/2020,9/26/2020,AL,Lauderdale County,1077,56,950
9/30/2020,2/1/2020,9/26/2020,AL,Mobile County,1097,383,"3,561"
9/30/2020,2/1/2020,9/26/2020,AL,Tallapoosa County,1123,66,366
9/30/2020,2/1/2020,9/26/2020,AL,Tuscaloosa County,1125,197,"1,599"
9/30/2020,2/1/2020,9/26/2020,AL,Walker County,1127,64,703
9/30/2020,2/1/2020,9/26/2020,AR,Jefferson County,5069,76,663
9/30/2020,2/1/2020,9/26/2020,AR,Little River County,5081,23,113
9/30/2020,2/1/2020,9/26/2020,AZ,Pima County,4019,721,"8,438"
9/30/2020,2/1/2020,9/26/2020,CA,Inyo County,6027,14,132
9/30/2020,2/1/2020,9/26/2020,CA,Madera County,6039,80,699
9/30/2020,2/1/2020,9/26/2020,CA,San Francisco County,6075,110,"4,199"
9/30/2020,2/1/2020,9/26/2020,CA,Shasta County,6089,13,"1,612"
9/30/2020,2/1/2020,9/26/2020,CA,Solano County,6095,88,"2,316"
9/30/2020,2/1/2020,9/26/2020,CO,Jefferson County,8059,244,"3,439"
9/30/2020,2/1/2020,9/26/2020,CO,Weld County,8123,121,"1,194"
9/30/2020,2/1/2020,9/26/2020,FL,Citrus County,12017,75,"1,926"
9/30/2020,2/1/2020,9/26/2020,FL,Clay County,12019,99,"1,586"
9/30/2020,2/1/2020,9/26/2020,FL,Columbia County,12023,67,727
9/30/2020,2/1/2020,9/26/2020,FL,Duval County,12031,558,"7,406"
9/30/2020,2/1/2020,9/26/2020,FL,Manatee County,12081,320,"3,256"
9/30/2020,2/1/2020,9/26/2020,FL,Monroe County,12087,14,375
9/30/2020,2/1/2020,9/26/2020,FL,Suwannee County,12121,18,248
9/30/2020,2/1/2020,9/26/2020,FL,Washington County,12133,20,200
9/30/2020,2/1/2020,9/26/2020,GA,Candler County,13043,14,93
9/30/2020,2/1/2020,9/26/2020,GA,Carroll County,13045,67,825
9/30/2020,2/1/2020,9/26/2020,GA,Gordon County,13129,28,365
9/30/2020,2/1/2020,9/26/2020,GA,Jenkins County,13165,14,58
9/30/2020,2/1/2020,9/26/2020,GA,Lowndes County,13185,139,857
9/30/2020,2/1/2020,9/26/2020,GA,Newton County,13217,51,537
9/30/2020,2/1/2020,9/26/2020,GA,Troup County,13285,90,590
9/30/2020,2/1/2020,9/26/2020,IA,Dallas County,19049,35,300
9/30/2020,2/1/2020,9/26/2020,IA,Dubuque County,19061,43,651
9/30/2020,2/1/2020,9/26/2020,IA,Johnson County,19103,81,"1,237"
9/30/2020,2/1/2020,9/26/2020,IA,Washington County,19183,11,153
9/30/2020,2/1/2020,9/26/2020,ID,Nez Perce County,16069,23,378
9/30/2020,2/1/2020,9/26/2020,IL,Boone County,17007,11,226
9/30/2020,2/1/2020,9/26/2020,IL,Jackson County,17077,44,423
9/30/2020,2/1/2020,9/26/2020,IL,Kane County,17089,280,"2,525"
9/30/2020,2/1/2020,9/26/2020,IN,Floyd County,18043,82,750
9/30/2020,2/1/2020,9/26/2020,IN,Johnson County,18081,89,823
9/30/2020,2/1/2020,9/26/2020,IN,Knox County,18083,17,337
9/30/2020,2/1/2020,9/26/2020,IN,Marion County,18097,942,"7,580"
9/30/2020,2/1/2020,9/26/2020,IN,St. Joseph County,18141,108,"2,062"
9/30/2020,2/1/2020,9/26/2020,IN,Tipton County,18159,25,126
9/30/2020,2/1/2020,9/26/2020,IN,Warrick County,18173,31,648
9/30/2020,2/1/2020,9/26/2020,KS,Douglas County,20045,16,530
9/30/2020,2/1/2020,9/26/2020,AL,Barbour County,1005,10,182
9/30/2020,2/1/2020,9/26/2020,AL,Bibb County,1007,15,125
9/30/2020,2/1/2020,9/26/2020,AL,Cullman County,1043,27,683
9/30/2020,2/1/2020,9/26/2020,AL,Dale County,1045,52,344
9/30/2020,2/1/2020,9/26/2020,AL,Jefferson County,1073,565,"6,662"
9/30/2020,2/1/2020,9/26/2020,AL,Marion County,1093,23,270
9/30/2020,2/1/2020,9/26/2020,AL,Marshall County,1095,49,802
9/30/2020,2/1/2020,9/26/2020,AR,Benton County,5007,101,"1,282"
9/30/2020,2/1/2020,9/26/2020,AR,Faulkner County,5045,25,697
9/30/2020,2/1/2020,9/26/2020,AR,Garland County,5051,74,"1,211"
9/30/2020,2/1/2020,9/26/2020,AR,Pope County,5115,21,443
9/30/2020,2/1/2020,9/26/2020,AR,Randolph County,5121,10,113
9/30/2020,2/1/2020,9/26/2020,AZ,Coconino County,4005,126,853
9/30/2020,2/1/2020,9/26/2020,AZ,Mohave County,4015,186,"2,438"
9/30/2020,2/1/2020,9/26/2020,AZ,Yavapai County,4025,76,"2,145"
9/30/2020,2/1/2020,9/26/2020,CO,Pueblo County,8101,32,"1,444"
9/30/2020,2/1/2020,9/26/2020,CT,Tolland County,9013,47,470
9/30/2020,2/1/2020,9/26/2020,FL,Lake County,12069,203,"3,028"
9/30/2020,2/1/2020,9/26/2020,FL,Lee County,12071,442,"5,539"
9/30/2020,2/1/2020,9/26/2020,GA,Baldwin County,13009,58,336
9/30/2020,2/1/2020,9/26/2020,GA,Bibb County,13021,234,"2,014"
9/30/2020,2/1/2020,9/26/2020,GA,Bleckley County,13023,12,69
9/30/2020,2/1/2020,9/26/2020,GA,Colquitt County,13071,41,395
9/30/2020,2/1/2020,9/26/2020,GA,Columbia County,13073,14,432
9/30/2020,2/1/2020,9/26/2020,GA,Dougherty County,13095,201,"1,019"
9/30/2020,2/1/2020,9/26/2020,GA,Forsyth County,13117,62,"1,071"
9/30/2020,2/1/2020,9/26/2020,GA,Franklin County,13119,12,173
9/30/2020,2/1/2020,9/26/2020,GA,Tift County,13277,105,462
9/30/2020,2/1/2020,9/26/2020,HI,Hawaii County,15001,21,"1,156"
9/30/2020,2/1/2020,9/26/2020,IA,Black Hawk County,19013,91,950
9/30/2020,2/1/2020,9/26/2020,IA,Des Moines County,19057,13,315
9/30/2020,2/1/2020,9/26/2020,IA,Emmet County,19063,10,89
9/30/2020,2/1/2020,9/26/2020,ID,Twin Falls County,16083,53,652
9/30/2020,2/1/2020,9/26/2020,IL,Adams County,17001,15,640
9/30/2020,2/1/2020,9/26/2020,IL,Cass County,17017,10,58
9/30/2020,2/1/2020,9/26/2020,IL,Champaign County,17019,37,"1,204"
9/30/2020,2/1/2020,9/26/2020,IL,Coles County,17029,25,430
9/30/2020,2/1/2020,9/26/2020,IL,McDonough County,17109,16,202
9/30/2020,2/1/2020,9/26/2020,IL,Williamson County,17199,33,612
9/30/2020,2/1/2020,9/26/2020,IN,Allen County,18003,242,"3,132"
9/30/2020,2/1/2020,9/26/2020,IN,Daviess County,18027,14,195
9/30/2020,2/1/2020,9/26/2020,IN,Grant County,18053,30,520
9/30/2020,2/1/2020,9/26/2020,IN,Harrison County,18061,15,230
9/30/2020,2/1/2020,9/26/2020,IN,Howard County,18067,65,759
9/30/2020,2/1/2020,9/26/2020,IN,Orange County,18117,16,114
9/30/2020,2/1/2020,9/26/2020,IN,Porter County,18127,42,"1,123"
9/30/2020,2/1/2020,9/26/2020,IN,Vigo County,18167,52,962
9/30/2020,2/1/2020,9/26/2020,KS,Ford County,20057,14,157
9/30/2020,2/1/2020,9/26/2020,KY,Casey County,21045,10,97
9/30/2020,2/1/2020,9/26/2020,AL,Calhoun County,1015,82,"1,053"
9/30/2020,2/1/2020,9/26/2020,AL,DeKalb County,1049,16,458
9/30/2020,2/1/2020,9/26/2020,AL,Lee County,1081,129,898
9/30/2020,2/1/2020,9/26/2020,AL,Morgan County,1103,49,893
9/30/2020,2/1/2020,9/26/2020,AR,Independence County,5063,19,335
9/30/2020,2/1/2020,9/26/2020,AZ,Yuma County,4027,306,"1,538"
9/30/2020,2/1/2020,9/26/2020,CA,Butte County,6007,40,"1,465"
9/30/2020,2/1/2020,9/26/2020,CA,Kern County,6029,380,"4,559"
9/30/2020,2/1/2020,9/26/2020,CA,Napa County,6055,18,830
9/30/2020,2/1/2020,9/26/2020,CO,Mesa County,8077,18,"1,250"
9/30/2020,2/1/2020,9/26/2020,CT,Middlesex County,9007,178,975
9/30/2020,2/1/2020,9/26/2020,CT,New London County,9011,104,"1,445"
9/30/2020,2/1/2020,9/26/2020,FL,Bay County,12005,118,"1,401"
9/30/2020,2/1/2020,9/26/2020,FL,Putnam County,12107,23,569
9/30/2020,2/1/2020,9/26/2020,FL,St. Lucie County,12111,180,"2,491"
9/30/2020,2/1/2020,9/26/2020,GA,Barrow County,13013,19,292
9/30/2020,2/1/2020,9/26/2020,GA,Chatham County,13051,202,"2,507"
9/30/2020,2/1/2020,9/26/2020,GA,Early County,13099,14,95
9/30/2020,2/1/2020,9/26/2020,GA,Emanuel County,13107,32,177
9/30/2020,2/1/2020,9/26/2020,GA,Floyd County,13115,80,"1,143"
9/30/2020,2/1/2020,9/26/2020,GA,Gwinnett County,13135,310,"2,909"
9/30/2020,2/1/2020,9/26/2020,GA,Habersham County,13137,30,271
9/30/2020,2/1/2020,9/26/2020,GA,Laurens County,13175,73,574
9/30/2020,2/1/2020,9/26/2020,GA,Mitchell County,13205,15,138
9/30/2020,2/1/2020,9/26/2020,GA,Walker County,13295,11,382
9/30/2020,2/1/2020,9/26/2020,GA,Wayne County,13305,23,221
9/30/2020,2/1/2020,9/26/2020,IA,Franklin County,19069,10,78
9/30/2020,2/1/2020,9/26/2020,IA,Plymouth County,19149,15,142
9/30/2020,2/1/2020,9/26/2020,IA,Woodbury County,19193,110,862
9/30/2020,2/1/2020,9/26/2020,ID,Ada County,16001,203,"2,750"
9/30/2020,2/1/2020,9/26/2020,IL,DeKalb County,17037,32,549
9/30/2020,2/1/2020,9/26/2020,IL,Jefferson County,17081,25,415
9/30/2020,2/1/2020,9/26/2020,IL,Macon County,17115,40,881
9/30/2020,2/1/2020,9/26/2020,IL,Morgan County,17137,18,264
9/30/2020,2/1/2020,9/26/2020,IL,Whiteside County,17195,11,398
9/30/2020,2/1/2020,9/26/2020,IN,Clark County,18019,52,738
9/30/2020,2/1/2020,9/26/2020,IN,Hamilton County,18057,106,"1,411"
9/30/2020,2/1/2020,9/26/2020,IN,La Porte County,18091,44,828
9/30/2020,2/1/2020,9/26/2020,IN,Montgomery County,18107,18,230
9/30/2020,2/1/2020,9/26/2020,IN,Noble County,18113,24,267
9/30/2020,2/1/2020,9/26/2020,IN,Shelby County,18145,27,288
9/30/2020,2/1/2020,9/26/2020,KS,Shawnee County,20177,53,"1,523"
9/30/2020,2/1/2020,9/26/2020,KY,Barren County,21009,16,373
9/30/2020,2/1/2020,9/26/2020,KY,Laurel County,21125,11,417
9/30/2020,2/1/2020,9/26/2020,KY,Pulaski County,21199,11,608
9/30/2020,2/1/2020,9/26/2020,LA,Acadia Parish,22001,55,414
9/30/2020,2/1/2020,9/26/2020,LA,East Baton Rouge Parish,22033,728,"4,188"
9/30/2020,2/1/2020,9/26/2020,LA,East Feliciana Parish,22037,10,123
9/30/2020,2/1/2020,9/26/2020,LA,Pointe Coupee Parish,22077,18,156
9/30/2020,2/1/2020,9/26/2020,LA,Vernon Parish,22115,21,237
9/30/2020,2/1/2020,9/26/2020,LA,Winn Parish,22127,17,108
9/30/2020,2/1/2020,9/26/2020,MA,Middlesex County,25017,"1,870","8,738"
9/30/2020,2/1/2020,9/26/2020,MA,Norfolk County,25021,761,"4,209"
9/30/2020,2/1/2020,9/26/2020,ME,Cumberland County,23005,88,"2,615"
9/30/2020,2/1/2020,9/26/2020,MI,Alpena County,26007,15,274
9/30/2020,2/1/2020,9/26/2020,AK,Anchorage Borough,2020,29,"1,314"
9/30/2020,2/1/2020,9/26/2020,AL,Colbert County,1033,35,425
9/30/2020,2/1/2020,9/26/2020,AL,Dallas County,1047,42,339
9/30/2020,2/1/2020,9/26/2020,AL,Franklin County,1059,13,200
9/30/2020,2/1/2020,9/26/2020,AL,Houston County,1069,197,"1,364"
9/30/2020,2/1/2020,9/26/2020,AL,Jackson County,1071,14,430
9/30/2020,2/1/2020,9/26/2020,AL,Marengo County,1091,16,167
9/30/2020,2/1/2020,9/26/2020,AR,Saline County,5125,13,599
9/30/2020,2/1/2020,9/26/2020,CA,Alameda County,6001,379,"7,246"
9/30/2020,2/1/2020,9/26/2020,CA,Contra Costa County,6013,193,"5,398"
9/30/2020,2/1/2020,9/26/2020,CA,Monterey County,6053,61,"1,836"
9/30/2020,2/1/2020,9/26/2020,CA,Placer County,6061,82,"2,633"
9/30/2020,2/1/2020,9/26/2020,CA,San Mateo County,6081,160,"3,154"
9/30/2020,2/1/2020,9/26/2020,CA,Sonoma County,6097,119,"2,930"
9/30/2020,2/1/2020,9/26/2020,CA,Yuba County,6115,14,525
9/30/2020,2/1/2020,9/26/2020,CO,Arapahoe County,8005,403,"3,336"
9/30/2020,2/1/2020,9/26/2020,CT,New Haven County,9009,"1,094","6,056"
9/30/2020,2/1/2020,9/26/2020,CT,Windham County,9015,12,552
9/30/2020,2/1/2020,9/26/2020,FL,Broward County,12011,"1,605","12,094"
9/30/2020,2/1/2020,9/26/2020,FL,Leon County,12073,203,"2,138"
9/30/2020,2/1/2020,9/26/2020,FL,Palm Beach County,12099,"1,290","11,959"
9/30/2020,2/1/2020,9/26/2020,FL,St. Johns County,12109,33,"1,176"
9/30/2020,2/1/2020,9/26/2020,FL,Volusia County,12127,277,"5,381"
9/30/2020,2/1/2020,9/26/2020,GA,Bacon County,13005,15,108
9/30/2020,2/1/2020,9/26/2020,GA,Bartow County,13015,55,691
9/30/2020,2/1/2020,9/26/2020,GA,Butts County,13035,20,173
9/30/2020,2/1/2020,9/26/2020,GA,Douglas County,13097,37,536
9/30/2020,2/1/2020,9/26/2020,GA,Fayette County,13113,91,781
9/30/2020,2/1/2020,9/26/2020,GA,Fulton County,13121,622,"6,261"
9/30/2020,2/1/2020,9/26/2020,GA,Muscogee County,13215,239,"1,984"
9/30/2020,2/1/2020,9/26/2020,GA,Pickens County,13227,11,255
9/30/2020,2/1/2020,9/26/2020,GA,Rockdale County,13247,39,517
9/30/2020,2/1/2020,9/26/2020,GA,Tattnall County,13267,10,116
9/30/2020,2/1/2020,9/26/2020,GA,Walton County,13297,44,571
9/30/2020,2/1/2020,9/26/2020,HI,Maui County,15009,15,779
9/30/2020,2/1/2020,9/26/2020,IA,Linn County,19113,104,"1,372"
9/30/2020,2/1/2020,9/26/2020,IA,Muscatine County,19139,41,243
9/30/2020,2/1/2020,9/26/2020,ID,Canyon County,16027,75,"1,036"
9/30/2020,2/1/2020,9/26/2020,IL,Kankakee County,17091,72,871
9/30/2020,2/1/2020,9/26/2020,IL,McLean County,17113,24,897
9/30/2020,2/1/2020,9/26/2020,IL,St. Clair County,17163,155,"1,849"
9/30/2020,2/1/2020,9/26/2020,IL,Winnebago County,17201,160,"2,330"
9/30/2020,2/1/2020,9/26/2020,IN,Bartholomew County,18005,76,619
9/30/2020,2/1/2020,9/26/2020,IN,Clinton County,18023,12,232
9/30/2020,2/1/2020,9/26/2020,IN,Decatur County,18031,26,193
9/30/2020,2/1/2020,9/26/2020,IN,Greene County,18055,30,178
9/30/2020,2/1/2020,9/26/2020,IN,Hendricks County,18063,149,"1,099"
9/30/2020,2/1/2020,9/26/2020,IN,Jackson County,18071,10,294
9/30/2020,2/1/2020,9/26/2020,IN,Monroe County,18105,57,928
9/30/2020,2/1/2020,9/26/2020,IN,Morgan County,18109,32,377
9/30/2020,2/1/2020,9/26/2020,KS,Lyon County,20111,25,183
9/30/2020,2/1/2020,9/26/2020,KY,Campbell County,21037,70,539
9/30/2020,2/1/2020,9/26/2020,KY,Christian County,21047,10,333
9/30/2020,2/1/2020,9/26/2020,KY,Fayette County,21067,87,"3,329"
9/30/2020,2/1/2020,9/26/2020,KY,Graves County,21083,34,281
9/30/2020,2/1/2020,9/26/2020,KY,Hardin County,21093,10,712
9/30/2020,2/1/2020,9/26/2020,KY,Hopkins County,21107,37,466
9/30/2020,2/1/2020,9/26/2020,KY,Jefferson County,21111,434,"7,024"
9/30/2020,2/1/2020,9/26/2020,KY,Warren County,21227,99,"1,082"
9/30/2020,2/1/2020,9/26/2020,LA,Allen Parish,22003,15,150
9/30/2020,2/1/2020,9/26/2020,LA,St. Tammany Parish,22103,255,"1,933"
9/30/2020,2/1/2020,9/26/2020,MA,Bristol County,25005,548,"3,724"
9/30/2020,2/1/2020,9/26/2020,MA,Hampshire County,25015,112,895
9/30/2020,2/1/2020,9/26/2020,MD,Charles County,24017,86,731
9/30/2020,2/1/2020,9/26/2020,MD,Frederick County,24021,131,"1,397"
9/30/2020,2/1/2020,9/26/2020,MD,Wicomico County,24045,68,992
9/30/2020,2/1/2020,9/26/2020,ME,Waldo County,23027,16,203
9/30/2020,2/1/2020,9/26/2020,MI,Jackson County,26075,84,"1,266"
9/30/2020,2/1/2020,9/26/2020,AL,Autauga County,1001,25,338
9/30/2020,2/1/2020,9/26/2020,AL,Baldwin County,1003,69,"1,427"
9/30/2020,2/1/2020,9/26/2020,AL,Crenshaw County,1041,24,143
9/30/2020,2/1/2020,9/26/2020,AL,Madison County,1089,131,"2,750"
9/30/2020,2/1/2020,9/26/2020,AR,Craighead County,5031,94,"1,381"
9/30/2020,2/1/2020,9/26/2020,AR,Newton County,5101,13,72
9/30/2020,2/1/2020,9/26/2020,AR,Union County,5139,36,364
9/30/2020,2/1/2020,9/26/2020,AZ,Apache County,4001,42,355
9/30/2020,2/1/2020,9/26/2020,AZ,Cochise County,4003,30,727
9/30/2020,2/1/2020,9/26/2020,AZ,Maricopa County,4013,"3,309","29,199"
9/30/2020,2/1/2020,9/26/2020,AZ,Pinal County,4021,81,"1,845"
9/30/2020,2/1/2020,9/26/2020,CA,Merced County,6047,77,"1,075"
9/30/2020,2/1/2020,9/26/2020,CA,San Joaquin County,6077,411,"4,070"
9/30/2020,2/1/2020,9/26/2020,CA,Santa Barbara County,6083,120,"2,236"
9/30/2020,2/1/2020,9/26/2020,CA,Yolo County,6113,41,796
9/30/2020,2/1/2020,9/26/2020,CO,Adams County,8001,280,"2,618"
9/30/2020,2/1/2020,9/26/2020,CO,Boulder County,8013,83,"1,633"
9/30/2020,2/1/2020,9/26/2020,CO,Douglas County,8035,67,"1,160"
9/30/2020,2/1/2020,9/26/2020,CO,Larimer County,8069,66,"1,795"
9/30/2020,2/1/2020,9/26/2020,CT,Fairfield County,9001,"1,433","5,351"
9/30/2020,2/1/2020,9/26/2020,DE,New Castle County,10003,272,"3,565"
9/30/2020,2/1/2020,9/26/2020,DE,Sussex County,10005,183,"1,815"
9/30/2020,2/1/2020,9/26/2020,FL,Escambia County,12033,308,"3,399"
9/30/2020,2/1/2020,9/26/2020,FL,Hendry County,12051,16,138
9/30/2020,2/1/2020,9/26/2020,FL,Hernando County,12053,122,"2,073"
9/30/2020,2/1/2020,9/26/2020,FL,Jackson County,12063,50,400
9/30/2020,2/1/2020,9/26/2020,FL,Miami-Dade County,12086,"3,060","17,353"
9/30/2020,2/1/2020,9/26/2020,FL,Okaloosa County,12091,117,"1,398"
9/30/2020,2/1/2020,9/26/2020,FL,Okeechobee County,12093,23,298
9/30/2020,2/1/2020,9/26/2020,FL,Pasco County,12101,169,"4,463"
9/30/2020,2/1/2020,9/26/2020,FL,Seminole County,12117,161,"2,463"
9/30/2020,2/1/2020,9/26/2020,FL,Sumter County,12119,73,"1,665"
9/30/2020,2/1/2020,9/26/2020,GA,Cherokee County,13057,49,893
9/30/2020,2/1/2020,9/26/2020,GA,Clarke County,13059,108,"1,106"
9/30/2020,2/1/2020,9/26/2020,GA,Clayton County,13063,58,935
9/30/2020,2/1/2020,9/26/2020,GA,Decatur County,13087,13,207
9/30/2020,2/1/2020,9/26/2020,GA,Dodge County,13091,12,133
9/30/2020,2/1/2020,9/26/2020,GA,Henry County,13151,99,"1,313"
9/30/2020,2/1/2020,9/26/2020,GA,Houston County,13153,68,884
9/30/2020,2/1/2020,9/26/2020,GA,Putnam County,13237,12,124
9/30/2020,2/1/2020,9/26/2020,GA,Spalding County,13255,88,797
9/30/2020,2/1/2020,9/26/2020,GA,Toombs County,13279,52,364
9/30/2020,2/1/2020,9/26/2020,GA,Whitfield County,13313,50,601
9/30/2020,2/1/2020,9/26/2020,IA,Mahaska County,19123,18,166
9/30/2020,2/1/2020,9/26/2020,IA,Polk County,19153,330,"3,497"
9/30/2020,2/1/2020,9/26/2020,IA,Poweshiek County,19157,10,135
9/30/2020,2/1/2020,9/26/2020,ID,Kootenai County,16055,40,"1,220"
9/30/2020,2/1/2020,9/26/2020,IL,Lake County,17097,396,"3,988"
9/30/2020,2/1/2020,9/26/2020,IL,LaSalle County,17099,44,713
9/30/2020,2/1/2020,9/26/2020,IL,Sangamon County,17167,67,"1,890"
9/30/2020,2/1/2020,9/26/2020,IN,Boone County,18011,44,342
9/30/2020,2/1/2020,9/26/2020,IN,Dearborn County,18029,36,280
9/30/2020,2/1/2020,9/26/2020,IN,Dubois County,18037,14,333
9/30/2020,2/1/2020,9/26/2020,IN,Elkhart County,18039,109,"1,275"
9/30/2020,2/1/2020,9/26/2020,IN,Henry County,18065,11,321
9/30/2020,2/1/2020,9/26/2020,IN,Perry County,18123,12,119
9/30/2020,2/1/2020,9/26/2020,IN,Vanderburgh County,18163,67,"1,841"
9/30/2020,2/1/2020,9/26/2020,KS,Finney County,20055,19,168
9/30/2020,2/1/2020,9/26/2020,KY,Boone County,21015,10,513
9/30/2020,2/1/2020,9/26/2020,KY,Franklin County,21073,16,381
9/30/2020,2/1/2020,9/26/2020,KY,Kenton County,21117,48,"1,152"
9/30/2020,2/1/2020,9/26/2020,AL,Montgomery County,1101,323,"2,165"
9/30/2020,2/1/2020,9/26/2020,AL,Talladega County,1121,24,574
9/30/2020,2/1/2020,9/26/2020,AR,Columbia County,5027,14,183
9/30/2020,2/1/2020,9/26/2020,AR,Mississippi County,5093,20,255
9/30/2020,2/1/2020,9/26/2020,AR,Pulaski County,5119,237,"4,306"
9/30/2020,2/1/2020,9/26/2020,AR,Sebastian County,5131,79,"1,517"
9/30/2020,2/1/2020,9/26/2020,AZ,Gila County,4007,27,491
9/30/2020,2/1/2020,9/26/2020,AZ,Graham County,4009,22,218
9/30/2020,2/1/2020,9/26/2020,CA,Imperial County,6025,178,843
9/30/2020,2/1/2020,9/26/2020,CA,Kings County,6031,111,683
9/30/2020,2/1/2020,9/26/2020,CA,Los Angeles County,6037,"5,706","50,152"
9/30/2020,2/1/2020,9/26/2020,CA,Orange County,6059,"1,209","14,907"
9/30/2020,2/1/2020,9/26/2020,CA,San Bernardino County,6071,"1,061","11,314"
9/30/2020,2/1/2020,9/26/2020,CA,San Diego County,6073,942,"16,045"
9/30/2020,2/1/2020,9/26/2020,CA,Santa Cruz County,6087,13,"1,088"
9/30/2020,2/1/2020,9/26/2020,CA,Tulare County,6107,257,"2,268"
9/30/2020,2/1/2020,9/26/2020,CO,Broomfield County,8014,23,233
9/30/2020,2/1/2020,9/26/2020,CO,El Paso County,8041,175,"3,676"
9/30/2020,2/1/2020,9/26/2020,CO,Montrose County,8085,14,283
9/30/2020,2/1/2020,9/26/2020,CO,Morgan County,8087,40,184
9/30/2020,2/1/2020,9/26/2020,CT,Hartford County,9003,"1,411","6,418"
9/30/2020,2/1/2020,9/26/2020,CT,Litchfield County,9005,131,986
9/30/2020,2/1/2020,9/26/2020,FL,Alachua County,12001,183,"2,574"
9/30/2020,2/1/2020,9/26/2020,FL,Charlotte County,12015,135,"2,123"
9/30/2020,2/1/2020,9/26/2020,FL,Martin County,12085,210,"1,536"
9/30/2020,2/1/2020,9/26/2020,FL,Nassau County,12089,14,474
9/30/2020,2/1/2020,9/26/2020,GA,Bulloch County,13031,38,470
9/30/2020,2/1/2020,9/26/2020,GA,Crisp County,13081,23,223
9/30/2020,2/1/2020,9/26/2020,GA,Glynn County,13127,100,825
9/30/2020,2/1/2020,9/26/2020,GA,Hall County,13139,212,"1,894"
9/30/2020,2/1/2020,9/26/2020,GA,Stephens County,13257,24,232
9/30/2020,2/1/2020,9/26/2020,GA,Union County,13291,14,222
9/30/2020,2/1/2020,9/26/2020,GA,Upson County,13293,81,391
9/30/2020,2/1/2020,9/26/2020,GA,Washington County,13303,10,115
9/30/2020,2/1/2020,9/26/2020,IA,Cerro Gordo County,19033,27,482
9/30/2020,2/1/2020,9/26/2020,IA,Wapello County,19179,39,285
9/30/2020,2/1/2020,9/26/2020,IL,DuPage County,17043,518,"5,183"
9/30/2020,2/1/2020,9/26/2020,IN,Lake County,18089,427,"4,378"
9/30/2020,2/1/2020,9/26/2020,IN,Marshall County,18099,28,316
9/30/2020,2/1/2020,9/26/2020,IN,Tippecanoe County,18157,44,"1,064"
9/30/2020,2/1/2020,9/26/2020,KS,Johnson County,20091,157,"2,864"
9/30/2020,2/1/2020,9/26/2020,KY,Daviess County,21059,36,873
9/30/2020,2/1/2020,9/26/2020,LA,Jefferson Parish,22051,775,"4,078"
9/30/2020,2/1/2020,9/26/2020,LA,Natchitoches Parish,22069,16,220
9/30/2020,2/1/2020,9/26/2020,LA,Rapides Parish,22079,212,"1,480"
9/30/2020,2/1/2020,9/26/2020,LA,Union Parish,22111,21,172
9/30/2020,2/1/2020,9/26/2020,LA,Washington Parish,22117,30,322
9/30/2020,2/1/2020,9/26/2020,MA,Plymouth County,25023,612,"3,421"
9/30/2020,2/1/2020,9/26/2020,MD,Calvert County,24009,15,422
9/30/2020,2/1/2020,9/26/2020,ME,Androscoggin County,23001,11,919
9/30/2020,2/1/2020,9/26/2020,ME,Kennebec County,23011,11,935
9/30/2020,2/1/2020,9/26/2020,AL,Blount County,1009,10,339
9/30/2020,2/1/2020,9/26/2020,AL,Clay County,1027,21,119
9/30/2020,2/1/2020,9/26/2020,AL,Limestone County,1083,29,532
9/30/2020,2/1/2020,9/26/2020,AL,St. Clair County,1115,35,542
9/30/2020,2/1/2020,9/26/2020,AL,Washington County,1129,10,89
9/30/2020,2/1/2020,9/26/2020,AR,Crittenden County,5035,17,242
9/30/2020,2/1/2020,9/26/2020,AR,Howard County,5061,10,109
9/30/2020,2/1/2020,9/26/2020,AR,Washington County,5143,125,"1,598"
9/30/2020,2/1/2020,9/26/2020,CA,Amador County,6005,27,293
9/30/2020,2/1/2020,9/26/2020,CA,Fresno County,6019,377,"5,489"
9/30/2020,2/1/2020,9/26/2020,CA,Marin County,6041,87,"1,343"
9/30/2020,2/1/2020,9/26/2020,CA,Mendocino County,6045,14,552
9/30/2020,2/1/2020,9/26/2020,CA,Riverside County,6065,"1,249","12,878"
9/30/2020,2/1/2020,9/26/2020,CA,Sacramento County,6067,376,"8,528"
9/30/2020,2/1/2020,9/26/2020,CA,San Luis Obispo County,6079,27,"1,535"
9/30/2020,2/1/2020,9/26/2020,CA,Santa Clara County,6085,299,"7,638"
9/30/2020,2/1/2020,9/26/2020,CA,Ventura County,6111,156,"3,935"
9/30/2020,2/1/2020,9/26/2020,CO,Chaffee County,8015,17,130
9/30/2020,2/1/2020,9/26/2020,DE,Kent County,10001,108,"1,280"
9/30/2020,2/1/2020,9/26/2020,FL,Collier County,12021,244,"2,699"
9/30/2020,2/1/2020,9/26/2020,FL,Flagler County,12035,34,"1,024"
9/30/2020,2/1/2020,9/26/2020,FL,Hillsborough County,12057,747,"8,941"
9/30/2020,2/1/2020,9/26/2020,FL,Indian River County,12061,84,"1,579"
9/30/2020,2/1/2020,9/26/2020,FL,Orange County,12095,594,"7,345"
9/30/2020,2/1/2020,9/26/2020,FL,Polk County,12105,492,"5,313"
9/30/2020,2/1/2020,9/26/2020,FL,Sarasota County,12115,280,"4,395"
9/30/2020,2/1/2020,9/26/2020,GA,Appling County,13001,15,109
9/30/2020,2/1/2020,9/26/2020,GA,Ben Hill County,13017,19,138
9/30/2020,2/1/2020,9/26/2020,GA,Coffee County,13069,41,283
9/30/2020,2/1/2020,9/26/2020,GA,Coweta County,13077,36,684
9/30/2020,2/1/2020,9/26/2020,GA,DeKalb County,13089,259,"3,390"
9/30/2020,2/1/2020,9/26/2020,GA,Jeff Davis County,13161,14,121
9/30/2020,2/1/2020,9/26/2020,GA,Monroe County,13207,21,190
9/30/2020,2/1/2020,9/26/2020,GA,Pulaski County,13235,21,79
9/30/2020,2/1/2020,9/26/2020,GA,Richmond County,13245,313,"2,703"
9/30/2020,2/1/2020,9/26/2020,GA,Sumter County,13261,44,245
9/30/2020,2/1/2020,9/26/2020,IA,Clinton County,19045,24,313
9/30/2020,2/1/2020,9/26/2020,IA,Marshall County,19127,23,299
9/30/2020,2/1/2020,9/26/2020,IA,Pottawattamie County,19155,34,668
9/30/2020,2/1/2020,9/26/2020,IA,Scott County,19163,28,"1,241"
9/30/2020,2/1/2020,9/26/2020,IA,Tama County,19171,18,104
9/30/2020,2/1/2020,9/26/2020,IA,Webster County,19187,24,348
9/30/2020,2/1/2020,9/26/2020,ID,Bonneville County,16019,24,812
9/30/2020,2/1/2020,9/26/2020,IL,Cook County,17031,"4,993","33,676"
9/30/2020,2/1/2020,9/26/2020,IL,Madison County,17119,91,"1,825"
9/30/2020,2/1/2020,9/26/2020,IL,Will County,17197,307,"3,278"
9/30/2020,2/1/2020,9/26/2020,IN,Delaware County,18035,68,"1,081"
9/30/2020,2/1/2020,9/26/2020,IN,Hancock County,18059,32,439
9/30/2020,2/1/2020,9/26/2020,IN,Lawrence County,18093,30,311
9/30/2020,2/1/2020,9/26/2020,KS,Ellis County,20051,11,228
9/30/2020,2/1/2020,9/26/2020,KS,Wyandotte County,20209,143,"1,377"
9/30/2020,2/1/2020,9/26/2020,KY,Boyd County,21019,18,739
9/30/2020,2/1/2020,9/26/2020,KY,Shelby County,21211,13,171
9/30/2020,2/1/2020,9/26/2020,LA,De Soto Parish,22031,12,107
9/30/2020,2/1/2020,9/26/2020,LA,Evangeline Parish,22039,20,226
9/30/2020,2/1/2020,9/26/2020,LA,Iberia Parish,22045,57,562
9/30/2020,2/1/2020,9/26/2020,LA,St. Charles Parish,22089,30,254
9/30/2020,2/1/2020,9/26/2020,LA,Orleans Parish,22071,423,"2,934"
9/30/2020,2/1/2020,9/26/2020,LA,Ouachita Parish,22073,207,"1,404"
9/30/2020,2/1/2020,9/26/2020,LA,St. Landry Parish,22097,100,668
9/30/2020,2/1/2020,9/26/2020,LA,Webster Parish,22119,14,302
9/30/2020,2/1/2020,9/26/2020,MA,Berkshire County,25003,41,"1,038"
9/30/2020,2/1/2020,9/26/2020,MD,Allegany County,24001,24,712
9/30/2020,2/1/2020,9/26/2020,MD,Howard County,24027,95,"1,252"
9/30/2020,2/1/2020,9/26/2020,MD,St. Mary's County,24037,72,601
9/30/2020,2/1/2020,9/26/2020,MI,Berrien County,26021,72,"1,156"
9/30/2020,2/1/2020,9/26/2020,MI,Gratiot County,26057,16,301
9/30/2020,2/1/2020,9/26/2020,MI,Shiawassee County,26155,19,468
9/30/2020,2/1/2020,9/26/2020,MI,Tuscola County,26157,12,304
9/30/2020,2/1/2020,9/26/2020,MO,Camden County,29029,10,377
9/30/2020,2/1/2020,9/26/2020,MO,Jefferson County,29099,40,"1,006"
9/30/2020,2/1/2020,9/26/2020,MO,Pemiscot County,29155,12,136
9/30/2020,2/1/2020,9/26/2020,MS,Alcorn County,28003,31,392
9/30/2020,2/1/2020,9/26/2020,MS,Holmes County,28051,18,123
9/30/2020,2/1/2020,9/26/2020,MS,Lafayette County,28071,94,559
9/30/2020,2/1/2020,9/26/2020,MS,Madison County,28089,53,702
9/30/2020,2/1/2020,9/26/2020,MS,Rankin County,28121,37,700
9/30/2020,2/1/2020,9/26/2020,MT,Flathead County,30029,22,746
9/30/2020,2/1/2020,9/26/2020,NC,Craven County,37049,24,671
9/30/2020,2/1/2020,9/26/2020,NC,Lenoir County,37107,16,329
9/30/2020,2/1/2020,9/26/2020,NC,Mecklenburg County,37119,252,"4,399"
9/30/2020,2/1/2020,9/26/2020,NC,Orange County,37135,65,751
9/30/2020,2/1/2020,9/26/2020,NC,Randolph County,37151,19,699
9/30/2020,2/1/2020,9/26/2020,NC,Vance County,37181,45,316
9/30/2020,2/1/2020,9/26/2020,NE,Perkins County,31135,10,30
9/30/2020,2/1/2020,9/26/2020,NH,Merrimack County,33013,24,"1,057"
9/30/2020,2/1/2020,9/26/2020,NJ,Cape May County,34009,76,797
9/30/2020,2/1/2020,9/26/2020,NJ,Passaic County,34031,990,"3,424"
9/30/2020,2/1/2020,9/26/2020,NM,McKinley County,35031,93,414
9/30/2020,2/1/2020,9/26/2020,NM,Santa Fe County,35049,13,881
9/30/2020,2/1/2020,9/26/2020,NY,Onondaga County,36067,247,"3,821"
9/30/2020,2/1/2020,9/26/2020,NY,Rensselaer County,36083,41,"1,021"
9/30/2020,2/1/2020,9/26/2020,NY,Steuben County,36101,36,657
9/30/2020,2/1/2020,9/26/2020,NY,Suffolk County,36103,"2,700","11,142"
9/30/2020,2/1/2020,9/26/2020,NY,Warren County,36113,43,659
9/30/2020,2/1/2020,9/26/2020,OH,Clark County,39023,31,"1,078"
9/30/2020,2/1/2020,9/26/2020,OH,Miami County,39109,33,656
9/30/2020,2/1/2020,9/26/2020,OH,Trumbull County,39155,77,"1,395"
9/30/2020,2/1/2020,9/26/2020,OH,Washington County,39167,27,549
9/30/2020,2/1/2020,9/26/2020,OK,Comanche County,40031,19,670
9/30/2020,2/1/2020,9/26/2020,OK,McCurtain County,40089,10,206
9/30/2020,2/1/2020,9/26/2020,OR,Clackamas County,41005,50,"2,296"
9/30/2020,2/1/2020,9/26/2020,OR,Lincoln County,41041,12,360
9/30/2020,2/1/2020,9/26/2020,PA,Armstrong County,42005,14,422
9/30/2020,2/1/2020,9/26/2020,PA,Blair County,42013,25,"1,269"
9/30/2020,2/1/2020,9/26/2020,PA,Union County,42119,10,296
9/30/2020,2/1/2020,9/26/2020,PA,York County,42133,149,"2,911"
9/30/2020,2/1/2020,9/26/2020,SC,Hampton County,45049,20,132
9/30/2020,2/1/2020,9/26/2020,SC,Lexington County,45063,160,"2,064"
9/30/2020,2/1/2020,9/26/2020,KY,Boyle County,21021,23,342
9/30/2020,2/1/2020,9/26/2020,LA,Beauregard Parish,22011,26,210
9/30/2020,2/1/2020,9/26/2020,LA,Caddo Parish,22017,489,"2,789"
9/30/2020,2/1/2020,9/26/2020,LA,Jefferson Davis Parish,22053,37,261
9/30/2020,2/1/2020,9/26/2020,LA,Lafayette Parish,22055,231,"1,865"
9/30/2020,2/1/2020,9/26/2020,LA,Livingston Parish,22063,15,508
9/30/2020,2/1/2020,9/26/2020,LA,St. James Parish,22093,16,99
9/30/2020,2/1/2020,9/26/2020,LA,St. John the Baptist Parish,22095,33,201
9/30/2020,2/1/2020,9/26/2020,LA,Vermilion Parish,22113,20,358
9/30/2020,2/1/2020,9/26/2020,MA,Franklin County,25011,36,391
9/30/2020,2/1/2020,9/26/2020,MA,Suffolk County,25025,"1,271","6,296"
9/30/2020,2/1/2020,9/26/2020,MA,Worcester County,25027,985,"5,688"
9/30/2020,2/1/2020,9/26/2020,MD,Anne Arundel County,24003,311,"3,261"
9/30/2020,2/1/2020,9/26/2020,MD,Baltimore County,24005,667,"6,225"
9/30/2020,2/1/2020,9/26/2020,MD,Kent County,24029,30,218
9/30/2020,2/1/2020,9/26/2020,MI,Hillsdale County,26059,23,302
9/30/2020,2/1/2020,9/26/2020,MI,St. Clair County,26147,45,"1,143"
9/30/2020,2/1/2020,9/26/2020,MN,Sherburne County,27141,11,348
9/30/2020,2/1/2020,9/26/2020,MO,Buchanan County,29021,12,689
9/30/2020,2/1/2020,9/26/2020,MO,Butler County,29023,15,467
9/30/2020,2/1/2020,9/26/2020,MO,Jasper County,29097,24,604
9/30/2020,2/1/2020,9/26/2020,MO,St. Louis city,29510,228,"3,230"
9/30/2020,2/1/2020,9/26/2020,MS,Attala County,28007,13,168
9/30/2020,2/1/2020,9/26/2020,MS,Tishomingo County,28141,22,178
9/30/2020,2/1/2020,9/26/2020,MS,Washington County,28151,79,505
9/30/2020,2/1/2020,9/26/2020,MS,Wayne County,28153,19,140
9/30/2020,2/1/2020,9/26/2020,MT,Yellowstone County,30111,86,"1,351"
9/30/2020,2/1/2020,9/26/2020,NC,Columbus County,37047,18,390
9/30/2020,2/1/2020,9/26/2020,NC,Cumberland County,37051,73,"1,602"
9/30/2020,2/1/2020,9/26/2020,NC,Robeson County,37155,49,699
9/30/2020,2/1/2020,9/26/2020,NC,Scotland County,37165,12,304
9/30/2020,2/1/2020,9/26/2020,NC,Stanly County,37167,14,362
9/30/2020,2/1/2020,9/26/2020,NC,Wilson County,37195,37,503
9/30/2020,2/1/2020,9/26/2020,NJ,Bergen County,34003,"2,057","7,250"
9/30/2020,2/1/2020,9/26/2020,NM,San Juan County,35045,188,862
9/30/2020,2/1/2020,9/26/2020,NY,Erie County,36029,722,"7,473"
9/30/2020,2/1/2020,9/26/2020,NY,Herkimer County,36043,13,328
9/30/2020,2/1/2020,9/26/2020,NY,Niagara County,36063,79,"1,508"
9/30/2020,2/1/2020,9/26/2020,NY,Oneida County,36065,132,"1,929"
9/30/2020,2/1/2020,9/26/2020,NY,Sullivan County,36105,43,449
9/30/2020,2/1/2020,9/26/2020,NY,Tioga County,36107,18,211
9/30/2020,2/1/2020,9/26/2020,NY,Ulster County,36111,59,952
9/30/2020,2/1/2020,9/26/2020,OH,Allen County,39003,74,978
9/30/2020,2/1/2020,9/26/2020,OH,Erie County,39043,37,761
9/30/2020,2/1/2020,9/26/2020,OH,Fairfield County,39045,39,930
9/30/2020,2/1/2020,9/26/2020,OH,Hamilton County,39061,308,"6,803"
9/30/2020,2/1/2020,9/26/2020,OH,Montgomery County,39113,207,"5,132"
9/30/2020,2/1/2020,9/26/2020,OH,Summit County,39153,218,"4,229"
9/30/2020,2/1/2020,9/26/2020,OH,Wayne County,39169,62,744
9/30/2020,2/1/2020,9/26/2020,OK,Delaware County,40041,20,311
9/30/2020,2/1/2020,9/26/2020,OK,Muskogee County,40101,38,624
9/30/2020,2/1/2020,9/26/2020,OK,Pittsburg County,40121,15,349
9/30/2020,2/1/2020,9/26/2020,MI,Lapeer County,26087,33,583
9/30/2020,2/1/2020,9/26/2020,MI,Washtenaw County,26161,269,"2,720"
9/30/2020,2/1/2020,9/26/2020,MN,Anoka County,27003,158,"1,516"
9/30/2020,2/1/2020,9/26/2020,MN,Hennepin County,27053,933,"7,693"
9/30/2020,2/1/2020,9/26/2020,MN,Olmsted County,27109,43,"1,370"
9/30/2020,2/1/2020,9/26/2020,MN,Ramsey County,27123,408,"3,795"
9/30/2020,2/1/2020,9/26/2020,MO,Gasconade County,29073,13,133
9/30/2020,2/1/2020,9/26/2020,MS,Adams County,28001,41,287
9/30/2020,2/1/2020,9/26/2020,MS,Bolivar County,28011,36,253
9/30/2020,2/1/2020,9/26/2020,MS,Copiah County,28029,12,165
9/30/2020,2/1/2020,9/26/2020,MS,DeSoto County,28033,110,"1,068"
9/30/2020,2/1/2020,9/26/2020,MS,Lauderdale County,28075,239,"1,076"
9/30/2020,2/1/2020,9/26/2020,MS,Lincoln County,28085,44,295
9/30/2020,2/1/2020,9/26/2020,MS,Monroe County,28095,48,277
9/30/2020,2/1/2020,9/26/2020,NC,Cabarrus County,37025,64,"1,103"
9/30/2020,2/1/2020,9/26/2020,NC,Cleveland County,37045,24,651
9/30/2020,2/1/2020,9/26/2020,NC,Forsyth County,37067,106,"2,826"
9/30/2020,2/1/2020,9/26/2020,NE,Dakota County,31043,10,77
9/30/2020,2/1/2020,9/26/2020,NE,Hall County,31079,37,352
9/30/2020,2/1/2020,9/26/2020,NE,Lancaster County,31109,50,"1,876"
9/30/2020,2/1/2020,9/26/2020,NJ,Burlington County,34005,433,"2,740"
9/30/2020,2/1/2020,9/26/2020,NJ,Ocean County,34029,829,"5,242"
9/30/2020,2/1/2020,9/26/2020,NJ,Somerset County,34035,397,"1,880"
9/30/2020,2/1/2020,9/26/2020,NM,Bernalillo County,35001,343,"5,083"
9/30/2020,2/1/2020,9/26/2020,NM,Sandoval County,35043,83,914
9/30/2020,2/1/2020,9/26/2020,NY,Broome County,36007,101,"1,672"
9/30/2020,2/1/2020,9/26/2020,NY,Orleans County,36073,44,229
9/30/2020,2/1/2020,9/26/2020,NY,Otsego County,36077,13,560
9/30/2020,2/1/2020,9/26/2020,NY,Rockland County,36087,655,"2,129"
9/30/2020,2/1/2020,9/26/2020,OH,Geauga County,39055,51,605
9/30/2020,2/1/2020,9/26/2020,OH,Richland County,39139,19,937
9/30/2020,2/1/2020,9/26/2020,OH,Ross County,39141,10,627
9/30/2020,2/1/2020,9/26/2020,OK,Cleveland County,40027,79,"1,279"
9/30/2020,2/1/2020,9/26/2020,OR,Deschutes County,41017,20,"1,098"
9/30/2020,2/1/2020,9/26/2020,OR,Multnomah County,41051,169,"4,450"
9/30/2020,2/1/2020,9/26/2020,OR,Washington County,41067,75,"2,390"
9/30/2020,2/1/2020,9/26/2020,PA,Bucks County,42017,581,"4,404"
9/30/2020,2/1/2020,9/26/2020,PA,Erie County,42049,46,"2,169"
9/30/2020,2/1/2020,9/26/2020,PA,Lackawanna County,42069,240,"2,165"
9/30/2020,2/1/2020,9/26/2020,PA,Lawrence County,42073,20,709
9/30/2020,2/1/2020,9/26/2020,PA,Susquehanna County,42115,34,300
9/30/2020,2/1/2020,9/26/2020,PA,Washington County,42125,24,"1,588"
9/30/2020,2/1/2020,9/26/2020,PA,Wayne County,42127,12,369
9/30/2020,2/1/2020,9/26/2020,MI,Kent County,26081,167,"4,169"
9/30/2020,2/1/2020,9/26/2020,MI,Macomb County,26099,695,"5,925"
9/30/2020,2/1/2020,9/26/2020,MI,Monroe County,26115,11,794
9/30/2020,2/1/2020,9/26/2020,MN,Nicollet County,27103,11,122
9/30/2020,2/1/2020,9/26/2020,MN,St. Louis County,27137,57,"1,820"
9/30/2020,2/1/2020,9/26/2020,MN,Scott County,27139,22,455
9/30/2020,2/1/2020,9/26/2020,MN,Stearns County,27145,36,"1,172"
9/30/2020,2/1/2020,9/26/2020,MN,Winona County,27169,19,241
9/30/2020,2/1/2020,9/26/2020,MO,Franklin County,29071,29,616
9/30/2020,2/1/2020,9/26/2020,MO,Marion County,29127,11,249
9/30/2020,2/1/2020,9/26/2020,MO,Scott County,29201,14,298
9/30/2020,2/1/2020,9/26/2020,MO,Taney County,29213,21,370
9/30/2020,2/1/2020,9/26/2020,MS,Leake County,28079,12,119
9/30/2020,2/1/2020,9/26/2020,MS,Montgomery County,28097,11,95
9/30/2020,2/1/2020,9/26/2020,MS,Neshoba County,28099,18,207
9/30/2020,2/1/2020,9/26/2020,MS,Simpson County,28127,25,194
9/30/2020,2/1/2020,9/26/2020,MS,Webster County,28155,13,95
9/30/2020,2/1/2020,9/26/2020,NC,Alamance County,37001,18,869
9/30/2020,2/1/2020,9/26/2020,NC,Burke County,37023,34,549
9/30/2020,2/1/2020,9/26/2020,NC,Davidson County,37057,18,802
9/30/2020,2/1/2020,9/26/2020,NC,Durham County,37063,140,"1,937"
9/30/2020,2/1/2020,9/26/2020,NC,Edgecombe County,37065,11,314
9/30/2020,2/1/2020,9/26/2020,NC,McDowell County,37111,11,200
9/30/2020,2/1/2020,9/26/2020,NC,Rowan County,37159,54,865
9/30/2020,2/1/2020,9/26/2020,NE,Adams County,31001,14,206
9/30/2020,2/1/2020,9/26/2020,NJ,Atlantic County,34001,210,"2,130"
9/30/2020,2/1/2020,9/26/2020,NJ,Camden County,34007,565,"4,543"
9/30/2020,2/1/2020,9/26/2020,NJ,Sussex County,34037,158,895
9/30/2020,2/1/2020,9/26/2020,NJ,Union County,34039,994,"3,779"
9/30/2020,2/1/2020,9/26/2020,NM,Dona Ana County,35013,42,"1,278"
9/30/2020,2/1/2020,9/26/2020,NY,Dutchess County,36027,200,"1,932"
9/30/2020,2/1/2020,9/26/2020,NY,Madison County,36053,12,353
9/30/2020,2/1/2020,9/26/2020,NY,Monroe County,36055,344,"5,605"
9/30/2020,2/1/2020,9/26/2020,NY,Nassau County,36059,"3,230","11,409"
9/30/2020,2/1/2020,9/26/2020,NY,Orange County,36071,477,"2,334"
9/30/2020,2/1/2020,9/26/2020,OH,Ashtabula County,39007,34,645
9/30/2020,2/1/2020,9/26/2020,OH,Franklin County,39049,708,"9,261"
9/30/2020,2/1/2020,9/26/2020,OH,Hancock County,39063,17,574
9/30/2020,2/1/2020,9/26/2020,OH,Licking County,39089,51,"1,030"
9/30/2020,2/1/2020,9/26/2020,OH,Putnam County,39137,12,160
9/30/2020,2/1/2020,9/26/2020,OR,Linn County,41043,12,934
9/30/2020,2/1/2020,9/26/2020,PA,Dauphin County,42043,199,"2,357"
9/30/2020,2/1/2020,9/26/2020,PA,Delaware County,42045,752,"3,902"
9/30/2020,2/1/2020,9/26/2020,PA,Franklin County,42055,53,"1,093"
9/30/2020,2/1/2020,9/26/2020,PA,Lebanon County,42075,53,971
9/30/2020,2/1/2020,9/26/2020,PA,Lehigh County,42077,505,"3,524"
9/30/2020,2/1/2020,9/26/2020,PA,Mercer County,42085,17,887
9/30/2020,2/1/2020,9/26/2020,PA,Westmoreland County,42129,44,"2,376"
9/30/2020,2/1/2020,9/26/2020,SC,Aiken County,45003,68,"1,219"
9/30/2020,2/1/2020,9/26/2020,SC,Beaufort County,45013,63,"1,090"
9/30/2020,2/1/2020,9/26/2020,KY,McCracken County,21145,17,816
9/30/2020,2/1/2020,9/26/2020,LA,Avoyelles Parish,22009,13,271
9/30/2020,2/1/2020,9/26/2020,LA,Lafourche Parish,22057,124,690
9/30/2020,2/1/2020,9/26/2020,LA,St. Bernard Parish,22087,17,193
9/30/2020,2/1/2020,9/26/2020,LA,Tangipahoa Parish,22105,90,913
9/30/2020,2/1/2020,9/26/2020,MD,Prince George's County,24033,591,"4,266"
9/30/2020,2/1/2020,9/26/2020,MD,Washington County,24043,40,"1,172"
9/30/2020,2/1/2020,9/26/2020,MD,Baltimore city,24510,660,"6,432"
9/30/2020,2/1/2020,9/26/2020,MI,Calhoun County,26025,38,"1,100"
9/30/2020,2/1/2020,9/26/2020,MI,Ingham County,26065,75,"2,120"
9/30/2020,2/1/2020,9/26/2020,MI,Ottawa County,26139,42,"1,288"
9/30/2020,2/1/2020,9/26/2020,MI,Saginaw County,26145,165,"1,876"
9/30/2020,2/1/2020,9/26/2020,MN,Blue Earth County,27013,15,385
9/30/2020,2/1/2020,9/26/2020,MN,Clay County,27027,27,216
9/30/2020,2/1/2020,9/26/2020,MO,Clay County,29047,63,"1,526"
9/30/2020,2/1/2020,9/26/2020,MO,St. Louis County,29189,822,"8,852"
9/30/2020,2/1/2020,9/26/2020,MS,Harrison County,28047,87,"1,639"
9/30/2020,2/1/2020,9/26/2020,MS,Jones County,28067,66,500
9/30/2020,2/1/2020,9/26/2020,MS,Panola County,28107,10,188
9/30/2020,2/1/2020,9/26/2020,MS,Pearl River County,28109,26,385
9/30/2020,2/1/2020,9/26/2020,MS,Pike County,28113,48,396
9/30/2020,2/1/2020,9/26/2020,MS,Sunflower County,28133,28,219
9/30/2020,2/1/2020,9/26/2020,NC,Duplin County,37061,18,246
9/30/2020,2/1/2020,9/26/2020,NC,Gaston County,37071,42,"1,311"
9/30/2020,2/1/2020,9/26/2020,NC,Harnett County,37085,26,479
9/30/2020,2/1/2020,9/26/2020,NC,Iredell County,37097,24,913
9/30/2020,2/1/2020,9/26/2020,NC,Johnston County,37101,26,740
9/30/2020,2/1/2020,9/26/2020,NC,Nash County,37127,18,547
9/30/2020,2/1/2020,9/26/2020,NC,New Hanover County,37129,51,"1,713"
9/30/2020,2/1/2020,9/26/2020,NC,Pasquotank County,37139,21,307
9/30/2020,2/1/2020,9/26/2020,NC,Surry County,37171,10,547
9/30/2020,2/1/2020,9/26/2020,ND,Cass County,38017,105,"1,299"
9/30/2020,2/1/2020,9/26/2020,NE,Douglas County,31055,239,"3,634"
9/30/2020,2/1/2020,9/26/2020,NJ,Hunterdon County,34019,120,655
9/30/2020,2/1/2020,9/26/2020,NJ,Mercer County,34021,530,"2,402"
9/30/2020,2/1/2020,9/26/2020,NV,Washoe County,32031,163,"3,260"
9/30/2020,2/1/2020,9/26/2020,OH,Cuyahoga County,39035,685,"11,075"
9/30/2020,2/1/2020,9/26/2020,OH,Lake County,39085,35,"1,331"
9/30/2020,2/1/2020,9/26/2020,OH,Lucas County,39095,404,"3,968"
9/30/2020,2/1/2020,9/26/2020,OH,Sandusky County,39143,14,359
9/30/2020,2/1/2020,9/26/2020,OH,Scioto County,39145,11,769
9/30/2020,2/1/2020,9/26/2020,OK,Canadian County,40017,10,435
9/30/2020,2/1/2020,9/26/2020,OK,Washington County,40147,38,480
9/30/2020,2/1/2020,9/26/2020,OR,Marion County,41047,71,"1,912"
9/30/2020,2/1/2020,9/26/2020,OR,Umatilla County,41059,31,415
9/30/2020,2/1/2020,9/26/2020,PA,Beaver County,42007,119,"1,322"
9/30/2020,2/1/2020,9/26/2020,PA,Chester County,42029,419,"3,095"
9/30/2020,2/1/2020,9/26/2020,LA,St. Martin Parish,22099,20,273
9/30/2020,2/1/2020,9/26/2020,LA,Terrebonne Parish,22109,107,821
9/30/2020,2/1/2020,9/26/2020,MA,Barnstable County,25001,135,"1,928"
9/30/2020,2/1/2020,9/26/2020,MD,Carroll County,24013,151,"1,207"
9/30/2020,2/1/2020,9/26/2020,MD,Harford County,24025,65,"1,446"
9/30/2020,2/1/2020,9/26/2020,MD,Montgomery County,24031,"1,114","5,722"
9/30/2020,2/1/2020,9/26/2020,MI,Bay County,26017,37,970
9/30/2020,2/1/2020,9/26/2020,MI,Crawford County,26039,11,144
9/30/2020,2/1/2020,9/26/2020,MI,Genesee County,26049,277,"3,510"
9/30/2020,2/1/2020,9/26/2020,MN,Itasca County,27061,10,293
9/30/2020,2/1/2020,9/26/2020,MN,Washington County,27163,36,"1,030"
9/30/2020,2/1/2020,9/26/2020,MO,Cass County,29037,22,510
9/30/2020,2/1/2020,9/26/2020,MO,Greene County,29077,98,"2,828"
9/30/2020,2/1/2020,9/26/2020,MO,Newton County,29145,53,990
9/30/2020,2/1/2020,9/26/2020,MO,St. Charles County,29183,119,"2,048"
9/30/2020,2/1/2020,9/26/2020,MS,Grenada County,28043,19,213
9/30/2020,2/1/2020,9/26/2020,MS,Lowndes County,28087,78,577
9/30/2020,2/1/2020,9/26/2020,NC,Brunswick County,37019,15,721
9/30/2020,2/1/2020,9/26/2020,NC,Chatham County,37037,48,489
9/30/2020,2/1/2020,9/26/2020,NC,Guilford County,37081,191,"2,820"
9/30/2020,2/1/2020,9/26/2020,NC,Pitt County,37147,50,"1,465"
9/30/2020,2/1/2020,9/26/2020,NC,Wayne County,37191,58,902
9/30/2020,2/1/2020,9/26/2020,ND,Burleigh County,38015,42,762
9/30/2020,2/1/2020,9/26/2020,NE,Dodge County,31053,12,277
9/30/2020,2/1/2020,9/26/2020,NY,Ontario County,36069,31,718
9/30/2020,2/1/2020,9/26/2020,NY,Putnam County,36079,70,400
9/30/2020,2/1/2020,9/26/2020,NY,Washington County,36115,12,368
9/30/2020,2/1/2020,9/26/2020,OH,Columbiana County,39029,56,753
9/30/2020,2/1/2020,9/26/2020,OH,Gallia County,39053,12,259
9/30/2020,2/1/2020,9/26/2020,OH,Lorain County,39093,60,"1,791"
9/30/2020,2/1/2020,9/26/2020,OH,Mahoning County,39099,282,"2,566"
9/30/2020,2/1/2020,9/26/2020,OH,Tuscarawas County,39157,20,718
9/30/2020,2/1/2020,9/26/2020,OH,Warren County,39165,30,"1,179"
9/30/2020,2/1/2020,9/26/2020,OK,Garfield County,40047,27,500
9/30/2020,2/1/2020,9/26/2020,OK,Tulsa County,40143,333,"5,599"
9/30/2020,2/1/2020,9/26/2020,OR,Yamhill County,41071,13,611
9/30/2020,2/1/2020,9/26/2020,PA,Allegheny County,42003,415,"11,000"
9/30/2020,2/1/2020,9/26/2020,PA,Carbon County,42025,20,422
9/30/2020,2/1/2020,9/26/2020,PA,Pike County,42103,13,210
9/30/2020,2/1/2020,9/26/2020,SC,Charleston County,45019,347,"3,562"
9/30/2020,2/1/2020,9/26/2020,SC,Laurens County,45059,32,499
9/30/2020,2/1/2020,9/26/2020,LA,Calcasieu Parish,22019,183,"1,579"
9/30/2020,2/1/2020,9/26/2020,LA,St. Mary Parish,22101,51,324
9/30/2020,2/1/2020,9/26/2020,MA,Essex County,25009,"1,014","5,450"
9/30/2020,2/1/2020,9/26/2020,MA,Hampden County,25013,675,"4,087"
9/30/2020,2/1/2020,9/26/2020,MD,Cecil County,24015,37,654
9/30/2020,2/1/2020,9/26/2020,MD,Talbot County,24041,27,447
9/30/2020,2/1/2020,9/26/2020,MD,Worcester County,24047,38,474
9/30/2020,2/1/2020,9/26/2020,ME,York County,23031,13,"1,023"
9/30/2020,2/1/2020,9/26/2020,MI,Grand Traverse County,26055,16,964
9/30/2020,2/1/2020,9/26/2020,MI,Kalamazoo County,26077,111,"2,070"
9/30/2020,2/1/2020,9/26/2020,MI,Marquette County,26103,13,488
9/30/2020,2/1/2020,9/26/2020,MI,Oakland County,26125,"1,396","9,806"
9/30/2020,2/1/2020,9/26/2020,MN,Crow Wing County,27035,17,402
9/30/2020,2/1/2020,9/26/2020,MO,Boone County,29019,31,"1,418"
9/30/2020,2/1/2020,9/26/2020,MO,Cape Girardeau County,29031,37,948
9/30/2020,2/1/2020,9/26/2020,MS,Clarke County,28023,16,92
9/30/2020,2/1/2020,9/26/2020,MS,Hancock County,28045,11,248
9/30/2020,2/1/2020,9/26/2020,MS,Jackson County,28059,71,"1,053"
9/30/2020,2/1/2020,9/26/2020,MS,Lee County,28081,188,"1,504"
9/30/2020,2/1/2020,9/26/2020,MS,Oktibbeha County,28105,40,238
9/30/2020,2/1/2020,9/26/2020,MS,Tate County,28137,11,138
9/30/2020,2/1/2020,9/26/2020,NC,Buncombe County,37021,90,"2,086"
9/30/2020,2/1/2020,9/26/2020,NC,Catawba County,37035,43,"1,058"
9/30/2020,2/1/2020,9/26/2020,NC,Haywood County,37087,27,419
9/30/2020,2/1/2020,9/26/2020,NC,Henderson County,37089,64,801
9/30/2020,2/1/2020,9/26/2020,NC,Hertford County,37091,21,178
9/30/2020,2/1/2020,9/26/2020,NC,Moore County,37125,52,853
9/30/2020,2/1/2020,9/26/2020,NC,Rutherford County,37161,12,430
9/30/2020,2/1/2020,9/26/2020,NC,Wake County,37183,236,"3,796"
9/30/2020,2/1/2020,9/26/2020,ND,Grand Forks County,38035,19,448
9/30/2020,2/1/2020,9/26/2020,NE,Buffalo County,31019,21,365
9/30/2020,2/1/2020,9/26/2020,NE,Hamilton County,31081,15,55
9/30/2020,2/1/2020,9/26/2020,NH,Hillsborough County,33011,293,"2,587"
9/30/2020,2/1/2020,9/26/2020,NJ,Essex County,34013,"2,023","6,777"
9/30/2020,2/1/2020,9/26/2020,NJ,Gloucester County,34015,202,"1,901"
9/30/2020,2/1/2020,9/26/2020,NJ,Hudson County,34017,"1,085","3,487"
9/30/2020,2/1/2020,9/26/2020,NJ,Middlesex County,34023,"1,468","5,948"
9/30/2020,2/1/2020,9/26/2020,NJ,Monmouth County,34025,856,"5,003"
9/30/2020,2/1/2020,9/26/2020,NV,Carson City,32510,11,728
9/30/2020,2/1/2020,9/26/2020,NY,Albany County,36001,206,"2,694"
9/30/2020,2/1/2020,9/26/2020,NY,Schenectady County,36093,34,"1,104"
9/30/2020,2/1/2020,9/26/2020,OH,Marion County,39101,33,476
9/30/2020,2/1/2020,9/26/2020,OH,Pickaway County,39129,14,311
9/30/2020,2/1/2020,9/26/2020,OH,Stark County,39151,168,"3,156"
9/30/2020,2/1/2020,9/26/2020,OH,Wood County,39173,43,829
9/30/2020,2/1/2020,9/26/2020,OK,Bryan County,40013,11,291
9/30/2020,2/1/2020,9/26/2020,OK,Caddo County,40015,12,177
9/30/2020,2/1/2020,9/26/2020,OK,Rogers County,40131,10,490
9/30/2020,2/1/2020,9/26/2020,OR,Lane County,41039,16,"2,620"
9/30/2020,2/1/2020,9/26/2020,MI,Livingston County,26093,35,913
9/30/2020,2/1/2020,9/26/2020,MI,Muskegon County,26121,81,"1,292"
9/30/2020,2/1/2020,9/26/2020,MI,Wayne County,26163,"2,337","14,923"
9/30/2020,2/1/2020,9/26/2020,MN,Dakota County,27037,65,"1,531"
9/30/2020,2/1/2020,9/26/2020,MO,Cole County,29051,22,596
9/30/2020,2/1/2020,9/26/2020,MO,Jackson County,29095,207,"5,289"
9/30/2020,2/1/2020,9/26/2020,MS,Coahoma County,28027,24,196
9/30/2020,2/1/2020,9/26/2020,MS,Forrest County,28035,184,"1,127"
9/30/2020,2/1/2020,9/26/2020,MS,Hinds County,28049,477,"3,273"
9/30/2020,2/1/2020,9/26/2020,MS,Lamar County,28073,60,384
9/30/2020,2/1/2020,9/26/2020,MS,Leflore County,28083,85,384
9/30/2020,2/1/2020,9/26/2020,MS,Warren County,28149,64,421
9/30/2020,2/1/2020,9/26/2020,MS,Winston County,28159,11,121
9/30/2020,2/1/2020,9/26/2020,MS,Yazoo County,28163,16,167
9/30/2020,2/1/2020,9/26/2020,NC,Caldwell County,37027,12,485
9/30/2020,2/1/2020,9/26/2020,NC,Franklin County,37069,10,207
9/30/2020,2/1/2020,9/26/2020,NC,Lincoln County,37109,13,407
9/30/2020,2/1/2020,9/26/2020,NC,Onslow County,37133,13,524
9/30/2020,2/1/2020,9/26/2020,NC,Union County,37179,36,758
9/30/2020,2/1/2020,9/26/2020,ND,Ward County,38101,12,433
9/30/2020,2/1/2020,9/26/2020,NE,Sarpy County,31153,13,598
9/30/2020,2/1/2020,9/26/2020,NH,Rockingham County,33015,83,"1,599"
9/30/2020,2/1/2020,9/26/2020,NJ,Cumberland County,34011,117,"1,139"
9/30/2020,2/1/2020,9/26/2020,NJ,Morris County,34027,989,"4,231"
9/30/2020,2/1/2020,9/26/2020,NJ,Salem County,34033,60,474
9/30/2020,2/1/2020,9/26/2020,NJ,Warren County,34041,138,723
9/30/2020,2/1/2020,9/26/2020,NV,Clark County,32003,"1,259","13,519"
9/30/2020,2/1/2020,9/26/2020,NY,Columbia County,36021,47,435
9/30/2020,2/1/2020,9/26/2020,NY,Fulton County,36035,31,340
9/30/2020,2/1/2020,9/26/2020,NY,Westchester County,36119,"1,882","6,684"
9/30/2020,2/1/2020,9/26/2020,OH,Butler County,39017,85,"2,150"
9/30/2020,2/1/2020,9/26/2020,OH,Darke County,39037,31,353
9/30/2020,2/1/2020,9/26/2020,OH,Greene County,39057,16,788
9/30/2020,2/1/2020,9/26/2020,OH,Medina County,39103,22,867
9/30/2020,2/1/2020,9/26/2020,OH,Ottawa County,39123,17,219
9/30/2020,2/1/2020,9/26/2020,OH,Portage County,39133,46,889
9/30/2020,2/1/2020,9/26/2020,OK,Oklahoma County,40109,325,"6,765"
9/30/2020,2/1/2020,9/26/2020,PA,Adams County,42001,15,589
9/30/2020,2/1/2020,9/26/2020,PA,Butler County,42019,14,"1,228"
9/30/2020,2/1/2020,9/26/2020,PA,Lancaster County,42071,435,"3,758"
9/30/2020,2/1/2020,9/26/2020,PA,Monroe County,42089,111,996
9/30/2020,2/1/2020,9/26/2020,PA,Montgomery County,42091,"1,150","6,547"
9/30/2020,2/1/2020,9/26/2020,PA,Schuylkill County,42107,33,"1,085"
9/30/2020,2/1/2020,9/26/2020,RI,Washington County,44009,60,733
9/30/2020,2/1/2020,9/26/2020,SC,Berkeley County,45015,51,980
9/30/2020,2/1/2020,9/26/2020,SC,Fairfield County,45039,12,161
9/30/2020,2/1/2020,9/26/2020,SC,Kershaw County,45055,17,426
9/30/2020,2/1/2020,9/26/2020,TN,Knox County,47093,124,"4,530"
9/30/2020,2/1/2020,9/26/2020,TN,Madison County,47113,163,"1,435"
9/30/2020,2/1/2020,9/26/2020,TN,Sevier County,47155,11,634
9/30/2020,2/1/2020,9/26/2020,TN,Wilson County,47189,16,689
9/30/2020,2/1/2020,9/26/2020,TX,Angelina County,48005,65,776
9/30/2020,2/1/2020,9/26/2020,TX,Bowie County,48037,91,"1,074"
9/30/2020,2/1/2020,9/26/2020,TX,Dallas County,48113,"1,044","12,519"
9/30/2020,2/1/2020,9/26/2020,SC,Newberry County,45071,15,294
9/30/2020,2/1/2020,9/26/2020,TN,Davidson County,47037,430,"6,549"
9/30/2020,2/1/2020,9/26/2020,TN,McMinn County,47107,13,401
9/30/2020,2/1/2020,9/26/2020,TX,Atascosa County,48013,13,244
9/30/2020,2/1/2020,9/26/2020,TX,Bexar County,48029,"1,663","11,787"
9/30/2020,2/1/2020,9/26/2020,TX,Brazoria County,48039,129,"1,564"
9/30/2020,2/1/2020,9/26/2020,TX,Cherokee County,48073,18,305
9/30/2020,2/1/2020,9/26/2020,TX,Ector County,48135,109,"1,035"
9/30/2020,2/1/2020,9/26/2020,TX,Hale County,48189,39,180
9/30/2020,2/1/2020,9/26/2020,TX,Hays County,48209,28,815
9/30/2020,2/1/2020,9/26/2020,TX,Hidalgo County,48215,"1,548","4,946"
9/30/2020,2/1/2020,9/26/2020,TX,Jefferson County,48245,191,"2,279"
9/30/2020,2/1/2020,9/26/2020,TX,Johnson County,48251,14,683
9/30/2020,2/1/2020,9/26/2020,TX,Nueces County,48355,491,"2,840"
9/30/2020,2/1/2020,9/26/2020,TX,Potter County,48375,149,"1,503"
9/30/2020,2/1/2020,9/26/2020,TX,Randall County,48381,16,444
9/30/2020,2/1/2020,9/26/2020,TX,Travis County,48453,493,"5,002"
9/30/2020,2/1/2020,9/26/2020,TX,Wharton County,48481,31,253
9/30/2020,2/1/2020,9/26/2020,VA,Augusta County,51015,13,601
9/30/2020,2/1/2020,9/26/2020,VA,Rockingham County,51165,49,602
9/30/2020,2/1/2020,9/26/2020,VA,Shenandoah County,51171,39,317
9/30/2020,2/1/2020,9/26/2020,WA,Benton County,53005,151,"1,389"
9/30/2020,2/1/2020,9/26/2020,WA,Kittitas County,53037,20,208
9/30/2020,2/1/2020,9/26/2020,WA,Pierce County,53053,171,"4,975"
9/30/2020,2/1/2020,9/26/2020,WI,Fond du Lac County,55039,11,658
9/30/2020,2/1/2020,9/26/2020,WI,Washington County,55131,15,714
9/30/2020,2/1/2020,9/26/2020,WI,Wood County,55141,12,801
9/30/2020,2/1/2020,9/26/2020,NY,Richmond County,36085,982,"3,512"
9/30/2020,2/1/2020,9/26/2020,TX,Kleberg County,48273,32,184
9/30/2020,2/1/2020,9/26/2020,TX,Lamb County,48279,13,90
9/30/2020,2/1/2020,9/26/2020,TX,San Patricio County,48409,12,291
9/30/2020,2/1/2020,9/26/2020,TX,Titus County,48449,18,246
9/30/2020,2/1/2020,9/26/2020,TX,Washington County,48477,35,230
9/30/2020,2/1/2020,9/26/2020,VA,Fairfax County,51059,506,"3,897"
9/30/2020,2/1/2020,9/26/2020,VA,James City County,51095,11,473
9/30/2020,2/1/2020,9/26/2020,VA,Page County,51139,23,177
9/30/2020,2/1/2020,9/26/2020,VA,Charlottesville city,51540,55,748
9/30/2020,2/1/2020,9/26/2020,VA,Galax city,51640,38,141
9/30/2020,2/1/2020,9/26/2020,VA,Harrisonburg city,51660,16,187
9/30/2020,2/1/2020,9/26/2020,VA,Newport News city,51700,66,"1,385"
9/30/2020,2/1/2020,9/26/2020,WA,Thurston County,53067,21,"1,672"
9/30/2020,2/1/2020,9/26/2020,WI,Marathon County,55073,21,989
9/30/2020,2/1/2020,9/26/2020,WI,Rock County,55105,30,"1,150"
9/30/2020,2/1/2020,9/26/2020,WV,Kanawha County,54039,75,"1,982"
9/30/2020,2/1/2020,9/26/2020,WV,Ohio County,54069,19,608
9/30/2020,2/1/2020,9/26/2020,NY,Kings County,36047,"6,065","17,303"
9/30/2020,2/1/2020,9/26/2020,PA,Berks County,42011,379,"2,858"
9/30/2020,2/1/2020,9/26/2020,PA,Columbia County,42037,26,310
9/30/2020,2/1/2020,9/26/2020,PA,Cumberland County,42041,105,"1,742"
9/30/2020,2/1/2020,9/26/2020,PA,Luzerne County,42079,186,"2,816"
9/30/2020,2/1/2020,9/26/2020,PA,Lycoming County,42081,29,940
9/30/2020,2/1/2020,9/26/2020,RI,Kent County,44003,115,"1,056"
9/30/2020,2/1/2020,9/26/2020,SC,Anderson County,45007,165,"1,830"
9/30/2020,2/1/2020,9/26/2020,SC,Greenville County,45045,303,"3,884"
9/30/2020,2/1/2020,9/26/2020,SC,Greenwood County,45047,98,809
9/30/2020,2/1/2020,9/26/2020,SC,Orangeburg County,45075,114,811
9/30/2020,2/1/2020,9/26/2020,SC,Pickens County,45077,25,650
9/30/2020,2/1/2020,9/26/2020,TN,Carroll County,47017,13,247
9/30/2020,2/1/2020,9/26/2020,TN,Montgomery County,47125,28,917
9/30/2020,2/1/2020,9/26/2020,TX,Comal County,48091,117,990
9/30/2020,2/1/2020,9/26/2020,TX,Ellis County,48139,44,841
9/30/2020,2/1/2020,9/26/2020,TX,Gillespie County,48171,11,248
9/30/2020,2/1/2020,9/26/2020,TX,Gregg County,48183,100,"1,311"
9/30/2020,2/1/2020,9/26/2020,TX,McLennan County,48309,124,"1,821"
9/30/2020,2/1/2020,9/26/2020,TX,Starr County,48427,60,234
9/30/2020,2/1/2020,9/26/2020,TX,Tarrant County,48439,876,"11,188"
9/30/2020,2/1/2020,9/26/2020,TX,Uvalde County,48463,23,181
9/30/2020,2/1/2020,9/26/2020,TX,Val Verde County,48465,63,243
9/30/2020,2/1/2020,9/26/2020,UT,Salt Lake County,49035,294,"5,493"
9/30/2020,2/1/2020,9/26/2020,UT,Weber County,49057,32,"1,388"
9/30/2020,2/1/2020,9/26/2020,VA,Accomack County,51001,20,298
9/30/2020,2/1/2020,9/26/2020,VA,Chesterfield County,51041,79,"1,731"
9/30/2020,2/1/2020,9/26/2020,VA,Northampton County,51131,15,92
9/30/2020,2/1/2020,9/26/2020,VA,York County,51199,19,345
9/30/2020,2/1/2020,9/26/2020,VA,Alexandria city,51510,96,635
9/30/2020,2/1/2020,9/26/2020,VA,Chesapeake city,51550,53,"1,267"
9/30/2020,2/1/2020,9/26/2020,VA,Danville city,51590,42,570
9/30/2020,2/1/2020,9/26/2020,VA,Hampton city,51650,27,817
9/30/2020,2/1/2020,9/26/2020,VA,Martinsville city,51690,43,297
9/30/2020,2/1/2020,9/26/2020,VA,Norfolk city,51710,104,"1,898"
9/30/2020,2/1/2020,9/26/2020,VA,Virginia Beach city,51810,80,"2,188"
9/30/2020,2/1/2020,9/26/2020,WI,Kenosha County,55059,82,"1,056"
9/30/2020,2/1/2020,9/26/2020,WI,Walworth County,55127,32,585
9/30/2020,2/1/2020,9/26/2020,WI,Waukesha County,55133,86,"2,412"
9/30/2020,2/1/2020,9/26/2020,WI,Waupaca County,55135,14,397
9/30/2020,2/1/2020,9/26/2020,WV,Wayne County,54099,10,164
9/30/2020,2/1/2020,9/26/2020,SC,Florence County,45041,320,"2,195"
9/30/2020,2/1/2020,9/26/2020,SC,Georgetown County,45043,60,678
9/30/2020,2/1/2020,9/26/2020,SC,Richland County,45079,304,"3,029"
9/30/2020,2/1/2020,9/26/2020,SC,Spartanburg County,45083,237,"2,690"
9/30/2020,2/1/2020,9/26/2020,SC,Sumter County,45085,69,832
9/30/2020,2/1/2020,9/26/2020,SC,York County,45091,58,"1,477"
9/30/2020,2/1/2020,9/26/2020,TN,Carter County,47019,15,448
9/30/2020,2/1/2020,9/26/2020,TN,Coffee County,47031,11,414
9/30/2020,2/1/2020,9/26/2020,TN,Dickson County,47043,16,370
9/30/2020,2/1/2020,9/26/2020,TN,Dyer County,47045,14,337
9/30/2020,2/1/2020,9/26/2020,TN,Hamilton County,47065,160,"3,745"
9/30/2020,2/1/2020,9/26/2020,TN,Sullivan County,47163,59,"2,114"
9/30/2020,2/1/2020,9/26/2020,TX,DeWitt County,48123,26,139
9/30/2020,2/1/2020,9/26/2020,TX,Grayson County,48181,58,"1,225"
9/30/2020,2/1/2020,9/26/2020,TX,Harrison County,48203,15,285
9/30/2020,2/1/2020,9/26/2020,TX,Hunt County,48231,32,627
9/30/2020,2/1/2020,9/26/2020,TX,Jim Wells County,48249,14,212
9/30/2020,2/1/2020,9/26/2020,TX,Kaufman County,48257,18,520
9/30/2020,2/1/2020,9/26/2020,TX,Tom Green County,48451,78,933
9/30/2020,2/1/2020,9/26/2020,VA,Albemarle County,51003,38,749
9/30/2020,2/1/2020,9/26/2020,VA,Floyd County,51063,11,97
9/30/2020,2/1/2020,9/26/2020,VA,Salem city,51775,30,608
9/30/2020,2/1/2020,9/26/2020,WA,Walla Walla County,53071,10,437
9/30/2020,2/1/2020,9/26/2020,WI,Winnebago County,55139,21,"1,130"
9/30/2020,2/1/2020,9/26/2020,WV,Berkeley County,54003,11,603
9/30/2020,2/1/2020,9/26/2020,WY,Natrona County,56025,10,604
9/30/2020,2/1/2020,9/26/2020,SC,Calhoun County,45017,13,102
9/30/2020,2/1/2020,9/26/2020,SC,Lancaster County,45057,46,581
9/30/2020,2/1/2020,9/26/2020,TN,Greene County,47059,18,528
9/30/2020,2/1/2020,9/26/2020,TN,Hamblen County,47063,29,575
9/30/2020,2/1/2020,9/26/2020,TN,Sumner County,47165,92,"1,117"
9/30/2020,2/1/2020,9/26/2020,TN,Williamson County,47187,40,847
9/30/2020,2/1/2020,9/26/2020,TX,Brown County,48049,28,342
9/30/2020,2/1/2020,9/26/2020,TX,Cameron County,48061,"1,006","3,109"
9/30/2020,2/1/2020,9/26/2020,TX,Denton County,48121,178,"2,925"
9/30/2020,2/1/2020,9/26/2020,TX,Harris County,48201,"2,700","23,048"
9/30/2020,2/1/2020,9/26/2020,TX,Hood County,48221,25,463
9/30/2020,2/1/2020,9/26/2020,TX,Karnes County,48255,13,84
9/30/2020,2/1/2020,9/26/2020,TX,Liberty County,48291,11,327
9/30/2020,2/1/2020,9/26/2020,TX,Midland County,48329,72,803
9/30/2020,2/1/2020,9/26/2020,TX,Panola County,48365,10,179
9/30/2020,2/1/2020,9/26/2020,TX,Parker County,48367,28,651
9/30/2020,2/1/2020,9/26/2020,TX,Wood County,48499,10,307
9/30/2020,2/1/2020,9/26/2020,UT,Utah County,49049,48,"1,915"
9/30/2020,2/1/2020,9/26/2020,VA,Carroll County,51035,10,179
9/30/2020,2/1/2020,9/26/2020,VA,Hanover County,51085,83,924
9/30/2020,2/1/2020,9/26/2020,VA,Washington County,51191,16,436
9/30/2020,2/1/2020,9/26/2020,VA,Emporia city,51595,15,81
9/30/2020,2/1/2020,9/26/2020,VA,Fredericksburg city,51630,44,594
9/30/2020,2/1/2020,9/26/2020,VA,Lynchburg city,51680,55,"1,054"
9/30/2020,2/1/2020,9/26/2020,VA,Manassas city,51683,95,376
9/30/2020,2/1/2020,9/26/2020,VA,Portsmouth city,51740,56,760
9/30/2020,2/1/2020,9/26/2020,WA,Snohomish County,53061,166,"3,715"
9/30/2020,2/1/2020,9/26/2020,WA,Yakima County,53077,211,"1,562"
9/30/2020,2/1/2020,9/26/2020,WI,Brown County,55009,76,"1,809"
9/30/2020,2/1/2020,9/26/2020,WI,Eau Claire County,55035,10,813
9/30/2020,2/1/2020,9/26/2020,WI,La Crosse County,55063,12,978
9/30/2020,2/1/2020,9/26/2020,WV,Logan County,54045,25,264
9/30/2020,2/1/2020,9/26/2020,NY,Queens County,36081,"5,437","15,094"
9/30/2020,2/1/2020,9/26/2020,SC,Oconee County,45073,21,623
9/30/2020,2/1/2020,9/26/2020,SD,Minnehaha County,46099,135,"1,603"
9/30/2020,2/1/2020,9/26/2020,TN,Blount County,47009,17,912
9/30/2020,2/1/2020,9/26/2020,TN,Bradley County,47011,21,751
9/30/2020,2/1/2020,9/26/2020,TN,Henderson County,47077,10,205
9/30/2020,2/1/2020,9/26/2020,TN,Putnam County,47141,45,847
9/30/2020,2/1/2020,9/26/2020,TX,Anderson County,48001,24,375
9/30/2020,2/1/2020,9/26/2020,TX,Bell County,48027,115,"2,134"
9/30/2020,2/1/2020,9/26/2020,TX,Fort Bend County,48157,252,"2,570"
9/30/2020,2/1/2020,9/26/2020,TX,Galveston County,48167,283,"1,958"
9/30/2020,2/1/2020,9/26/2020,TX,Guadalupe County,48187,61,699
9/30/2020,2/1/2020,9/26/2020,TX,Henderson County,48213,13,591
9/30/2020,2/1/2020,9/26/2020,TX,Limestone County,48293,11,171
9/30/2020,2/1/2020,9/26/2020,TX,Lubbock County,48303,240,"2,655"
9/30/2020,2/1/2020,9/26/2020,TX,Medina County,48325,10,223
9/30/2020,2/1/2020,9/26/2020,TX,Polk County,48373,10,364
9/30/2020,2/1/2020,9/26/2020,TX,Rockwall County,48397,54,591
9/30/2020,2/1/2020,9/26/2020,TX,Smith County,48423,244,"2,687"
9/30/2020,2/1/2020,9/26/2020,TX,Walker County,48471,26,327
9/30/2020,2/1/2020,9/26/2020,TX,Wise County,48497,21,428
9/30/2020,2/1/2020,9/26/2020,UT,Davis County,49011,22,"1,274"
9/30/2020,2/1/2020,9/26/2020,UT,Washington County,49053,41,"1,223"
9/30/2020,2/1/2020,9/26/2020,VA,Arlington County,51013,165,"1,035"
9/30/2020,2/1/2020,9/26/2020,VA,Culpeper County,51047,14,259
9/30/2020,2/1/2020,9/26/2020,VA,Henrico County,51087,188,"2,387"
9/30/2020,2/1/2020,9/26/2020,VA,Colonial Heights city,51570,10,154
9/30/2020,2/1/2020,9/26/2020,VA,Suffolk city,51800,78,670
9/30/2020,2/1/2020,9/26/2020,VA,Winchester city,51840,30,756
9/30/2020,2/1/2020,9/26/2020,VT,Chittenden County,50007,49,"1,115"
9/30/2020,2/1/2020,9/26/2020,WA,Chelan County,53007,28,656
9/30/2020,2/1/2020,9/26/2020,WA,Kitsap County,53035,12,"1,396"
9/30/2020,2/1/2020,9/26/2020,WA,Spokane County,53063,158,"3,710"
9/30/2020,2/1/2020,9/26/2020,PA,Northumberland County,42097,40,585
9/30/2020,2/1/2020,9/26/2020,SC,Colleton County,45029,35,371
9/30/2020,2/1/2020,9/26/2020,SC,Darlington County,45031,55,445
9/30/2020,2/1/2020,9/26/2020,SC,Dillon County,45033,15,229
9/30/2020,2/1/2020,9/26/2020,SC,Williamsburg County,45089,15,194
9/30/2020,2/1/2020,9/26/2020,SD,Pennington County,46103,47,811
9/30/2020,2/1/2020,9/26/2020,TN,Maury County,47119,33,800
9/30/2020,2/1/2020,9/26/2020,TN,Washington County,47179,56,"1,563"
9/30/2020,2/1/2020,9/26/2020,TX,Brazos County,48041,110,"1,085"
9/30/2020,2/1/2020,9/26/2020,TX,Burnet County,48053,17,323
9/30/2020,2/1/2020,9/26/2020,TX,Collin County,48085,253,"4,296"
9/30/2020,2/1/2020,9/26/2020,TX,Lavaca County,48285,16,148
9/30/2020,2/1/2020,9/26/2020,TX,Matagorda County,48321,36,221
9/30/2020,2/1/2020,9/26/2020,TX,Maverick County,48323,70,299
9/30/2020,2/1/2020,9/26/2020,TX,Montgomery County,48339,294,"3,786"
9/30/2020,2/1/2020,9/26/2020,TX,Nacogdoches County,48347,91,531
9/30/2020,2/1/2020,9/26/2020,TX,Navarro County,48349,16,307
9/30/2020,2/1/2020,9/26/2020,TX,Somervell County,48425,14,77
9/30/2020,2/1/2020,9/26/2020,TX,Taylor County,48441,72,"1,213"
9/30/2020,2/1/2020,9/26/2020,TX,Wichita County,48485,28,"1,101"
9/30/2020,2/1/2020,9/26/2020,TX,Williamson County,48491,186,"2,492"
9/30/2020,2/1/2020,9/26/2020,TX,Wilson County,48493,17,255
9/30/2020,2/1/2020,9/26/2020,UT,San Juan County,49037,10,68
9/30/2020,2/1/2020,9/26/2020,VA,Fauquier County,51061,22,358
9/30/2020,2/1/2020,9/26/2020,VA,Loudoun County,51107,129,"1,291"
9/30/2020,2/1/2020,9/26/2020,VA,Prince William County,51153,123,"1,245"
9/30/2020,2/1/2020,9/26/2020,VA,Spotsylvania County,51177,26,538
9/30/2020,2/1/2020,9/26/2020,VA,Franklin city,51620,11,111
9/30/2020,2/1/2020,9/26/2020,VA,Hopewell city,51670,17,236
9/30/2020,2/1/2020,9/26/2020,VA,Petersburg city,51730,69,557
9/30/2020,2/1/2020,9/26/2020,VA,Richmond city,51760,96,"2,108"
9/30/2020,2/1/2020,9/26/2020,WA,Franklin County,53021,32,236
9/30/2020,2/1/2020,9/26/2020,WA,Island County,53029,13,390
9/30/2020,2/1/2020,9/26/2020,WA,Skagit County,53057,18,844
9/30/2020,2/1/2020,9/26/2020,WI,Racine County,55101,73,"1,202"
9/30/2020,2/1/2020,9/26/2020,WV,Monongalia County,54061,23,"1,068"
9/30/2020,2/1/2020,9/26/2020,PA,Montour County,42093,35,849
9/30/2020,2/1/2020,9/26/2020,PA,Northampton County,42095,276,"2,061"
9/30/2020,2/1/2020,9/26/2020,PA,Philadelphia County,42101,"1,638","11,829"
9/30/2020,2/1/2020,9/26/2020,RI,Providence County,44007,870,"4,961"
9/30/2020,2/1/2020,9/26/2020,SC,Chesterfield County,45025,21,312
9/30/2020,2/1/2020,9/26/2020,SC,Clarendon County,45027,32,229
9/30/2020,2/1/2020,9/26/2020,SC,Dorchester County,45035,55,669
9/30/2020,2/1/2020,9/26/2020,SC,Horry County,45051,208,"2,943"
9/30/2020,2/1/2020,9/26/2020,SC,Jasper County,45053,24,224
9/30/2020,2/1/2020,9/26/2020,TN,Anderson County,47001,13,748
9/30/2020,2/1/2020,9/26/2020,TN,Robertson County,47147,14,441
9/30/2020,2/1/2020,9/26/2020,TN,Rutherford County,47149,118,"1,908"
9/30/2020,2/1/2020,9/26/2020,TN,Shelby County,47157,475,"7,263"
9/30/2020,2/1/2020,9/26/2020,TX,Caldwell County,48055,15,215
9/30/2020,2/1/2020,9/26/2020,TX,El Paso County,48141,566,"4,722"
9/30/2020,2/1/2020,9/26/2020,TX,Lamar County,48277,47,508
9/30/2020,2/1/2020,9/26/2020,TX,Victoria County,48469,163,852
9/30/2020,2/1/2020,9/26/2020,TX,Webb County,48479,270,"1,235"
9/30/2020,2/1/2020,9/26/2020,VA,Mecklenburg County,51117,33,324
9/30/2020,2/1/2020,9/26/2020,VA,Patrick County,51141,13,125
9/30/2020,2/1/2020,9/26/2020,VA,Southampton County,51175,11,91
9/30/2020,2/1/2020,9/26/2020,VA,Roanoke city,51770,58,"1,595"
9/30/2020,2/1/2020,9/26/2020,WA,Clark County,53011,60,"2,760"
9/30/2020,2/1/2020,9/26/2020,WA,King County,53033,710,"9,833"
9/30/2020,2/1/2020,9/26/2020,WA,Whatcom County,53073,46,"1,223"
9/30/2020,2/1/2020,9/26/2020,WI,Dane County,55025,64,"3,075"
9/30/2020,2/1/2020,9/26/2020,WI,Dodge County,55027,12,606
9/30/2020,2/1/2020,9/26/2020,WI,Grant County,55043,16,292
9/30/2020,2/1/2020,9/26/2020,WI,Outagamie County,55087,38,"1,151"
9/30/2020,2/1/2020,9/26/2020,WI,Ozaukee County,55089,60,791
9/30/2020,2/1/2020,9/26/2020,WI,Sheboygan County,55117,18,767
9/30/2020,2/1/2020,9/26/2020,WV,Cabell County,54011,14,"1,243"
9/30/2020,2/1/2020,9/26/2020,WV,Mercer County,54055,23,486
9/30/2020,2/1/2020,9/26/2020,NY,Bronx County,36005,"4,296","12,814"
9/30/2020,2/1/2020,9/26/2020,NY,New York County,36061,"3,957","13,248"
