,,Deaths,Deaths,Deaths,Deaths,Deaths,Deaths,Deaths,Deaths,Deaths,Deaths,Deaths,Deaths
Age_Groups,,1-4 years,15-24 years,25-34 years,35-44 years,45-54 years,5-14 years,55-64 years,65-74 years,75-84 years,85+ years,< 1 year,Not Stated
State,Year,,,,,,,,,,,,
Alabama,1999.0,121.0,752.0,893.0,1887.0,3157.0,184.0,5041.0,8844.0,12472.0,10849.0,606.0,
Alabama,2000.0,97.0,708.0,854.0,1836.0,3265.0,138.0,5110.0,8992.0,12521.0,10944.0,596.0,
Alabama,2001.0,98.0,706.0,851.0,1845.0,3495.0,161.0,5127.0,8863.0,12400.0,11202.0,567.0,
Alabama,2002.0,102.0,722.0,912.0,1806.0,3574.0,150.0,5297.0,8582.0,12854.0,11528.0,539.0,
Alabama,2003.0,96.0,698.0,878.0,1889.0,3738.0,133.0,5611.0,8542.0,12992.0,11619.0,519.0,
Alabama,2004.0,106.0,785.0,884.0,1870.0,3743.0,128.0,5769.0,8431.0,12796.0,11093.0,516.0,
Alabama,2005.0,87.0,727.0,947.0,1788.0,3924.0,127.0,6076.0,8474.0,12864.0,11505.0,568.0,
Alabama,2006.0,103.0,840.0,1057.0,1871.0,4020.0,125.0,6086.0,8410.0,12500.0,11393.0,571.0,
Alabama,2007.0,76.0,833.0,956.0,1776.0,3957.0,121.0,6228.0,8483.0,12177.0,11446.0,641.0,
Alabama,2008.0,93.0,707.0,982.0,1680.0,4158.0,125.0,6508.0,8595.0,12302.0,11944.0,612.0,
Alabama,2009.0,104.0,631.0,942.0,1746.0,4079.0,115.0,6654.0,8775.0,12107.0,11799.0,517.0,
Alabama,2010.0,80.0,631.0,1005.0,1625.0,4040.0,138.0,6753.0,8903.0,12295.0,12045.0,523.0,
Alabama,2011.0,99.0,647.0,1037.0,1579.0,4043.0,125.0,7111.0,8987.0,12272.0,12293.0,487.0,
Alabama,2012.0,93.0,591.0,1026.0,1691.0,3963.0,113.0,7199.0,9373.0,12197.0,12529.0,523.0,
Alabama,2013.0,83.0,616.0,1041.0,1621.0,4018.0,117.0,7406.0,9839.0,12361.0,12585.0,501.0,
Alabama,2014.0,73.0,595.0,1006.0,1733.0,3780.0,129.0,7572.0,10044.0,12290.0,12477.0,516.0,
Alabama,2015.0,78.0,642.0,1069.0,1680.0,3975.0,112.0,7763.0,10347.0,12705.0,13042.0,495.0,
Alabama,2016.0,74.0,741.0,1173.0,1830.0,3870.0,96.0,7779.0,11012.0,12538.0,12816.0,537.0,
Alabama,2017.0,93.0,653.0,1178.0,1766.0,3624.0,116.0,8095.0,11208.0,13038.0,13033.0,434.0,
Alabama,2018.0,89.0,671.0,1148.0,1820.0,3596.0,106.0,8096.0,11581.0,13569.0,13271.0,405.0,
Alaska,1999.0,17.0,96.0,138.0,228.0,310.0,18.0,393.0,541.0,566.0,344.0,57.0,
Alaska,2000.0,21.0,130.0,117.0,240.0,358.0,27.0,389.0,534.0,666.0,364.0,68.0,
Alaska,2001.0,22.0,101.0,117.0,255.0,400.0,28.0,417.0,543.0,632.0,378.0,81.0,
Alaska,2002.0,12.0,106.0,120.0,280.0,427.0,30.0,480.0,502.0,645.0,373.0,55.0,
Alaska,2003.0,18.0,122.0,106.0,218.0,395.0,38.0,490.0,541.0,723.0,457.0,71.0,
Alaska,2004.0,22.0,137.0,121.0,227.0,408.0,29.0,452.0,537.0,632.0,417.0,69.0,
Alaska,2005.0,,115.0,118.0,227.0,423.0,26.0,498.0,528.0,696.0,466.0,62.0,
Alaska,2006.0,,120.0,128.0,217.0,430.0,36.0,502.0,586.0,718.0,532.0,76.0,
Alaska,2007.0,14.0,129.0,120.0,221.0,466.0,28.0,570.0,588.0,721.0,534.0,72.0,
Alaska,2008.0,20.0,109.0,126.0,221.0,443.0,22.0,578.0,635.0,729.0,544.0,67.0,
Alaska,2009.0,11.0,119.0,138.0,199.0,487.0,17.0,574.0,655.0,740.0,601.0,77.0,
Alaska,2010.0,19.0,127.0,130.0,196.0,466.0,22.0,633.0,684.0,706.0,702.0,43.0,
Alaska,2011.0,14.0,124.0,146.0,201.0,462.0,23.0,721.0,716.0,733.0,666.0,43.0,
Alaska,2012.0,13.0,106.0,184.0,182.0,455.0,13.0,717.0,736.0,755.0,690.0,58.0,
Alaska,2013.0,18.0,105.0,168.0,192.0,421.0,22.0,795.0,723.0,753.0,735.0,64.0,
Alaska,2014.0,18.0,107.0,165.0,186.0,448.0,10.0,786.0,761.0,840.0,732.0,75.0,
Alaska,2015.0,23.0,122.0,182.0,194.0,433.0,22.0,806.0,836.0,857.0,763.0,78.0,
Alaska,2016.0,20.0,138.0,235.0,222.0,399.0,20.0,815.0,943.0,855.0,786.0,60.0,
Alaska,2017.0,23.0,125.0,229.0,209.0,405.0,32.0,774.0,919.0,837.0,798.0,59.0,
Alaska,2018.0,11.0,97.0,193.0,206.0,401.0,26.0,766.0,949.0,923.0,821.0,60.0,
Arizona,1999.0,108.0,640.0,857.0,1682.0,2660.0,135.0,4121.0,7831.0,11924.0,9503.0,548.0,41.0
Arizona,2000.0,113.0,675.0,896.0,1692.0,2783.0,161.0,4071.0,7799.0,11946.0,9766.0,573.0,25.0
Arizona,2001.0,147.0,734.0,913.0,1768.0,2864.0,175.0,4178.0,7509.0,11972.0,10152.0,592.0,54.0
Arizona,2002.0,130.0,785.0,905.0,1799.0,3160.0,150.0,4434.0,7595.0,12466.0,10790.0,559.0,43.0
Arizona,2003.0,134.0,773.0,903.0,1813.0,3232.0,158.0,4583.0,7483.0,12615.0,11049.0,593.0,56.0
Arizona,2004.0,111.0,826.0,887.0,1717.0,3217.0,146.0,4811.0,7516.0,12143.0,11118.0,630.0,76.0
Arizona,2005.0,132.0,870.0,981.0,1726.0,3496.0,161.0,5190.0,7851.0,12685.0,12037.0,662.0,36.0
Arizona,2006.0,146.0,965.0,1049.0,1795.0,3503.0,138.0,5369.0,7716.0,12651.0,12326.0,651.0,56.0
Arizona,2007.0,115.0,884.0,1042.0,1672.0,3455.0,156.0,5423.0,7518.0,12148.0,12400.0,711.0,30.0
Arizona,2008.0,131.0,761.0,937.0,1521.0,3484.0,136.0,5637.0,7794.0,12067.0,12710.0,635.0,10.0
Arizona,2009.0,128.0,667.0,1006.0,1582.0,3503.0,144.0,5654.0,7975.0,11808.0,12688.0,556.0,105.0
Arizona,2010.0,124.0,664.0,1016.0,1427.0,3479.0,125.0,5962.0,8088.0,11865.0,13486.0,522.0,
Arizona,2011.0,107.0,687.0,976.0,1502.0,3463.0,125.0,6166.0,8342.0,12198.0,14296.0,507.0,12.0
Arizona,2012.0,119.0,674.0,1078.0,1491.0,3438.0,129.0,6463.0,8923.0,12341.0,14383.0,504.0,
Arizona,2013.0,131.0,669.0,1100.0,1605.0,3477.0,126.0,6590.0,9239.0,12239.0,14890.0,451.0,17.0
Arizona,2014.0,98.0,640.0,1076.0,1594.0,3424.0,132.0,6703.0,9902.0,12486.0,14946.0,534.0,
Arizona,2015.0,104.0,673.0,1181.0,1638.0,3490.0,97.0,7039.0,10511.0,13245.0,15847.0,469.0,
Arizona,2016.0,120.0,756.0,1322.0,1608.0,3640.0,111.0,7315.0,11175.0,13547.0,16589.0,456.0,
Arizona,2017.0,100.0,739.0,1357.0,1772.0,3464.0,136.0,7215.0,11439.0,14240.0,16821.0,469.0,
Arizona,2018.0,114.0,859.0,1450.0,1720.0,3480.0,131.0,7458.0,11537.0,14893.0,17188.0,451.0,
Arkansas,1999.0,63.0,394.0,471.0,968.0,1734.0,109.0,2931.0,5395.0,8090.0,7476.0,292.0,
Arkansas,2000.0,75.0,410.0,504.0,1012.0,1808.0,101.0,3075.0,5259.0,8217.0,7439.0,316.0,
Arkansas,2001.0,74.0,413.0,509.0,1017.0,1865.0,83.0,3062.0,5226.0,7854.0,7345.0,309.0,
Arkansas,2002.0,59.0,452.0,524.0,1054.0,1967.0,97.0,3275.0,5174.0,7924.0,7673.0,312.0,
Arkansas,2003.0,68.0,428.0,502.0,1007.0,2079.0,75.0,3299.0,4961.0,7748.0,7424.0,327.0,
Arkansas,2004.0,78.0,423.0,565.0,1002.0,2116.0,100.0,3413.0,4930.0,7456.0,7126.0,319.0,
Arkansas,2005.0,71.0,462.0,524.0,1005.0,2138.0,79.0,3526.0,5083.0,7364.0,7494.0,309.0,
Arkansas,2006.0,67.0,460.0,575.0,1050.0,2198.0,79.0,3578.0,4808.0,7388.0,7346.0,350.0,
Arkansas,2007.0,72.0,437.0,532.0,1033.0,2294.0,81.0,3592.0,4937.0,7434.0,7461.0,317.0,
Arkansas,2008.0,67.0,437.0,610.0,1019.0,2401.0,69.0,3818.0,5318.0,7497.0,7786.0,300.0,
Arkansas,2009.0,65.0,379.0,586.0,995.0,2405.0,78.0,3790.0,5301.0,7222.0,7544.0,307.0,
Arkansas,2010.0,63.0,367.0,578.0,904.0,2365.0,68.0,3805.0,5320.0,7317.0,7846.0,282.0,
Arkansas,2011.0,54.0,372.0,604.0,888.0,2335.0,67.0,4121.0,5508.0,7281.0,8136.0,286.0,
Arkansas,2012.0,68.0,374.0,591.0,910.0,2262.0,95.0,4244.0,5789.0,7438.0,8076.0,269.0,
Arkansas,2013.0,54.0,341.0,594.0,918.0,2194.0,82.0,4326.0,6063.0,7580.0,7997.0,288.0,
Arkansas,2014.0,46.0,327.0,591.0,981.0,2278.0,79.0,4369.0,6167.0,7492.0,7847.0,290.0,
Arkansas,2015.0,43.0,377.0,586.0,999.0,2242.0,71.0,4531.0,6548.0,7845.0,8081.0,293.0,
Arkansas,2016.0,56.0,351.0,631.0,1026.0,2152.0,69.0,4695.0,6595.0,7696.0,8176.0,309.0,
Arkansas,2017.0,52.0,394.0,614.0,1012.0,2197.0,72.0,4737.0,6881.0,8066.0,8255.0,307.0,
Arkansas,2018.0,62.0,365.0,620.0,983.0,2059.0,78.0,4655.0,6766.0,8262.0,8207.0,279.0,
California,1999.0,602.0,3102.0,4357.0,9227.0,16051.0,811.0,22661.0,41859.0,66732.0,61097.0,2800.0,81.0
California,2000.0,580.0,3104.0,4214.0,9289.0,16430.0,846.0,22896.0,40249.0,66809.0,62132.0,2894.0,108.0
California,2001.0,545.0,3464.0,4410.0,9350.0,17495.0,786.0,23522.0,39950.0,67844.0,63745.0,2830.0,103.0
California,2002.0,529.0,3520.0,4375.0,9316.0,17509.0,805.0,24315.0,39080.0,67756.0,64402.0,2889.0,69.0
California,2003.0,557.0,3686.0,4402.0,9426.0,18562.0,839.0,25304.0,38406.0,68285.0,67002.0,2820.0,82.0
California,2004.0,524.0,3669.0,4377.0,8883.0,18408.0,755.0,25459.0,36922.0,65726.0,64934.0,2811.0,57.0
California,2005.0,561.0,3818.0,4359.0,8886.0,18743.0,714.0,26564.0,36667.0,65543.0,68204.0,2930.0,48.0
California,2006.0,512.0,3934.0,4394.0,8473.0,18992.0,727.0,27160.0,35846.0,64194.0,70014.0,2835.0,45.0
California,2007.0,496.0,3697.0,4295.0,8053.0,18860.0,662.0,27738.0,35356.0,61786.0,69790.0,2944.0,43.0
California,2008.0,462.0,3393.0,4138.0,7426.0,18211.0,615.0,28450.0,36110.0,60509.0,72603.0,2814.0,35.0
California,2009.0,484.0,3256.0,4188.0,7437.0,18530.0,624.0,28824.0,35917.0,57862.0,72982.0,2602.0,30.0
California,2010.0,439.0,3032.0,3908.0,6751.0,17140.0,550.0,29568.0,36090.0,57540.0,76546.0,2420.0,28.0
California,2011.0,449.0,3039.0,4168.0,6774.0,17494.0,525.0,30575.0,36756.0,57944.0,79798.0,2398.0,22.0
California,2012.0,413.0,2942.0,4270.0,6630.0,17217.0,495.0,31306.0,38609.0,57171.0,81238.0,2246.0,17.0
California,2013.0,371.0,2998.0,4360.0,6750.0,16822.0,563.0,31783.0,40384.0,57898.0,84053.0,2353.0,24.0
California,2014.0,359.0,2892.0,4502.0,6709.0,16665.0,510.0,32473.0,41258.0,56404.0,81971.0,2163.0,23.0
California,2015.0,340.0,3053.0,4816.0,6982.0,16582.0,496.0,33339.0,44780.0,58686.0,87948.0,2169.0,15.0
California,2016.0,397.0,3166.0,5201.0,7032.0,16370.0,530.0,34176.0,45834.0,59121.0,88331.0,2057.0,25.0
California,2017.0,333.0,3084.0,5188.0,7151.0,15822.0,547.0,34144.0,48029.0,60532.0,91368.0,1973.0,18.0
California,2018.0,342.0,2915.0,5359.0,7413.0,15465.0,478.0,34198.0,48803.0,61739.0,90173.0,1909.0,24.0
Colorado,1999.0,78.0,454.0,618.0,1270.0,1900.0,106.0,2662.0,4819.0,7537.0,7251.0,416.0,
Colorado,2000.0,72.0,452.0,567.0,1279.0,2068.0,116.0,2666.0,4746.0,7488.0,7425.0,404.0,
Colorado,2001.0,72.0,499.0,681.0,1362.0,2185.0,118.0,2683.0,4710.0,7813.0,7782.0,388.0,
Colorado,2002.0,76.0,524.0,610.0,1308.0,2368.0,110.0,2956.0,4724.0,8029.0,8089.0,415.0,
Colorado,2003.0,80.0,515.0,623.0,1321.0,2384.0,104.0,3169.0,4686.0,8052.0,8151.0,420.0,
Colorado,2004.0,54.0,511.0,644.0,1197.0,2384.0,98.0,3186.0,4363.0,7867.0,7569.0,434.0,
Colorado,2005.0,83.0,550.0,593.0,1166.0,2539.0,107.0,3249.0,4516.0,7942.0,8435.0,444.0,
Colorado,2006.0,86.0,536.0,651.0,1133.0,2475.0,84.0,3383.0,4447.0,7841.0,8478.0,404.0,
Colorado,2007.0,59.0,451.0,621.0,1157.0,2588.0,87.0,3582.0,4497.0,7671.0,8847.0,433.0,
Colorado,2008.0,71.0,506.0,642.0,1120.0,2643.0,99.0,3838.0,4831.0,7791.0,9294.0,437.0,
Colorado,2009.0,56.0,493.0,690.0,1151.0,2653.0,99.0,3994.0,4910.0,7523.0,9172.0,429.0,
Colorado,2010.0,88.0,472.0,661.0,1028.0,2448.0,73.0,4159.0,4790.0,7750.0,9604.0,392.0,
Colorado,2011.0,57.0,473.0,717.0,1087.0,2575.0,87.0,4445.0,4908.0,7760.0,10090.0,362.0,
Colorado,2012.0,65.0,453.0,781.0,1092.0,2435.0,87.0,4524.0,5328.0,7624.0,10444.0,298.0,
Colorado,2013.0,80.0,469.0,754.0,1042.0,2446.0,89.0,4530.0,5666.0,7601.0,10702.0,331.0,
Colorado,2014.0,60.0,470.0,815.0,1176.0,2395.0,91.0,4736.0,6183.0,7949.0,11045.0,315.0,
Colorado,2015.0,56.0,520.0,898.0,1103.0,2375.0,92.0,4890.0,6356.0,8188.0,11561.0,309.0,
Colorado,2016.0,51.0,575.0,984.0,1253.0,2441.0,96.0,5017.0,6571.0,8550.0,11673.0,319.0,
Colorado,2017.0,58.0,553.0,1052.0,1222.0,2378.0,100.0,5059.0,6968.0,8453.0,11928.0,291.0,
Colorado,2018.0,77.0,544.0,1041.0,1330.0,2309.0,99.0,5024.0,7107.0,8708.0,11989.0,298.0,
Connecticut,1999.0,35.0,254.0,391.0,911.0,1642.0,71.0,2552.0,4990.0,9097.0,9237.0,265.0,
Connecticut,2000.0,38.0,244.0,415.0,1005.0,1732.0,64.0,2657.0,5015.0,9115.0,9562.0,282.0,
Connecticut,2001.0,36.0,266.0,389.0,1040.0,1720.0,57.0,2549.0,4710.0,9104.0,9692.0,260.0,
Connecticut,2002.0,34.0,270.0,372.0,1018.0,1771.0,56.0,2618.0,4549.0,9031.0,10123.0,274.0,
Connecticut,2003.0,36.0,267.0,330.0,951.0,1776.0,58.0,2789.0,4437.0,8603.0,10147.0,230.0,
Connecticut,2004.0,31.0,274.0,355.0,905.0,1775.0,60.0,2731.0,4228.0,8704.0,10015.0,233.0,
Connecticut,2005.0,31.0,295.0,324.0,858.0,1764.0,59.0,2743.0,4134.0,8362.0,10652.0,243.0,
Connecticut,2006.0,20.0,318.0,357.0,779.0,1794.0,38.0,2774.0,4001.0,8279.0,10638.0,260.0,
Connecticut,2007.0,39.0,274.0,338.0,717.0,1813.0,37.0,2833.0,3857.0,7879.0,10586.0,276.0,
Connecticut,2008.0,32.0,292.0,331.0,692.0,1835.0,42.0,2840.0,3834.0,7704.0,10949.0,242.0,
Connecticut,2009.0,27.0,266.0,358.0,697.0,1793.0,42.0,2890.0,4012.0,7384.0,10900.0,214.0,
Connecticut,2010.0,25.0,279.0,351.0,689.0,1770.0,33.0,2955.0,3987.0,7219.0,11181.0,199.0,
Connecticut,2011.0,33.0,256.0,363.0,618.0,1768.0,57.0,3039.0,4043.0,7331.0,11825.0,191.0,
Connecticut,2012.0,30.0,248.0,387.0,622.0,1834.0,64.0,3058.0,4127.0,6979.0,11777.0,188.0,
Connecticut,2013.0,19.0,267.0,436.0,608.0,1746.0,48.0,3142.0,4454.0,6722.0,12021.0,169.0,
Connecticut,2014.0,24.0,234.0,396.0,614.0,1724.0,28.0,3141.0,4451.0,6843.0,12227.0,176.0,
Connecticut,2015.0,16.0,248.0,476.0,624.0,1692.0,33.0,3335.0,4684.0,6845.0,12380.0,200.0,
Connecticut,2016.0,23.0,245.0,546.0,674.0,1652.0,40.0,3367.0,4839.0,6773.0,12208.0,174.0,
Connecticut,2017.0,25.0,288.0,590.0,736.0,1602.0,42.0,3374.0,5006.0,6845.0,12643.0,160.0,
Connecticut,2018.0,19.0,258.0,555.0,757.0,1624.0,43.0,3465.0,4912.0,7029.0,12421.0,147.0,
Delaware,1999.0,15.0,60.0,108.0,299.0,426.0,17.0,674.0,1450.0,1993.0,1545.0,79.0,
Delaware,2000.0,16.0,85.0,108.0,318.0,441.0,25.0,727.0,1330.0,1992.0,1731.0,102.0,
Delaware,2001.0,13.0,85.0,121.0,305.0,497.0,19.0,780.0,1337.0,2140.0,1700.0,115.0,
Delaware,2002.0,18.0,84.0,114.0,289.0,512.0,21.0,701.0,1281.0,2060.0,1685.0,96.0,
Delaware,2003.0,,101.0,118.0,271.0,576.0,13.0,751.0,1244.0,2099.0,1781.0,107.0,
Delaware,2004.0,19.0,98.0,114.0,273.0,535.0,25.0,808.0,1313.0,2044.0,1813.0,98.0,
Delaware,2005.0,14.0,80.0,124.0,256.0,560.0,13.0,860.0,1285.0,2169.0,2005.0,105.0,
Delaware,2006.0,,96.0,128.0,307.0,572.0,11.0,855.0,1240.0,1971.0,1913.0,99.0,
Delaware,2007.0,,92.0,108.0,288.0,589.0,,846.0,1243.0,2049.0,2001.0,91.0,
Delaware,2008.0,,93.0,153.0,248.0,646.0,14.0,909.0,1279.0,2047.0,2121.0,101.0,
Delaware,2009.0,,93.0,136.0,230.0,636.0,20.0,896.0,1319.0,1957.0,2149.0,91.0,
Delaware,2010.0,,98.0,129.0,237.0,627.0,14.0,960.0,1316.0,1986.0,2248.0,87.0,
Delaware,2011.0,10.0,86.0,137.0,220.0,606.0,18.0,983.0,1366.0,2084.0,2236.0,98.0,
Delaware,2012.0,14.0,89.0,169.0,219.0,622.0,16.0,998.0,1328.0,1897.0,2439.0,84.0,
Delaware,2013.0,12.0,82.0,148.0,211.0,602.0,17.0,1136.0,1385.0,1933.0,2373.0,68.0,
Delaware,2014.0,12.0,88.0,159.0,217.0,535.0,10.0,1077.0,1551.0,2049.0,2488.0,74.0,
Delaware,2015.0,13.0,90.0,180.0,230.0,547.0,,1116.0,1608.0,2096.0,2593.0,100.0,
Delaware,2016.0,,95.0,204.0,227.0,537.0,17.0,1144.0,1764.0,2166.0,2625.0,87.0,
Delaware,2017.0,13.0,105.0,213.0,250.0,567.0,13.0,1231.0,1882.0,2138.0,2694.0,72.0,
Delaware,2018.0,15.0,100.0,235.0,291.0,555.0,17.0,1163.0,1808.0,2307.0,2879.0,62.0,
District of Columbia,1999.0,14.0,124.0,177.0,387.0,646.0,13.0,717.0,1069.0,1515.0,1295.0,113.0,
District of Columbia,2000.0,15.0,115.0,185.0,398.0,633.0,13.0,733.0,1069.0,1406.0,1325.0,92.0,17.0
District of Columbia,2001.0,11.0,138.0,178.0,404.0,678.0,18.0,716.0,966.0,1474.0,1266.0,81.0,21.0
District of Columbia,2002.0,,140.0,168.0,372.0,712.0,14.0,729.0,947.0,1405.0,1257.0,85.0,16.0
District of Columbia,2003.0,,144.0,155.0,367.0,682.0,16.0,711.0,871.0,1269.0,1265.0,80.0,
District of Columbia,2004.0,,116.0,161.0,312.0,614.0,24.0,722.0,886.0,1268.0,1247.0,95.0,
District of Columbia,2005.0,10.0,123.0,148.0,289.0,642.0,11.0,756.0,843.0,1270.0,1273.0,112.0,
District of Columbia,2006.0,11.0,83.0,160.0,305.0,613.0,16.0,724.0,870.0,1237.0,1228.0,96.0,
District of Columbia,2007.0,,92.0,153.0,253.0,561.0,16.0,752.0,845.0,1075.0,1316.0,116.0,
District of Columbia,2008.0,20.0,99.0,136.0,253.0,554.0,18.0,802.0,787.0,1118.0,1254.0,99.0,
District of Columbia,2009.0,,81.0,127.0,216.0,526.0,14.0,734.0,793.0,1031.0,1218.0,89.0,
District of Columbia,2010.0,,79.0,114.0,174.0,497.0,,748.0,771.0,993.0,1209.0,72.0,
District of Columbia,2011.0,,88.0,115.0,157.0,451.0,,786.0,718.0,960.0,1235.0,70.0,
District of Columbia,2012.0,,70.0,96.0,165.0,428.0,,753.0,779.0,967.0,1301.0,75.0,
District of Columbia,2013.0,,55.0,94.0,149.0,414.0,10.0,803.0,842.0,932.0,1350.0,63.0,
District of Columbia,2014.0,11.0,55.0,102.0,171.0,433.0,,844.0,845.0,891.0,1297.0,69.0,
District of Columbia,2015.0,13.0,69.0,132.0,151.0,406.0,,907.0,892.0,918.0,1293.0,82.0,
District of Columbia,2016.0,10.0,80.0,150.0,181.0,447.0,,906.0,988.0,924.0,1274.0,70.0,
District of Columbia,2017.0,,65.0,147.0,200.0,436.0,,871.0,971.0,939.0,1247.0,77.0,
District of Columbia,2018.0,,75.0,155.0,199.0,399.0,10.0,900.0,961.0,913.0,1326.0,64.0,
Florida,1999.0,329.0,1583.0,2543.0,5702.0,9178.0,398.0,14894.0,30535.0,50049.0,46510.0,1452.0,51.0
Florida,2000.0,295.0,1741.0,2481.0,5847.0,10132.0,382.0,15079.0,30019.0,50016.0,46944.0,1425.0,34.0
Florida,2001.0,291.0,1813.0,2553.0,5873.0,10400.0,375.0,15600.0,29835.0,50846.0,48137.0,1495.0,51.0
Florida,2002.0,296.0,1880.0,2627.0,5993.0,10730.0,360.0,16137.0,28959.0,50755.0,48486.0,1548.0,43.0
Florida,2003.0,308.0,1970.0,2638.0,5883.0,11341.0,345.0,17114.0,28537.0,49784.0,49118.0,1583.0,36.0
Florida,2004.0,287.0,2006.0,2612.0,5818.0,11701.0,392.0,17524.0,28269.0,49751.0,49064.0,1537.0,47.0
Florida,2005.0,318.0,2162.0,2785.0,5803.0,12029.0,375.0,17976.0,27551.0,49481.0,50670.0,1629.0,12.0
Florida,2006.0,328.0,2297.0,2869.0,5613.0,12204.0,367.0,18624.0,27018.0,48377.0,50641.0,1717.0,11.0
Florida,2007.0,313.0,2327.0,2925.0,5289.0,12324.0,349.0,18686.0,26745.0,46791.0,50652.0,1685.0,10.0
Florida,2008.0,304.0,2230.0,2909.0,5166.0,12476.0,273.0,19147.0,27483.0,46128.0,52910.0,1669.0,
Florida,2009.0,285.0,1966.0,2842.0,4925.0,12329.0,294.0,19755.0,27814.0,45427.0,52757.0,1522.0,
Florida,2010.0,282.0,1809.0,2835.0,4494.0,12001.0,282.0,20528.0,28600.0,45525.0,56025.0,1403.0,
Florida,2011.0,273.0,1716.0,2755.0,4329.0,12095.0,294.0,20867.0,29092.0,45191.0,55985.0,1375.0,
Florida,2012.0,244.0,1685.0,2688.0,4275.0,11748.0,278.0,21641.0,30053.0,44744.0,58635.0,1290.0,10.0
Florida,2013.0,254.0,1602.0,2660.0,4207.0,11431.0,302.0,22147.0,31815.0,45291.0,60067.0,1326.0,10.0
Florida,2014.0,258.0,1713.0,2869.0,4331.0,11315.0,293.0,23117.0,33151.0,46122.0,61447.0,1333.0,
Florida,2015.0,264.0,1943.0,3214.0,4555.0,11415.0,300.0,23899.0,34964.0,46456.0,63317.0,1400.0,10.0
Florida,2016.0,246.0,2031.0,4001.0,5177.0,11805.0,317.0,24762.0,36523.0,47180.0,63876.0,1381.0,14.0
Florida,2017.0,282.0,1970.0,4100.0,5197.0,11503.0,328.0,25591.0,37907.0,49364.0,66022.0,1358.0,14.0
Florida,2018.0,246.0,1862.0,3921.0,5357.0,11015.0,300.0,25901.0,39043.0,50628.0,65812.0,1332.0,
Georgia,1999.0,171.0,1018.0,1510.0,3054.0,5107.0,286.0,7609.0,12137.0,16341.0,13749.0,1040.0,
Georgia,2000.0,178.0,1100.0,1530.0,3109.0,5424.0,250.0,7705.0,12226.0,16979.0,14239.0,1126.0,
Georgia,2001.0,215.0,1141.0,1511.0,3254.0,5673.0,246.0,7905.0,12066.0,16814.0,14502.0,1146.0,12.0
Georgia,2002.0,179.0,1050.0,1497.0,3268.0,5904.0,230.0,8348.0,11790.0,17373.0,14615.0,1192.0,
Georgia,2003.0,162.0,1105.0,1567.0,3256.0,6010.0,252.0,8759.0,11974.0,17156.0,15085.0,1151.0,
Georgia,2004.0,189.0,1086.0,1526.0,3099.0,6244.0,228.0,8899.0,11725.0,16878.0,14758.0,1181.0,
Georgia,2005.0,181.0,1121.0,1549.0,3053.0,6347.0,230.0,9223.0,11708.0,16764.0,15398.0,1159.0,
Georgia,2006.0,190.0,1185.0,1598.0,3013.0,6371.0,210.0,9600.0,11761.0,16735.0,15938.0,1206.0,
Georgia,2007.0,190.0,1249.0,1617.0,2994.0,6323.0,219.0,9584.0,11939.0,16418.0,16590.0,1206.0,
Georgia,2008.0,170.0,1179.0,1552.0,2754.0,6416.0,216.0,10008.0,12535.0,16963.0,16662.0,1182.0,
Georgia,2009.0,171.0,957.0,1601.0,2779.0,6582.0,225.0,10307.0,12536.0,16694.0,16797.0,1049.0,14.0
Georgia,2010.0,194.0,975.0,1486.0,2618.0,6502.0,221.0,10786.0,13078.0,16970.0,17573.0,860.0,
Georgia,2011.0,158.0,960.0,1517.0,2548.0,6462.0,202.0,10949.0,13035.0,16885.0,17627.0,905.0,
Georgia,2012.0,148.0,928.0,1549.0,2456.0,6331.0,188.0,11187.0,13779.0,17146.0,18318.0,815.0,
Georgia,2013.0,184.0,979.0,1554.0,2561.0,6426.0,201.0,11658.0,14802.0,17303.0,18525.0,894.0,
Georgia,2014.0,142.0,1003.0,1625.0,2576.0,6270.0,221.0,11941.0,15512.0,17666.0,18954.0,976.0,
Georgia,2015.0,160.0,1112.0,1771.0,2625.0,6189.0,221.0,12332.0,16446.0,18561.0,19499.0,1024.0,
Georgia,2016.0,157.0,1231.0,1917.0,2810.0,6228.0,209.0,12853.0,17109.0,18492.0,19443.0,976.0,
Georgia,2017.0,143.0,1148.0,2008.0,2748.0,6156.0,207.0,12957.0,17443.0,19242.0,20113.0,932.0,
Georgia,2018.0,145.0,1096.0,1930.0,2875.0,6031.0,208.0,12962.0,18316.0,20187.0,20564.0,888.0,
Hawaii,1999.0,15.0,82.0,157.0,316.0,578.0,15.0,854.0,1579.0,2413.0,2141.0,120.0,
Hawaii,2000.0,11.0,89.0,121.0,320.0,598.0,23.0,889.0,1523.0,2384.0,2189.0,142.0,
Hawaii,2001.0,19.0,108.0,143.0,305.0,679.0,17.0,869.0,1435.0,2393.0,2320.0,106.0,
Hawaii,2002.0,17.0,89.0,127.0,290.0,655.0,21.0,960.0,1392.0,2570.0,2552.0,127.0,
Hawaii,2003.0,20.0,108.0,119.0,280.0,661.0,21.0,960.0,1379.0,2735.0,2558.0,136.0,
Hawaii,2004.0,23.0,92.0,142.0,307.0,701.0,25.0,955.0,1412.0,2544.0,2725.0,104.0,
Hawaii,2005.0,16.0,95.0,134.0,305.0,709.0,20.0,1093.0,1388.0,2511.0,2749.0,116.0,
Hawaii,2006.0,24.0,109.0,157.0,298.0,722.0,23.0,1100.0,1451.0,2549.0,2892.0,107.0,
Hawaii,2007.0,20.0,103.0,138.0,280.0,710.0,24.0,1113.0,1401.0,2458.0,3123.0,124.0,
Hawaii,2008.0,17.0,82.0,137.0,278.0,699.0,17.0,1144.0,1374.0,2526.0,3119.0,108.0,
Hawaii,2009.0,15.0,120.0,155.0,286.0,698.0,19.0,1238.0,1480.0,2456.0,3329.0,116.0,
Hawaii,2010.0,16.0,106.0,143.0,287.0,669.0,14.0,1205.0,1432.0,2390.0,3236.0,117.0,
Hawaii,2011.0,15.0,114.0,147.0,268.0,703.0,23.0,1274.0,1598.0,2188.0,3492.0,101.0,
Hawaii,2012.0,13.0,94.0,164.0,296.0,622.0,17.0,1333.0,1572.0,2281.0,3787.0,94.0,
Hawaii,2013.0,18.0,104.0,152.0,255.0,658.0,22.0,1291.0,1748.0,2255.0,3877.0,124.0,
Hawaii,2014.0,15.0,83.0,160.0,244.0,713.0,16.0,1390.0,1766.0,2298.0,3997.0,83.0,
Hawaii,2015.0,15.0,111.0,155.0,234.0,650.0,16.0,1399.0,1901.0,2293.0,4169.0,108.0,
Hawaii,2016.0,14.0,118.0,183.0,276.0,574.0,24.0,1377.0,1886.0,2246.0,4103.0,110.0,
Hawaii,2017.0,19.0,96.0,190.0,323.0,635.0,23.0,1337.0,2051.0,2354.0,4270.0,92.0,
Hawaii,2018.0,12.0,86.0,181.0,263.0,583.0,18.0,1380.0,2181.0,2334.0,4260.0,116.0,
Idaho,1999.0,29.0,176.0,157.0,308.0,543.0,57.0,873.0,1640.0,2860.0,2801.0,134.0,
Idaho,2000.0,19.0,130.0,154.0,300.0,571.0,44.0,899.0,1696.0,2812.0,2785.0,153.0,
Idaho,2001.0,27.0,191.0,156.0,326.0,599.0,45.0,948.0,1621.0,2847.0,2864.0,129.0,
Idaho,2002.0,29.0,180.0,134.0,333.0,680.0,36.0,943.0,1672.0,2787.0,3000.0,128.0,
Idaho,2003.0,31.0,171.0,165.0,335.0,716.0,43.0,1047.0,1628.0,2889.0,3217.0,138.0,
Idaho,2004.0,37.0,166.0,165.0,320.0,720.0,39.0,1006.0,1629.0,2805.0,3002.0,139.0,
Idaho,2005.0,32.0,157.0,185.0,314.0,691.0,33.0,1064.0,1727.0,2945.0,3267.0,141.0,
Idaho,2006.0,37.0,165.0,172.0,335.0,715.0,50.0,1131.0,1639.0,2954.0,3250.0,165.0,
Idaho,2007.0,31.0,190.0,188.0,305.0,725.0,38.0,1161.0,1687.0,2907.0,3421.0,169.0,
Idaho,2008.0,23.0,161.0,181.0,315.0,726.0,39.0,1239.0,1809.0,2886.0,3434.0,149.0,
Idaho,2009.0,21.0,147.0,201.0,334.0,788.0,36.0,1326.0,1794.0,2803.0,3519.0,129.0,
Idaho,2010.0,32.0,163.0,214.0,320.0,705.0,30.0,1340.0,1952.0,2906.0,3655.0,112.0,
Idaho,2011.0,30.0,178.0,168.0,321.0,756.0,28.0,1426.0,1998.0,2904.0,4106.0,112.0,
Idaho,2012.0,13.0,163.0,173.0,309.0,759.0,33.0,1401.0,2083.0,2931.0,4010.0,123.0,
Idaho,2013.0,24.0,158.0,218.0,321.0,787.0,32.0,1589.0,2234.0,3005.0,3940.0,126.0,
Idaho,2014.0,20.0,153.0,231.0,346.0,714.0,51.0,1544.0,2320.0,3094.0,4013.0,125.0,
Idaho,2015.0,16.0,172.0,218.0,371.0,704.0,32.0,1645.0,2347.0,3261.0,4154.0,106.0,
Idaho,2016.0,25.0,155.0,233.0,356.0,691.0,49.0,1683.0,2445.0,3434.0,4158.0,137.0,
Idaho,2017.0,25.0,161.0,275.0,364.0,689.0,43.0,1672.0,2683.0,3561.0,4436.0,102.0,
Idaho,2018.0,15.0,231.0,240.0,372.0,738.0,37.0,1667.0,2817.0,3538.0,4497.0,109.0,
Illinois,1999.0,256.0,1494.0,1901.0,3914.0,6687.0,300.0,10728.0,20027.0,31492.0,30084.0,1550.0,
Illinois,2000.0,216.0,1463.0,1790.0,3868.0,6906.0,295.0,10423.0,19340.0,30833.0,29930.0,1568.0,
Illinois,2001.0,228.0,1503.0,1830.0,3774.0,7099.0,319.0,10661.0,18351.0,30434.0,29816.0,1413.0,
Illinois,2002.0,208.0,1446.0,1865.0,3762.0,7381.0,290.0,10845.0,18092.0,30449.0,30981.0,1339.0,
Illinois,2003.0,202.0,1492.0,1768.0,3569.0,7275.0,272.0,10755.0,17462.0,30220.0,30888.0,1412.0,10.0
Illinois,2004.0,205.0,1333.0,1635.0,3483.0,7324.0,273.0,10961.0,16750.0,28819.0,30533.0,1349.0,
Illinois,2005.0,186.0,1414.0,1681.0,3334.0,7329.0,232.0,11279.0,16441.0,29096.0,31651.0,1328.0,
Illinois,2006.0,176.0,1334.0,1669.0,3194.0,7379.0,221.0,11370.0,16043.0,28345.0,31126.0,1309.0,
Illinois,2007.0,188.0,1360.0,1598.0,3037.0,7327.0,270.0,11548.0,15734.0,27460.0,30752.0,1217.0,12.0
Illinois,2008.0,174.0,1299.0,1682.0,2935.0,7566.0,230.0,11914.0,16575.0,27010.0,32820.0,1256.0,10.0
Illinois,2009.0,188.0,1266.0,1646.0,2841.0,7392.0,223.0,11976.0,16196.0,25666.0,31476.0,1177.0,
Illinois,2010.0,178.0,1205.0,1709.0,2586.0,7089.0,226.0,12059.0,16093.0,25278.0,32385.0,1118.0,
Illinois,2011.0,162.0,1266.0,1677.0,2643.0,6891.0,218.0,12463.0,16457.0,25563.0,33507.0,1051.0,
Illinois,2012.0,148.0,1244.0,1709.0,2542.0,6882.0,219.0,12929.0,16848.0,24871.0,34000.0,1032.0,
Illinois,2013.0,143.0,1145.0,1718.0,2471.0,6635.0,203.0,13065.0,17344.0,25210.0,34524.0,942.0,
Illinois,2014.0,130.0,1207.0,1721.0,2518.0,6612.0,183.0,13432.0,18276.0,24848.0,35315.0,1045.0,
Illinois,2015.0,122.0,1280.0,1762.0,2616.0,6431.0,216.0,13871.0,18800.0,24981.0,35831.0,953.0,
Illinois,2016.0,135.0,1398.0,2161.0,2836.0,6256.0,175.0,13962.0,19317.0,24688.0,35110.0,980.0,
Illinois,2017.0,143.0,1393.0,2279.0,2803.0,6084.0,227.0,14042.0,20061.0,25679.0,36095.0,912.0,
Illinois,2018.0,125.0,1176.0,2197.0,2937.0,6048.0,223.0,14564.0,20089.0,25838.0,35879.0,942.0,
Indiana,1999.0,142.0,708.0,905.0,1774.0,3386.0,190.0,5546.0,10909.0,16254.0,14799.0,686.0,
Indiana,2000.0,144.0,751.0,856.0,1845.0,3522.0,166.0,5657.0,10655.0,16401.0,14783.0,685.0,
Indiana,2001.0,121.0,777.0,870.0,1917.0,3684.0,150.0,5599.0,10186.0,16280.0,14963.0,650.0,
Indiana,2002.0,120.0,754.0,801.0,1882.0,3832.0,156.0,5796.0,9938.0,16274.0,15185.0,657.0,
Indiana,2003.0,119.0,746.0,904.0,1882.0,3937.0,135.0,6063.0,9775.0,16363.0,15373.0,661.0,10.0
Indiana,2004.0,127.0,749.0,846.0,1805.0,3845.0,166.0,6014.0,9246.0,15898.0,14814.0,700.0,
Indiana,2005.0,132.0,781.0,945.0,1755.0,3998.0,172.0,6183.0,9546.0,15886.0,15578.0,698.0,
Indiana,2006.0,122.0,743.0,977.0,1861.0,4175.0,167.0,6448.0,9330.0,15537.0,15553.0,708.0,
Indiana,2007.0,105.0,732.0,983.0,1716.0,4046.0,155.0,6422.0,9189.0,14593.0,15374.0,681.0,
Indiana,2008.0,123.0,717.0,991.0,1723.0,4016.0,150.0,6986.0,9595.0,15394.0,16440.0,614.0,
Indiana,2009.0,107.0,628.0,938.0,1737.0,4355.0,151.0,6949.0,9529.0,14657.0,16243.0,678.0,
Indiana,2010.0,93.0,690.0,965.0,1525.0,4344.0,118.0,7267.0,9780.0,14508.0,16810.0,640.0,
Indiana,2011.0,98.0,639.0,1022.0,1684.0,4243.0,136.0,7703.0,9891.0,14554.0,17588.0,644.0,
Indiana,2012.0,114.0,683.0,1095.0,1601.0,4342.0,115.0,7688.0,10443.0,14551.0,18142.0,557.0,
Indiana,2013.0,92.0,719.0,1138.0,1623.0,4164.0,145.0,8047.0,10873.0,14933.0,18382.0,600.0,
Indiana,2014.0,85.0,680.0,1145.0,1741.0,4168.0,122.0,8268.0,11165.0,14597.0,18372.0,595.0,
Indiana,2015.0,87.0,782.0,1263.0,1739.0,4063.0,138.0,8537.0,11676.0,14766.0,19051.0,611.0,
Indiana,2016.0,94.0,816.0,1382.0,1858.0,4166.0,132.0,8723.0,11903.0,14874.0,18904.0,620.0,
Indiana,2017.0,96.0,797.0,1507.0,2025.0,4153.0,151.0,8815.0,12497.0,15589.0,19367.0,600.0,
Indiana,2018.0,95.0,782.0,1330.0,1955.0,3900.0,128.0,9008.0,12888.0,15762.0,19288.0,556.0,
Iowa,1999.0,47.0,309.0,315.0,660.0,1213.0,70.0,2231.0,4768.0,8692.0,9891.0,215.0,
Iowa,2000.0,49.0,308.0,273.0,660.0,1320.0,74.0,2211.0,4705.0,8331.0,9882.0,247.0,
Iowa,2001.0,46.0,269.0,249.0,693.0,1309.0,80.0,2158.0,4624.0,8263.0,9888.0,212.0,
Iowa,2002.0,42.0,268.0,278.0,636.0,1372.0,70.0,2204.0,4400.0,8378.0,10131.0,199.0,
Iowa,2003.0,40.0,282.0,264.0,652.0,1521.0,77.0,2434.0,4251.0,8040.0,10286.0,215.0,
Iowa,2004.0,30.0,257.0,280.0,577.0,1464.0,77.0,2346.0,4035.0,7852.0,9784.0,195.0,
Iowa,2005.0,40.0,307.0,276.0,603.0,1537.0,59.0,2442.0,4073.0,8110.0,10153.0,210.0,
Iowa,2006.0,40.0,274.0,264.0,621.0,1491.0,46.0,2543.0,4006.0,7744.0,10125.0,208.0,
Iowa,2007.0,43.0,257.0,292.0,604.0,1535.0,59.0,2619.0,3917.0,7525.0,10144.0,225.0,
Iowa,2008.0,55.0,255.0,324.0,624.0,1629.0,50.0,2719.0,4181.0,7642.0,10834.0,228.0,
Iowa,2009.0,47.0,229.0,334.0,598.0,1541.0,52.0,2795.0,4142.0,7317.0,10307.0,182.0,
Iowa,2010.0,30.0,237.0,319.0,563.0,1665.0,45.0,2830.0,4183.0,7205.0,10479.0,189.0,
Iowa,2011.0,41.0,249.0,312.0,571.0,1597.0,61.0,2960.0,4248.0,7167.0,10797.0,181.0,
Iowa,2012.0,44.0,236.0,341.0,568.0,1538.0,53.0,3103.0,4111.0,7161.0,11029.0,205.0,
Iowa,2013.0,35.0,227.0,335.0,568.0,1591.0,55.0,3149.0,4486.0,7141.0,11199.0,162.0,
Iowa,2014.0,48.0,228.0,343.0,515.0,1557.0,48.0,3221.0,4714.0,7160.0,11165.0,191.0,
Iowa,2015.0,40.0,247.0,354.0,558.0,1446.0,63.0,3300.0,4853.0,7199.0,11374.0,166.0,
Iowa,2016.0,47.0,268.0,409.0,628.0,1460.0,57.0,3404.0,4908.0,6933.0,11184.0,240.0,
Iowa,2017.0,37.0,272.0,383.0,606.0,1463.0,60.0,3456.0,5282.0,7261.0,11507.0,203.0,
Iowa,2018.0,33.0,244.0,410.0,589.0,1375.0,60.0,3462.0,5421.0,7263.0,11319.0,191.0,
Kansas,1999.0,62.0,329.0,341.0,708.0,1294.0,80.0,2179.0,4222.0,6987.0,7987.0,283.0,
Kansas,2000.0,63.0,336.0,334.0,732.0,1281.0,75.0,2054.0,4064.0,7193.0,8317.0,268.0,
Kansas,2001.0,62.0,354.0,323.0,752.0,1400.0,70.0,2127.0,4054.0,7187.0,8031.0,287.0,
Kansas,2002.0,63.0,357.0,298.0,815.0,1500.0,70.0,2184.0,3846.0,7264.0,8343.0,281.0,
Kansas,2003.0,61.0,317.0,298.0,737.0,1545.0,65.0,2265.0,3705.0,7092.0,8246.0,262.0,
Kansas,2004.0,61.0,315.0,352.0,695.0,1601.0,73.0,2258.0,3573.0,6862.0,7744.0,284.0,
Kansas,2005.0,45.0,311.0,331.0,706.0,1641.0,75.0,2422.0,3672.0,6970.0,8214.0,294.0,
Kansas,2006.0,49.0,320.0,381.0,682.0,1635.0,61.0,2466.0,3665.0,6784.0,8215.0,292.0,
Kansas,2007.0,38.0,319.0,342.0,636.0,1694.0,62.0,2453.0,3506.0,6710.0,8398.0,333.0,
Kansas,2008.0,66.0,350.0,350.0,601.0,1601.0,51.0,2650.0,3701.0,6648.0,8652.0,304.0,
Kansas,2009.0,50.0,281.0,420.0,590.0,1642.0,68.0,2716.0,3687.0,6204.0,8076.0,289.0,
Kansas,2010.0,62.0,310.0,414.0,571.0,1644.0,65.0,2833.0,3622.0,6128.0,8600.0,253.0,
Kansas,2011.0,46.0,297.0,410.0,613.0,1627.0,62.0,2965.0,3731.0,6156.0,8960.0,247.0,
Kansas,2012.0,42.0,305.0,407.0,615.0,1608.0,56.0,2988.0,4003.0,6121.0,8746.0,254.0,
Kansas,2013.0,59.0,266.0,405.0,578.0,1583.0,66.0,3000.0,4081.0,6069.0,9057.0,250.0,
Kansas,2014.0,37.0,286.0,404.0,566.0,1559.0,55.0,3195.0,4315.0,6154.0,8975.0,247.0,
Kansas,2015.0,41.0,280.0,420.0,629.0,1557.0,62.0,3308.0,4497.0,6164.0,9474.0,232.0,
Kansas,2016.0,35.0,292.0,450.0,618.0,1426.0,66.0,3369.0,4603.0,6214.0,8946.0,225.0,
Kansas,2017.0,43.0,313.0,485.0,667.0,1397.0,64.0,3489.0,4860.0,6375.0,9148.0,221.0,
Kansas,2018.0,30.0,330.0,485.0,675.0,1321.0,62.0,3523.0,5072.0,6425.0,9378.0,236.0,
Kentucky,1999.0,59.0,459.0,655.0,1378.0,2556.0,121.0,4497.0,7942.0,11267.0,9973.0,411.0,
Kentucky,2000.0,75.0,543.0,691.0,1449.0,2679.0,106.0,4402.0,7894.0,11209.0,10055.0,401.0,
Kentucky,2001.0,83.0,508.0,712.0,1526.0,2893.0,124.0,4596.0,7757.0,11321.0,10014.0,325.0,
Kentucky,2002.0,75.0,553.0,756.0,1552.0,2922.0,101.0,4871.0,7823.0,11528.0,10122.0,392.0,
Kentucky,2003.0,85.0,565.0,810.0,1576.0,2971.0,111.0,4937.0,7483.0,11328.0,9994.0,381.0,
Kentucky,2004.0,81.0,611.0,805.0,1515.0,3082.0,102.0,4779.0,7314.0,10653.0,9324.0,378.0,
Kentucky,2005.0,88.0,577.0,787.0,1539.0,3142.0,103.0,5089.0,7446.0,11170.0,9907.0,375.0,
Kentucky,2006.0,74.0,565.0,889.0,1517.0,3191.0,89.0,5063.0,7387.0,10917.0,9971.0,438.0,
Kentucky,2007.0,64.0,525.0,829.0,1520.0,3192.0,103.0,5279.0,7468.0,10677.0,10036.0,397.0,
Kentucky,2008.0,68.0,466.0,789.0,1440.0,3429.0,105.0,5400.0,7748.0,10855.0,10627.0,402.0,
Kentucky,2009.0,77.0,493.0,817.0,1487.0,3591.0,93.0,5819.0,7873.0,10403.0,10329.0,397.0,
Kentucky,2010.0,74.0,462.0,874.0,1418.0,3630.0,100.0,5867.0,7950.0,10570.0,10659.0,379.0,
Kentucky,2011.0,88.0,451.0,887.0,1471.0,3670.0,76.0,5992.0,8100.0,10580.0,10961.0,350.0,
Kentucky,2012.0,67.0,511.0,891.0,1484.0,3629.0,96.0,6379.0,8375.0,10603.0,11231.0,398.0,
Kentucky,2013.0,59.0,415.0,857.0,1393.0,3430.0,83.0,6431.0,8652.0,10794.0,11282.0,355.0,
Kentucky,2014.0,54.0,458.0,870.0,1537.0,3582.0,96.0,6659.0,9091.0,10760.0,11330.0,398.0,
Kentucky,2015.0,69.0,490.0,1023.0,1532.0,3638.0,94.0,7044.0,9550.0,11034.0,11715.0,375.0,
Kentucky,2016.0,68.0,560.0,1047.0,1761.0,3645.0,99.0,7220.0,9953.0,11296.0,11808.0,370.0,
Kentucky,2017.0,55.0,502.0,1138.0,1748.0,3588.0,93.0,7205.0,10078.0,11536.0,11912.0,355.0,
Kentucky,2018.0,64.0,506.0,1045.0,1635.0,3383.0,78.0,7315.0,10473.0,11894.0,11999.0,315.0,
Louisiana,1999.0,125.0,758.0,957.0,1922.0,3161.0,187.0,4677.0,8272.0,11020.0,9538.0,621.0,
Louisiana,2000.0,130.0,827.0,918.0,1886.0,3341.0,167.0,4944.0,7957.0,10861.0,9499.0,608.0,
Louisiana,2001.0,130.0,784.0,977.0,1943.0,3457.0,173.0,4987.0,7869.0,11291.0,9503.0,643.0,
Louisiana,2002.0,143.0,841.0,1024.0,1935.0,3514.0,177.0,5018.0,7576.0,11435.0,9656.0,665.0,
Louisiana,2003.0,111.0,837.0,1027.0,1975.0,3684.0,141.0,5296.0,7728.0,11458.0,9854.0,606.0,
Louisiana,2004.0,125.0,903.0,1095.0,1892.0,3779.0,180.0,5299.0,7453.0,11322.0,9482.0,684.0,
Louisiana,2005.0,132.0,920.0,1136.0,1938.0,4083.0,167.0,5682.0,7645.0,11610.0,10425.0,613.0,
Louisiana,2006.0,90.0,846.0,1085.0,1722.0,3734.0,129.0,5394.0,6994.0,10379.0,9036.0,629.0,
Louisiana,2007.0,101.0,828.0,1158.0,1730.0,3604.0,138.0,5407.0,6909.0,10097.0,9384.0,608.0,
Louisiana,2008.0,115.0,831.0,982.0,1575.0,3820.0,137.0,5699.0,7131.0,10359.0,9977.0,591.0,
Louisiana,2009.0,107.0,709.0,951.0,1505.0,3789.0,137.0,5784.0,7223.0,10002.0,9507.0,568.0,
Louisiana,2010.0,88.0,670.0,1009.0,1482.0,3661.0,113.0,5906.0,7372.0,10037.0,9854.0,474.0,
Louisiana,2011.0,95.0,625.0,973.0,1385.0,3617.0,119.0,6024.0,7442.0,9834.0,10266.0,510.0,
Louisiana,2012.0,108.0,614.0,987.0,1436.0,3577.0,110.0,6355.0,7904.0,10091.0,10626.0,511.0,
Louisiana,2013.0,97.0,649.0,1072.0,1481.0,3512.0,110.0,6818.0,8192.0,10057.0,10734.0,547.0,
Louisiana,2014.0,122.0,617.0,1110.0,1436.0,3612.0,108.0,6971.0,8442.0,10199.0,10767.0,483.0,
Louisiana,2015.0,114.0,637.0,1128.0,1517.0,3398.0,131.0,7107.0,8522.0,10046.0,10618.0,498.0,
Louisiana,2016.0,106.0,668.0,1187.0,1562.0,3353.0,120.0,7114.0,8846.0,9972.0,10875.0,503.0,
Louisiana,2017.0,101.0,682.0,1214.0,1668.0,3214.0,108.0,7276.0,9402.0,10519.0,11187.0,431.0,
Louisiana,2018.0,88.0,597.0,1182.0,1651.0,3059.0,115.0,7179.0,9725.0,10732.0,11266.0,454.0,
Maine,1999.0,12.0,124.0,142.0,309.0,633.0,30.0,1117.0,2412.0,3700.0,3716.0,66.0,
Maine,2000.0,18.0,119.0,141.0,317.0,684.0,31.0,1113.0,2292.0,3777.0,3796.0,66.0,
Maine,2001.0,10.0,120.0,137.0,323.0,662.0,24.0,1152.0,2272.0,3753.0,3884.0,84.0,
Maine,2002.0,18.0,118.0,156.0,355.0,691.0,25.0,1244.0,2271.0,3885.0,3872.0,59.0,
Maine,2003.0,16.0,121.0,144.0,332.0,704.0,29.0,1307.0,2141.0,3775.0,3903.0,68.0,
Maine,2004.0,22.0,144.0,136.0,338.0,711.0,24.0,1231.0,2091.0,3726.0,3941.0,79.0,
Maine,2005.0,14.0,131.0,149.0,314.0,781.0,24.0,1410.0,2130.0,3817.0,4001.0,97.0,
Maine,2006.0,12.0,140.0,146.0,312.0,820.0,22.0,1401.0,2008.0,3536.0,3808.0,89.0,
Maine,2007.0,14.0,137.0,153.0,268.0,757.0,20.0,1434.0,1998.0,3573.0,4050.0,89.0,
Maine,2008.0,17.0,112.0,142.0,301.0,769.0,18.0,1429.0,2034.0,3547.0,4097.0,75.0,
Maine,2009.0,,107.0,140.0,276.0,793.0,25.0,1409.0,2044.0,3538.0,4178.0,76.0,
Maine,2010.0,13.0,118.0,132.0,255.0,802.0,15.0,1511.0,2143.0,3513.0,4175.0,70.0,
Maine,2011.0,,104.0,142.0,295.0,745.0,21.0,1541.0,2157.0,3497.0,4409.0,83.0,
Maine,2012.0,12.0,109.0,171.0,248.0,772.0,17.0,1562.0,2127.0,3411.0,4355.0,86.0,
Maine,2013.0,16.0,102.0,153.0,278.0,741.0,20.0,1572.0,2362.0,3475.0,4738.0,90.0,
Maine,2014.0,,105.0,177.0,258.0,781.0,18.0,1568.0,2421.0,3395.0,4693.0,85.0,
Maine,2015.0,12.0,98.0,207.0,281.0,814.0,13.0,1652.0,2582.0,3677.0,5060.0,83.0,
Maine,2016.0,10.0,121.0,228.0,322.0,777.0,21.0,1686.0,2686.0,3366.0,4890.0,74.0,
Maine,2017.0,14.0,96.0,259.0,320.0,782.0,15.0,1780.0,2824.0,3580.0,4935.0,70.0,
Maine,2018.0,,96.0,223.0,324.0,720.0,19.0,1746.0,2782.0,3764.0,4971.0,67.0,
Maryland,1999.0,84.0,640.0,929.0,2103.0,3179.0,129.0,4529.0,8166.0,12292.0,10411.0,601.0,26.0
Maryland,2000.0,82.0,621.0,879.0,2055.0,3372.0,138.0,4696.0,8125.0,12480.0,10740.0,562.0,
Maryland,2001.0,98.0,645.0,884.0,2101.0,3476.0,136.0,4729.0,7876.0,12533.0,10764.0,594.0,
Maryland,2002.0,88.0,686.0,868.0,2076.0,3609.0,124.0,4884.0,7539.0,12577.0,10963.0,551.0,
Maryland,2003.0,80.0,760.0,858.0,2029.0,3655.0,130.0,5006.0,7567.0,12433.0,11355.0,617.0,
Maryland,2004.0,93.0,678.0,831.0,1918.0,3740.0,138.0,4980.0,7138.0,12062.0,11020.0,630.0,
Maryland,2005.0,64.0,669.0,847.0,1795.0,3694.0,111.0,5318.0,7054.0,12158.0,11628.0,547.0,
Maryland,2006.0,83.0,706.0,871.0,1801.0,3690.0,105.0,5322.0,6927.0,11625.0,11834.0,616.0,
Maryland,2007.0,96.0,702.0,862.0,1775.0,3679.0,122.0,5287.0,6892.0,11311.0,12403.0,625.0,
Maryland,2008.0,88.0,644.0,801.0,1522.0,3689.0,107.0,5337.0,7044.0,11337.0,12699.0,619.0,
Maryland,2009.0,67.0,576.0,822.0,1455.0,3702.0,100.0,5733.0,7076.0,10938.0,12826.0,546.0,
Maryland,2010.0,57.0,566.0,795.0,1279.0,3508.0,91.0,5685.0,7125.0,10642.0,13076.0,498.0,
Maryland,2011.0,63.0,589.0,832.0,1230.0,3393.0,92.0,5753.0,7203.0,10458.0,13635.0,494.0,
Maryland,2012.0,79.0,584.0,848.0,1249.0,3332.0,84.0,6014.0,7313.0,10385.0,14115.0,467.0,
Maryland,2013.0,72.0,549.0,921.0,1212.0,3313.0,79.0,6132.0,7885.0,10589.0,14456.0,477.0,
Maryland,2014.0,75.0,509.0,923.0,1291.0,3291.0,92.0,6257.0,8168.0,10569.0,14213.0,478.0,
Maryland,2015.0,85.0,605.0,1066.0,1292.0,3272.0,101.0,6391.0,8396.0,10615.0,14931.0,490.0,
Maryland,2016.0,65.0,676.0,1285.0,1496.0,3442.0,95.0,6706.0,8979.0,10901.0,14694.0,480.0,
Maryland,2017.0,69.0,654.0,1415.0,1522.0,3361.0,87.0,6780.0,9206.0,11061.0,15310.0,460.0,
Maryland,2018.0,66.0,561.0,1330.0,1615.0,3291.0,74.0,6816.0,9287.0,11554.0,15540.0,432.0,
Massachusetts,1999.0,65.0,413.0,704.0,1698.0,2874.0,100.0,4565.0,9802.0,17420.0,17782.0,417.0,
Massachusetts,2000.0,72.0,405.0,626.0,1754.0,3096.0,110.0,4764.0,9758.0,17583.0,18134.0,376.0,
Massachusetts,2001.0,61.0,446.0,759.0,1819.0,3256.0,107.0,4756.0,9323.0,17424.0,18394.0,405.0,
Massachusetts,2002.0,71.0,466.0,725.0,1768.0,3362.0,96.0,4998.0,8930.0,17270.0,18846.0,395.0,
Massachusetts,2003.0,54.0,493.0,721.0,1781.0,3367.0,95.0,5137.0,8627.0,16984.0,18643.0,388.0,
Massachusetts,2004.0,45.0,517.0,645.0,1612.0,3313.0,93.0,5063.0,8141.0,16358.0,18344.0,380.0,
Massachusetts,2005.0,45.0,496.0,670.0,1515.0,3271.0,68.0,5109.0,7919.0,15649.0,18736.0,396.0,
Massachusetts,2006.0,48.0,478.0,599.0,1370.0,3367.0,79.0,5337.0,7591.0,15364.0,18847.0,370.0,
Massachusetts,2007.0,47.0,511.0,615.0,1420.0,3230.0,84.0,5382.0,7542.0,14832.0,18866.0,384.0,
Massachusetts,2008.0,47.0,430.0,609.0,1311.0,3265.0,68.0,5203.0,7455.0,15002.0,19737.0,391.0,
Massachusetts,2009.0,43.0,451.0,663.0,1324.0,3339.0,76.0,5421.0,7451.0,14038.0,19120.0,379.0,
Massachusetts,2010.0,50.0,458.0,663.0,1170.0,3189.0,63.0,5599.0,7448.0,13681.0,19939.0,323.0,
Massachusetts,2011.0,40.0,479.0,705.0,1183.0,3209.0,76.0,5645.0,7641.0,13630.0,20790.0,310.0,
Massachusetts,2012.0,43.0,420.0,707.0,1176.0,3150.0,56.0,5639.0,7893.0,13277.0,20509.0,307.0,
Massachusetts,2013.0,43.0,450.0,781.0,1209.0,3133.0,73.0,5869.0,8252.0,13171.0,21288.0,298.0,
Massachusetts,2014.0,57.0,444.0,1010.0,1235.0,3214.0,72.0,6008.0,8682.0,12791.0,21371.0,315.0,
Massachusetts,2015.0,49.0,520.0,1151.0,1326.0,3176.0,70.0,6176.0,9041.0,13303.0,22684.0,309.0,
Massachusetts,2016.0,41.0,528.0,1274.0,1470.0,3121.0,75.0,6160.0,9332.0,12866.0,21814.0,279.0,
Massachusetts,2017.0,46.0,501.0,1279.0,1504.0,3165.0,76.0,6340.0,9712.0,13260.0,22658.0,262.0,
Massachusetts,2018.0,48.0,415.0,1296.0,1452.0,2858.0,63.0,6490.0,9914.0,13801.0,22525.0,290.0,
Michigan,1999.0,201.0,1075.0,1491.0,3320.0,5904.0,261.0,8839.0,16754.0,25882.0,22423.0,1077.0,
Michigan,2000.0,173.0,1031.0,1428.0,3283.0,6030.0,265.0,8781.0,16404.0,25687.0,22750.0,1119.0,
Michigan,2001.0,169.0,1050.0,1402.0,3251.0,6303.0,265.0,8798.0,15515.0,25518.0,23082.0,1069.0,
Michigan,2002.0,152.0,1068.0,1463.0,3176.0,6568.0,282.0,9078.0,15256.0,25994.0,23695.0,1057.0,
Michigan,2003.0,143.0,1001.0,1354.0,2983.0,6567.0,275.0,9364.0,14577.0,25590.0,23752.0,1119.0,
Michigan,2004.0,136.0,1070.0,1367.0,2880.0,6555.0,243.0,9309.0,14000.0,24803.0,23822.0,984.0,
Michigan,2005.0,173.0,1004.0,1407.0,2887.0,6725.0,241.0,10047.0,13960.0,24827.0,24584.0,1012.0,
Michigan,2006.0,134.0,1018.0,1433.0,2853.0,6736.0,201.0,10059.0,13672.0,24309.0,24685.0,940.0,
Michigan,2007.0,121.0,1069.0,1363.0,2619.0,6863.0,207.0,10373.0,13680.0,23897.0,25534.0,995.0,
Michigan,2008.0,127.0,990.0,1344.0,2572.0,6814.0,178.0,10642.0,14161.0,23867.0,26856.0,894.0,
Michigan,2009.0,122.0,1002.0,1328.0,2522.0,6667.0,201.0,10915.0,14032.0,22527.0,26258.0,881.0,
Michigan,2010.0,114.0,1025.0,1384.0,2452.0,6634.0,176.0,11252.0,14268.0,22421.0,27478.0,817.0,
Michigan,2011.0,113.0,1089.0,1393.0,2445.0,6591.0,158.0,11690.0,14427.0,22268.0,28585.0,749.0,
Michigan,2012.0,131.0,1080.0,1480.0,2289.0,6128.0,174.0,11753.0,15185.0,21939.0,28960.0,782.0,
Michigan,2013.0,103.0,995.0,1457.0,2353.0,6237.0,171.0,12051.0,16159.0,22050.0,30033.0,799.0,
Michigan,2014.0,103.0,1019.0,1556.0,2381.0,5934.0,159.0,12613.0,16770.0,22238.0,30395.0,745.0,
Michigan,2015.0,117.0,996.0,1707.0,2445.0,5925.0,189.0,12710.0,17450.0,22025.0,30832.0,744.0,
Michigan,2016.0,144.0,1052.0,1885.0,2528.0,5835.0,181.0,13146.0,18112.0,22035.0,30582.0,730.0,
Michigan,2017.0,113.0,1008.0,2057.0,2511.0,5705.0,166.0,13046.0,18466.0,22328.0,31447.0,755.0,
Michigan,2018.0,136.0,943.0,1973.0,2666.0,5644.0,204.0,12989.0,19001.0,23445.0,31218.0,684.0,
Minnesota,1999.0,77.0,417.0,492.0,1129.0,1926.0,131.0,3184.0,6225.0,11311.0,13235.0,408.0,
Minnesota,2000.0,57.0,449.0,498.0,1117.0,2034.0,123.0,3106.0,6098.0,10875.0,12954.0,378.0,
Minnesota,2001.0,63.0,436.0,479.0,1065.0,2096.0,106.0,3198.0,6049.0,10935.0,12947.0,361.0,
Minnesota,2002.0,94.0,486.0,511.0,1051.0,2218.0,123.0,3221.0,5873.0,11116.0,13453.0,364.0,
Minnesota,2003.0,65.0,518.0,477.0,1091.0,2210.0,103.0,3273.0,5607.0,10599.0,13351.0,324.0,
Minnesota,2004.0,66.0,414.0,466.0,1014.0,2214.0,102.0,3434.0,5413.0,10417.0,13162.0,332.0,
Minnesota,2005.0,42.0,432.0,486.0,1020.0,2319.0,101.0,3529.0,5289.0,10391.0,13563.0,362.0,
Minnesota,2006.0,62.0,456.0,520.0,1004.0,2311.0,88.0,3621.0,5203.0,10098.0,13283.0,381.0,
Minnesota,2007.0,65.0,431.0,448.0,920.0,2297.0,82.0,3734.0,5208.0,9853.0,13691.0,409.0,
Minnesota,2008.0,80.0,378.0,503.0,910.0,2390.0,87.0,3870.0,5530.0,9982.0,14335.0,434.0,
Minnesota,2009.0,63.0,375.0,468.0,910.0,2458.0,85.0,4077.0,5536.0,9504.0,14049.0,326.0,
Minnesota,2010.0,70.0,400.0,517.0,821.0,2375.0,96.0,4089.0,5618.0,9742.0,14936.0,308.0,
Minnesota,2011.0,55.0,379.0,522.0,809.0,2418.0,89.0,4342.0,5820.0,9813.0,15246.0,326.0,
Minnesota,2012.0,54.0,386.0,518.0,855.0,2346.0,81.0,4411.0,5901.0,9689.0,15428.0,347.0,
Minnesota,2013.0,51.0,363.0,602.0,864.0,2319.0,90.0,4466.0,6351.0,9728.0,15804.0,349.0,
Minnesota,2014.0,54.0,384.0,564.0,824.0,2237.0,90.0,4567.0,6511.0,9968.0,15893.0,352.0,
Minnesota,2015.0,58.0,402.0,610.0,878.0,2213.0,86.0,4795.0,6967.0,9753.0,16677.0,360.0,
Minnesota,2016.0,60.0,397.0,673.0,930.0,2137.0,91.0,4973.0,7075.0,9895.0,16490.0,356.0,
Minnesota,2017.0,63.0,403.0,730.0,941.0,2185.0,75.0,4991.0,7379.0,10347.0,16928.0,328.0,
Minnesota,2018.0,56.0,388.0,718.0,917.0,2090.0,89.0,5080.0,7593.0,10576.0,16896.0,342.0,
Mississippi,1999.0,92.0,535.0,627.0,1292.0,2057.0,138.0,3284.0,5675.0,7381.0,6671.0,433.0,
Mississippi,2000.0,100.0,539.0,643.0,1292.0,2167.0,119.0,3298.0,5562.0,7499.0,6960.0,470.0,
Mississippi,2001.0,97.0,514.0,633.0,1327.0,2234.0,110.0,3247.0,5407.0,7332.0,6909.0,445.0,
Mississippi,2002.0,72.0,512.0,661.0,1276.0,2343.0,146.0,3475.0,5298.0,7641.0,6996.0,428.0,
Mississippi,2003.0,87.0,483.0,660.0,1268.0,2410.0,110.0,3517.0,5210.0,7501.0,6787.0,455.0,
Mississippi,2004.0,82.0,516.0,663.0,1195.0,2494.0,99.0,3651.0,5091.0,7219.0,6440.0,420.0,
Mississippi,2005.0,77.0,516.0,703.0,1252.0,2647.0,113.0,3802.0,5122.0,7542.0,6933.0,481.0,
Mississippi,2006.0,78.0,545.0,737.0,1263.0,2672.0,94.0,3785.0,5064.0,7143.0,6692.0,488.0,
Mississippi,2007.0,92.0,534.0,635.0,1192.0,2588.0,111.0,3885.0,5078.0,7050.0,6614.0,467.0,
Mississippi,2008.0,67.0,469.0,662.0,1110.0,2618.0,100.0,4105.0,5346.0,7162.0,6892.0,448.0,
Mississippi,2009.0,98.0,443.0,646.0,1099.0,2557.0,87.0,4007.0,5204.0,6891.0,6803.0,431.0,
Mississippi,2010.0,73.0,411.0,654.0,1030.0,2644.0,76.0,4213.0,5486.0,7128.0,6861.0,387.0,
Mississippi,2011.0,80.0,420.0,660.0,1073.0,2639.0,93.0,4380.0,5412.0,7073.0,7068.0,374.0,
Mississippi,2012.0,73.0,371.0,622.0,1071.0,2519.0,86.0,4449.0,5676.0,7171.0,7135.0,341.0,30.0
Mississippi,2013.0,75.0,401.0,629.0,1047.0,2595.0,74.0,4766.0,5964.0,7275.0,7499.0,373.0,
Mississippi,2014.0,56.0,442.0,657.0,1035.0,2550.0,74.0,4988.0,6092.0,7163.0,7179.0,319.0,
Mississippi,2015.0,66.0,393.0,677.0,1082.0,2475.0,92.0,4984.0,6374.0,7580.0,7698.0,356.0,
Mississippi,2016.0,58.0,431.0,699.0,1120.0,2448.0,92.0,5082.0,6479.0,7411.0,7596.0,325.0,
Mississippi,2017.0,62.0,410.0,717.0,1075.0,2330.0,85.0,5230.0,6802.0,7619.0,7627.0,322.0,
Mississippi,2018.0,71.0,407.0,717.0,1093.0,2287.0,86.0,5177.0,6974.0,7632.0,7549.0,306.0,
Missouri,1999.0,87.0,725.0,864.0,1932.0,3189.0,163.0,5431.0,10599.0,16107.0,16248.0,585.0,
Missouri,2000.0,103.0,782.0,821.0,1869.0,3275.0,194.0,5409.0,10070.0,15753.0,16037.0,547.0,
Missouri,2001.0,110.0,790.0,843.0,1932.0,3460.0,153.0,5372.0,9787.0,15855.0,16117.0,558.0,
Missouri,2002.0,113.0,791.0,846.0,1960.0,3636.0,157.0,5598.0,9837.0,16030.0,16332.0,637.0,
Missouri,2003.0,106.0,719.0,820.0,1920.0,3844.0,149.0,5818.0,9564.0,15918.0,16107.0,610.0,
Missouri,2004.0,111.0,768.0,837.0,1774.0,3710.0,163.0,5925.0,9184.0,15339.0,15551.0,584.0,
Missouri,2005.0,93.0,817.0,881.0,1865.0,4033.0,133.0,5908.0,9114.0,15439.0,15776.0,590.0,
Missouri,2006.0,88.0,850.0,963.0,1776.0,4056.0,144.0,6175.0,9036.0,15045.0,15939.0,603.0,
Missouri,2007.0,109.0,760.0,890.0,1644.0,4026.0,136.0,6079.0,9016.0,14723.0,16164.0,613.0,
Missouri,2008.0,95.0,757.0,946.0,1611.0,4315.0,118.0,6624.0,9363.0,15035.0,17128.0,585.0,
Missouri,2009.0,115.0,729.0,1014.0,1565.0,4186.0,111.0,6704.0,9127.0,14201.0,15943.0,565.0,
Missouri,2010.0,79.0,724.0,1001.0,1556.0,4206.0,112.0,6757.0,9406.0,14181.0,16749.0,507.0,
Missouri,2011.0,102.0,727.0,1045.0,1511.0,4121.0,118.0,7184.0,9527.0,14105.0,16921.0,485.0,
Missouri,2012.0,97.0,671.0,1020.0,1518.0,4095.0,120.0,7239.0,9865.0,13930.0,17038.0,500.0,
Missouri,2013.0,79.0,655.0,993.0,1560.0,3957.0,122.0,7643.0,10241.0,14105.0,17598.0,491.0,
Missouri,2014.0,84.0,648.0,1052.0,1524.0,3987.0,114.0,8003.0,10670.0,14279.0,17502.0,457.0,
Missouri,2015.0,86.0,776.0,1146.0,1574.0,3850.0,129.0,8250.0,11030.0,14489.0,18051.0,490.0,
Missouri,2016.0,98.0,797.0,1291.0,1737.0,3723.0,102.0,8128.0,11257.0,14352.0,17900.0,488.0,
Missouri,2017.0,93.0,804.0,1320.0,1775.0,3533.0,148.0,8434.0,12007.0,14991.0,18315.0,456.0,
Missouri,2018.0,85.0,826.0,1438.0,1872.0,3663.0,113.0,8714.0,12167.0,15279.0,18500.0,460.0,
Montana,1999.0,16.0,133.0,107.0,265.0,470.0,32.0,757.0,1492.0,2443.0,2340.0,72.0,
Montana,2000.0,19.0,137.0,127.0,253.0,465.0,39.0,778.0,1416.0,2416.0,2379.0,67.0,
Montana,2001.0,12.0,96.0,122.0,274.0,489.0,35.0,809.0,1371.0,2474.0,2509.0,74.0,
Montana,2002.0,15.0,140.0,130.0,265.0,558.0,23.0,865.0,1367.0,2459.0,2601.0,83.0,
Montana,2003.0,13.0,149.0,153.0,279.0,569.0,26.0,835.0,1423.0,2346.0,2596.0,78.0,
Montana,2004.0,17.0,147.0,121.0,271.0,541.0,31.0,841.0,1325.0,2281.0,2467.0,52.0,
Montana,2005.0,18.0,144.0,150.0,263.0,611.0,21.0,899.0,1361.0,2293.0,2687.0,81.0,
Montana,2006.0,20.0,149.0,138.0,258.0,595.0,29.0,921.0,1320.0,2290.0,2679.0,73.0,
Montana,2007.0,17.0,147.0,134.0,229.0,653.0,19.0,969.0,1352.0,2252.0,2773.0,79.0,
Montana,2008.0,13.0,129.0,171.0,241.0,593.0,27.0,1001.0,1466.0,2336.0,2850.0,86.0,
Montana,2009.0,20.0,144.0,158.0,250.0,654.0,24.0,1055.0,1410.0,2159.0,2784.0,72.0,
Montana,2010.0,20.0,124.0,161.0,229.0,593.0,31.0,1025.0,1478.0,2183.0,2912.0,71.0,
Montana,2011.0,19.0,126.0,162.0,234.0,645.0,26.0,1107.0,1500.0,2219.0,3006.0,71.0,
Montana,2012.0,15.0,117.0,182.0,240.0,574.0,21.0,1168.0,1486.0,2141.0,2961.0,71.0,
Montana,2013.0,12.0,143.0,188.0,253.0,566.0,17.0,1174.0,1644.0,2332.0,3112.0,70.0,
Montana,2014.0,12.0,111.0,141.0,234.0,552.0,19.0,1228.0,1713.0,2311.0,2992.0,68.0,
Montana,2015.0,22.0,121.0,204.0,266.0,619.0,29.0,1299.0,1820.0,2280.0,3207.0,75.0,
Montana,2016.0,19.0,126.0,200.0,281.0,524.0,27.0,1279.0,1830.0,2339.0,3208.0,72.0,
Montana,2017.0,,115.0,229.0,266.0,487.0,16.0,1278.0,1910.0,2537.0,3291.0,64.0,
Montana,2018.0,11.0,128.0,194.0,247.0,468.0,27.0,1267.0,1950.0,2475.0,3170.0,55.0,
Nebraska,1999.0,29.0,202.0,194.0,434.0,708.0,49.0,1298.0,2708.0,4586.0,5208.0,163.0,
Nebraska,2000.0,28.0,194.0,188.0,378.0,759.0,48.0,1163.0,2556.0,4347.0,5151.0,180.0,
Nebraska,2001.0,31.0,183.0,184.0,432.0,800.0,47.0,1181.0,2527.0,4399.0,5222.0,168.0,
Nebraska,2002.0,29.0,213.0,195.0,468.0,798.0,50.0,1342.0,2541.0,4395.0,5529.0,178.0,
Nebraska,2003.0,39.0,191.0,198.0,400.0,818.0,45.0,1282.0,2368.0,4451.0,5532.0,141.0,
Nebraska,2004.0,37.0,184.0,155.0,350.0,819.0,45.0,1357.0,2171.0,4304.0,5061.0,173.0,
Nebraska,2005.0,24.0,183.0,190.0,386.0,813.0,48.0,1361.0,2281.0,4219.0,5311.0,147.0,
Nebraska,2006.0,27.0,212.0,174.0,368.0,907.0,39.0,1403.0,2171.0,4167.0,5282.0,149.0,
Nebraska,2007.0,27.0,186.0,174.0,393.0,884.0,43.0,1414.0,2251.0,4166.0,5542.0,182.0,
Nebraska,2008.0,38.0,179.0,195.0,369.0,897.0,33.0,1515.0,2244.0,4198.0,5647.0,146.0,
Nebraska,2009.0,26.0,170.0,210.0,320.0,933.0,26.0,1533.0,2161.0,4003.0,5282.0,146.0,
Nebraska,2010.0,29.0,153.0,177.0,294.0,903.0,41.0,1632.0,2239.0,4041.0,5526.0,136.0,
Nebraska,2011.0,25.0,127.0,196.0,357.0,882.0,32.0,1687.0,2292.0,3928.0,5807.0,143.0,
Nebraska,2012.0,27.0,177.0,212.0,313.0,881.0,47.0,1716.0,2384.0,3942.0,5839.0,121.0,
Nebraska,2013.0,23.0,173.0,203.0,339.0,840.0,31.0,1709.0,2358.0,3992.0,5946.0,139.0,
Nebraska,2014.0,30.0,172.0,249.0,360.0,910.0,29.0,1805.0,2542.0,3918.0,5827.0,136.0,
Nebraska,2015.0,31.0,171.0,240.0,318.0,885.0,33.0,1950.0,2679.0,4061.0,6219.0,153.0,
Nebraska,2016.0,29.0,151.0,234.0,347.0,782.0,34.0,1911.0,2720.0,3907.0,5938.0,164.0,
Nebraska,2017.0,19.0,173.0,233.0,390.0,774.0,43.0,1969.0,2943.0,3993.0,6197.0,144.0,
Nebraska,2018.0,30.0,151.0,244.0,398.0,826.0,39.0,1959.0,3064.0,3899.0,6145.0,149.0,
Nevada,1999.0,50.0,215.0,338.0,731.0,1220.0,46.0,2064.0,3483.0,4249.0,2486.0,193.0,
Nevada,2000.0,39.0,220.0,349.0,741.0,1339.0,53.0,2130.0,3442.0,4122.0,2620.0,201.0,
Nevada,2001.0,42.0,239.0,343.0,740.0,1402.0,56.0,2206.0,3570.0,4640.0,2859.0,180.0,
Nevada,2002.0,41.0,263.0,363.0,797.0,1486.0,44.0,2284.0,3526.0,4715.0,3202.0,197.0,
Nevada,2003.0,35.0,307.0,401.0,820.0,1537.0,53.0,2531.0,3573.0,4974.0,3424.0,192.0,11.0
Nevada,2004.0,40.0,282.0,410.0,766.0,1549.0,58.0,2550.0,3668.0,4966.0,3406.0,225.0,
Nevada,2005.0,57.0,328.0,423.0,854.0,1736.0,60.0,2723.0,3788.0,5207.0,3634.0,215.0,
Nevada,2006.0,43.0,352.0,406.0,840.0,1683.0,58.0,2736.0,3758.0,5036.0,3702.0,257.0,
Nevada,2007.0,54.0,324.0,450.0,835.0,1719.0,61.0,2777.0,3659.0,4836.0,3708.0,262.0,
Nevada,2008.0,42.0,298.0,453.0,777.0,1721.0,50.0,2862.0,3754.0,4994.0,4169.0,211.0,
Nevada,2009.0,52.0,262.0,380.0,747.0,1749.0,38.0,2998.0,3871.0,4848.0,4059.0,220.0,
Nevada,2010.0,38.0,284.0,395.0,716.0,1696.0,57.0,3013.0,3908.0,4961.0,4354.0,201.0,
Nevada,2011.0,38.0,299.0,422.0,725.0,1742.0,57.0,3053.0,4108.0,5025.0,4669.0,201.0,
Nevada,2012.0,40.0,234.0,396.0,697.0,1677.0,44.0,3182.0,4367.0,5140.0,4838.0,169.0,
Nevada,2013.0,40.0,242.0,467.0,681.0,1697.0,46.0,3261.0,4585.0,5340.0,4915.0,191.0,
Nevada,2014.0,40.0,257.0,455.0,730.0,1686.0,40.0,3282.0,4905.0,5333.0,4867.0,196.0,
Nevada,2015.0,47.0,279.0,502.0,750.0,1700.0,63.0,3390.0,5126.0,5550.0,5273.0,190.0,
Nevada,2016.0,35.0,302.0,507.0,770.0,1771.0,70.0,3505.0,5380.0,5920.0,5435.0,207.0,
Nevada,2017.0,41.0,287.0,542.0,767.0,1707.0,46.0,3605.0,5588.0,6163.0,5701.0,208.0,
Nevada,2018.0,37.0,276.0,530.0,835.0,1639.0,48.0,3622.0,5591.0,6227.0,5688.0,217.0,
New Hampshire,1999.0,16.0,94.0,124.0,281.0,560.0,22.0,907.0,1823.0,2810.0,2818.0,82.0,
New Hampshire,2000.0,11.0,89.0,95.0,327.0,602.0,23.0,890.0,1722.0,2925.0,2929.0,84.0,
New Hampshire,2001.0,23.0,105.0,105.0,307.0,600.0,26.0,934.0,1789.0,2883.0,2987.0,56.0,
New Hampshire,2002.0,,95.0,126.0,309.0,625.0,21.0,990.0,1721.0,2867.0,3020.0,72.0,
New Hampshire,2003.0,11.0,107.0,105.0,322.0,637.0,17.0,1023.0,1615.0,2793.0,3021.0,57.0,
New Hampshire,2004.0,17.0,102.0,97.0,303.0,633.0,21.0,992.0,1693.0,3000.0,3172.0,81.0,
New Hampshire,2005.0,,134.0,128.0,323.0,668.0,18.0,1076.0,1591.0,2906.0,3273.0,76.0,
New Hampshire,2006.0,11.0,99.0,120.0,271.0,667.0,17.0,1115.0,1593.0,2814.0,3266.0,87.0,
New Hampshire,2007.0,11.0,109.0,112.0,280.0,676.0,22.0,1164.0,1639.0,2814.0,3400.0,76.0,
New Hampshire,2008.0,10.0,95.0,108.0,267.0,716.0,22.0,1141.0,1606.0,2861.0,3388.0,54.0,
New Hampshire,2009.0,,98.0,120.0,245.0,675.0,16.0,1239.0,1592.0,2679.0,3362.0,65.0,
New Hampshire,2010.0,14.0,87.0,161.0,232.0,680.0,15.0,1144.0,1688.0,2664.0,3465.0,51.0,
New Hampshire,2011.0,,98.0,125.0,229.0,712.0,16.0,1298.0,1751.0,2752.0,3774.0,61.0,
New Hampshire,2012.0,13.0,87.0,142.0,219.0,686.0,16.0,1291.0,1838.0,2679.0,3707.0,52.0,
New Hampshire,2013.0,14.0,106.0,159.0,195.0,703.0,11.0,1308.0,1885.0,2680.0,3766.0,70.0,
New Hampshire,2014.0,,106.0,226.0,251.0,678.0,19.0,1419.0,1955.0,2765.0,4037.0,53.0,
New Hampshire,2015.0,,103.0,249.0,322.0,671.0,15.0,1420.0,2115.0,2885.0,4144.0,52.0,
New Hampshire,2016.0,,144.0,290.0,350.0,676.0,19.0,1510.0,2128.0,2835.0,4197.0,45.0,
New Hampshire,2017.0,,126.0,283.0,278.0,700.0,11.0,1496.0,2239.0,3001.0,4310.0,51.0,
New Hampshire,2018.0,12.0,114.0,259.0,323.0,719.0,15.0,1587.0,2252.0,3031.0,4419.0,43.0,
New Jersey,1999.0,134.0,573.0,1102.0,2770.0,4534.0,146.0,6894.0,14015.0,22558.0,20481.0,766.0,
New Jersey,2000.0,94.0,648.0,1158.0,2693.0,4648.0,155.0,6927.0,13478.0,22743.0,21506.0,733.0,17.0
New Jersey,2001.0,94.0,699.0,1306.0,2878.0,4953.0,146.0,7063.0,12884.0,22466.0,21458.0,747.0,16.0
New Jersey,2002.0,106.0,690.0,1058.0,2602.0,4788.0,175.0,7134.0,12417.0,22368.0,21994.0,655.0,22.0
New Jersey,2003.0,107.0,737.0,1061.0,2448.0,4826.0,147.0,7114.0,11953.0,22205.0,22423.0,661.0,
New Jersey,2004.0,86.0,739.0,1039.0,2350.0,4668.0,142.0,7260.0,11168.0,21502.0,21752.0,651.0,14.0
New Jersey,2005.0,86.0,739.0,1051.0,2298.0,4736.0,148.0,7360.0,10911.0,21262.0,22769.0,595.0,
New Jersey,2006.0,84.0,781.0,1081.0,2266.0,4967.0,125.0,7514.0,10582.0,20235.0,22079.0,632.0,10.0
New Jersey,2007.0,91.0,709.0,946.0,2069.0,4625.0,142.0,7234.0,10345.0,20036.0,22860.0,601.0,
New Jersey,2008.0,89.0,657.0,940.0,1917.0,4688.0,103.0,7480.0,10441.0,19415.0,23662.0,626.0,
New Jersey,2009.0,77.0,636.0,960.0,1810.0,4536.0,108.0,7461.0,10226.0,18448.0,23444.0,566.0,
New Jersey,2010.0,76.0,641.0,936.0,1698.0,4604.0,107.0,7783.0,10457.0,18080.0,24597.0,514.0,
New Jersey,2011.0,89.0,708.0,1053.0,1662.0,4665.0,113.0,8047.0,10612.0,18171.0,24897.0,538.0,
New Jersey,2012.0,87.0,703.0,1041.0,1648.0,4487.0,109.0,7968.0,10890.0,17466.0,25672.0,459.0,
New Jersey,2013.0,79.0,655.0,1155.0,1675.0,4436.0,102.0,7953.0,11224.0,17415.0,26244.0,460.0,
New Jersey,2014.0,75.0,668.0,1117.0,1588.0,4361.0,124.0,8135.0,11774.0,16949.0,26068.0,454.0,
New Jersey,2015.0,83.0,663.0,1159.0,1663.0,4183.0,108.0,8365.0,11825.0,16928.0,26801.0,487.0,
New Jersey,2016.0,79.0,720.0,1511.0,1784.0,4284.0,105.0,8582.0,12466.0,16758.0,26445.0,421.0,
New Jersey,2017.0,54.0,660.0,1611.0,1938.0,4359.0,104.0,8728.0,12543.0,17113.0,27274.0,453.0,
New Jersey,2018.0,63.0,638.0,1610.0,2021.0,4156.0,131.0,8828.0,12881.0,17531.0,27506.0,390.0,10.0
New Mexico,1999.0,33.0,302.0,344.0,685.0,1025.0,70.0,1355.0,2561.0,3750.0,3355.0,188.0,
New Mexico,2000.0,31.0,324.0,324.0,696.0,1016.0,49.0,1344.0,2513.0,3705.0,3236.0,180.0,
New Mexico,2001.0,38.0,255.0,338.0,727.0,1169.0,60.0,1427.0,2442.0,3790.0,3698.0,174.0,11.0
New Mexico,2002.0,38.0,313.0,342.0,733.0,1138.0,55.0,1578.0,2519.0,3936.0,3511.0,174.0,
New Mexico,2003.0,46.0,338.0,383.0,712.0,1177.0,66.0,1641.0,2560.0,3931.0,3786.0,160.0,
New Mexico,2004.0,45.0,335.0,374.0,672.0,1194.0,62.0,1692.0,2332.0,3794.0,3612.0,179.0,
New Mexico,2005.0,54.0,322.0,352.0,655.0,1334.0,62.0,1719.0,2525.0,3942.0,3834.0,177.0,
New Mexico,2006.0,33.0,314.0,407.0,692.0,1321.0,53.0,1870.0,2456.0,4040.0,3936.0,173.0,
New Mexico,2007.0,48.0,326.0,411.0,656.0,1359.0,42.0,1939.0,2539.0,3983.0,3985.0,192.0,
New Mexico,2008.0,38.0,322.0,443.0,739.0,1381.0,53.0,1962.0,2615.0,3925.0,4355.0,169.0,
New Mexico,2009.0,37.0,321.0,415.0,673.0,1374.0,45.0,2052.0,2559.0,3864.0,4148.0,153.0,
New Mexico,2010.0,46.0,291.0,411.0,612.0,1375.0,33.0,2073.0,2604.0,3916.0,4413.0,157.0,
New Mexico,2011.0,50.0,273.0,438.0,639.0,1398.0,46.0,2246.0,2721.0,3969.0,4522.0,148.0,
New Mexico,2012.0,41.0,281.0,470.0,635.0,1375.0,35.0,2296.0,2833.0,4012.0,4542.0,186.0,
New Mexico,2013.0,35.0,254.0,445.0,623.0,1341.0,38.0,2326.0,2993.0,3892.0,4711.0,144.0,
New Mexico,2014.0,28.0,317.0,533.0,680.0,1372.0,46.0,2455.0,3129.0,4037.0,4838.0,141.0,
New Mexico,2015.0,33.0,292.0,524.0,733.0,1375.0,56.0,2370.0,3255.0,4121.0,4793.0,131.0,
New Mexico,2016.0,38.0,284.0,600.0,727.0,1310.0,45.0,2587.0,3421.0,4228.0,4967.0,154.0,
New Mexico,2017.0,29.0,273.0,566.0,721.0,1353.0,44.0,2510.0,3650.0,4284.0,5102.0,140.0,
New Mexico,2018.0,22.0,270.0,613.0,772.0,1282.0,59.0,2533.0,3823.0,4279.0,5221.0,131.0,
New York,1999.0,288.0,1535.0,2526.0,5717.0,10345.0,423.0,15952.0,29828.0,46118.0,45544.0,1627.0,24.0
New York,2000.0,263.0,1511.0,2394.0,5568.0,10525.0,355.0,15685.0,28588.0,45640.0,45995.0,1656.0,23.0
New York,2001.0,284.0,1697.0,2921.0,6283.0,11094.0,378.0,15750.0,27239.0,45415.0,46665.0,1482.0,32.0
New York,2002.0,242.0,1573.0,2247.0,5621.0,10718.0,358.0,15913.0,27001.0,45324.0,47580.0,1519.0,22.0
New York,2003.0,219.0,1564.0,2229.0,5106.0,10695.0,360.0,16160.0,25707.0,44927.0,47369.0,1533.0,
New York,2004.0,213.0,1503.0,2046.0,4893.0,10502.0,358.0,16280.0,24542.0,43948.0,46873.0,1518.0,
New York,2005.0,226.0,1598.0,1969.0,4693.0,10544.0,330.0,16256.0,24033.0,42998.0,48341.0,1431.0,
New York,2006.0,223.0,1554.0,1979.0,4566.0,10307.0,270.0,16440.0,23030.0,41255.0,47771.0,1407.0,
New York,2007.0,213.0,1426.0,1932.0,4333.0,10210.0,306.0,16625.0,22817.0,40584.0,47820.0,1412.0,
New York,2008.0,218.0,1391.0,2007.0,4068.0,9889.0,315.0,16865.0,23269.0,39806.0,49491.0,1374.0,
New York,2009.0,197.0,1455.0,1962.0,3870.0,10110.0,286.0,16892.0,23031.0,38500.0,48838.0,1323.0,11.0
New York,2010.0,179.0,1493.0,1963.0,3573.0,9748.0,263.0,17196.0,22852.0,37473.0,50432.0,1243.0,17.0
New York,2011.0,185.0,1464.0,2147.0,3523.0,9593.0,272.0,17527.0,23303.0,37578.0,52335.0,1223.0,24.0
New York,2012.0,189.0,1387.0,2121.0,3360.0,9396.0,268.0,17770.0,23837.0,36680.0,52755.0,1210.0,18.0
New York,2013.0,196.0,1362.0,2197.0,3374.0,9376.0,254.0,17811.0,24821.0,36450.0,53884.0,1167.0,27.0
New York,2014.0,182.0,1305.0,2222.0,3349.0,9077.0,259.0,18119.0,25172.0,35613.0,53496.0,1110.0,40.0
New York,2015.0,181.0,1354.0,2444.0,3392.0,8965.0,226.0,18008.0,26049.0,36009.0,55894.0,1087.0,19.0
New York,2016.0,153.0,1444.0,2883.0,3700.0,8910.0,253.0,18707.0,27053.0,35501.0,54688.0,1047.0,19.0
New York,2017.0,165.0,1261.0,2824.0,3648.0,8609.0,240.0,18611.0,27308.0,35682.0,55950.0,1047.0,13.0
New York,2018.0,168.0,1160.0,2686.0,3634.0,8253.0,259.0,18658.0,27773.0,36845.0,56726.0,974.0,47.0
North Carolina,1999.0,148.0,1024.0,1318.0,2803.0,4931.0,226.0,7768.0,14081.0,19804.0,16451.0,1038.0,
North Carolina,2000.0,145.0,976.0,1403.0,2850.0,5290.0,227.0,8049.0,14098.0,20421.0,17432.0,1038.0,
North Carolina,2001.0,141.0,1040.0,1338.0,2968.0,5334.0,213.0,7921.0,13771.0,20097.0,17089.0,1009.0,13.0
North Carolina,2002.0,136.0,1017.0,1419.0,2922.0,5406.0,232.0,8209.0,13615.0,20331.0,17777.0,959.0,
North Carolina,2003.0,149.0,1077.0,1380.0,2864.0,5663.0,209.0,8661.0,13363.0,21076.0,18037.0,972.0,
North Carolina,2004.0,141.0,1110.0,1384.0,2910.0,5698.0,212.0,8742.0,12995.0,20362.0,17763.0,1053.0,14.0
North Carolina,2005.0,142.0,1058.0,1437.0,2724.0,6012.0,199.0,9136.0,13200.0,20681.0,18958.0,1083.0,
North Carolina,2006.0,142.0,1149.0,1384.0,2887.0,6076.0,210.0,9616.0,13125.0,20285.0,18804.0,1033.0,
North Carolina,2007.0,144.0,1095.0,1455.0,2775.0,6098.0,223.0,9830.0,13526.0,20100.0,19682.0,1112.0,
North Carolina,2008.0,147.0,1098.0,1435.0,2596.0,6253.0,179.0,10010.0,13673.0,20376.0,20432.0,1073.0,11.0
North Carolina,2009.0,147.0,1065.0,1386.0,2581.0,6251.0,170.0,10283.0,13773.0,19735.0,20717.0,1004.0,
North Carolina,2010.0,154.0,915.0,1381.0,2411.0,6202.0,154.0,10552.0,14356.0,20194.0,21587.0,858.0,
North Carolina,2011.0,123.0,961.0,1411.0,2304.0,6190.0,179.0,11066.0,14525.0,20268.0,21977.0,870.0,
North Carolina,2012.0,132.0,928.0,1398.0,2417.0,6130.0,180.0,11257.0,15520.0,20077.0,23000.0,885.0,
North Carolina,2013.0,136.0,904.0,1428.0,2410.0,6115.0,182.0,11495.0,16071.0,20341.0,23408.0,832.0,
North Carolina,2014.0,132.0,943.0,1523.0,2458.0,6047.0,181.0,11891.0,16801.0,20782.0,23746.0,857.0,
North Carolina,2015.0,153.0,972.0,1584.0,2509.0,6100.0,170.0,12223.0,17714.0,21626.0,25189.0,884.0,
North Carolina,2016.0,126.0,1106.0,1867.0,2664.0,6093.0,195.0,12699.0,18402.0,21365.0,25069.0,870.0,
North Carolina,2017.0,119.0,1119.0,2073.0,2827.0,5957.0,197.0,12952.0,19089.0,22313.0,25661.0,847.0,
North Carolina,2018.0,118.0,1063.0,2049.0,2785.0,5775.0,188.0,13053.0,19215.0,23074.0,25765.0,797.0,
North Dakota,1999.0,17.0,84.0,71.0,150.0,252.0,12.0,488.0,987.0,1779.0,2211.0,52.0,
North Dakota,2000.0,,70.0,56.0,153.0,260.0,20.0,454.0,939.0,1758.0,2081.0,62.0,
North Dakota,2001.0,,64.0,64.0,149.0,297.0,10.0,458.0,968.0,1709.0,2253.0,67.0,
North Dakota,2002.0,,65.0,64.0,150.0,299.0,14.0,454.0,947.0,1624.0,2218.0,49.0,
North Dakota,2003.0,,94.0,61.0,146.0,306.0,23.0,500.0,924.0,1693.0,2279.0,58.0,
North Dakota,2004.0,10.0,60.0,74.0,120.0,281.0,17.0,444.0,852.0,1557.0,2140.0,46.0,
North Dakota,2005.0,,84.0,84.0,129.0,308.0,17.0,488.0,785.0,1581.0,2211.0,50.0,
North Dakota,2006.0,14.0,87.0,68.0,121.0,342.0,11.0,506.0,843.0,1606.0,2220.0,50.0,
North Dakota,2007.0,,85.0,87.0,113.0,319.0,11.0,478.0,786.0,1457.0,2150.0,66.0,
North Dakota,2008.0,,64.0,75.0,138.0,326.0,12.0,579.0,835.0,1589.0,2196.0,52.0,
North Dakota,2009.0,,82.0,103.0,136.0,346.0,13.0,565.0,839.0,1535.0,2233.0,55.0,
North Dakota,2010.0,,79.0,82.0,133.0,316.0,13.0,570.0,828.0,1537.0,2319.0,62.0,
North Dakota,2011.0,12.0,87.0,91.0,126.0,344.0,11.0,611.0,813.0,1525.0,2284.0,61.0,
North Dakota,2012.0,,79.0,111.0,160.0,366.0,11.0,613.0,812.0,1497.0,2317.0,63.0,
North Dakota,2013.0,14.0,97.0,109.0,164.0,366.0,,681.0,904.0,1437.0,2390.0,65.0,
North Dakota,2014.0,14.0,90.0,116.0,143.0,334.0,,680.0,933.0,1434.0,2378.0,57.0,
North Dakota,2015.0,,78.0,154.0,175.0,340.0,13.0,724.0,938.0,1467.0,2244.0,81.0,
North Dakota,2016.0,,83.0,135.0,174.0,323.0,17.0,716.0,1015.0,1378.0,2322.0,74.0,
North Dakota,2017.0,,94.0,173.0,150.0,315.0,16.0,706.0,993.0,1416.0,2499.0,46.0,
North Dakota,2018.0,,61.0,144.0,184.0,299.0,20.0,743.0,1086.0,1452.0,2393.0,59.0,
Ohio,1999.0,192.0,1123.0,1476.0,3525.0,6329.0,268.0,10615.0,21748.0,33073.0,28922.0,1244.0,
Ohio,2000.0,199.0,1057.0,1400.0,3474.0,6706.0,326.0,10621.0,20709.0,33196.0,29249.0,1187.0,
Ohio,2001.0,184.0,1111.0,1470.0,3477.0,6979.0,242.0,10546.0,20332.0,33238.0,29287.0,1161.0,
Ohio,2002.0,162.0,1151.0,1491.0,3509.0,7183.0,259.0,11106.0,19819.0,33650.0,30255.0,1180.0,
Ohio,2003.0,208.0,1167.0,1465.0,3373.0,7326.0,238.0,11386.0,19038.0,33130.0,30620.0,1159.0,
Ohio,2004.0,180.0,1225.0,1451.0,3207.0,7537.0,244.0,11341.0,18349.0,32275.0,29336.0,1143.0,
Ohio,2005.0,162.0,1153.0,1548.0,3378.0,7846.0,264.0,11769.0,18009.0,32457.0,31220.0,1225.0,
Ohio,2006.0,160.0,1132.0,1550.0,3050.0,7859.0,264.0,12165.0,17448.0,31231.0,30796.0,1170.0,
Ohio,2007.0,190.0,1202.0,1598.0,3044.0,7808.0,189.0,12384.0,17526.0,30120.0,31312.0,1160.0,
Ohio,2008.0,179.0,1065.0,1566.0,3104.0,8090.0,216.0,12734.0,18054.0,30508.0,33107.0,1144.0,
Ohio,2009.0,160.0,994.0,1655.0,3010.0,8030.0,219.0,13150.0,17787.0,28874.0,32164.0,1112.0,
Ohio,2010.0,187.0,1081.0,1622.0,2808.0,7838.0,189.0,13537.0,17767.0,28438.0,34172.0,1072.0,
Ohio,2011.0,159.0,1084.0,1708.0,2865.0,7912.0,181.0,14219.0,18226.0,28698.0,35288.0,1087.0,
Ohio,2012.0,167.0,1072.0,1775.0,2879.0,7575.0,179.0,14538.0,19041.0,28306.0,35926.0,1039.0,
Ohio,2013.0,169.0,1043.0,1835.0,2898.0,7704.0,199.0,14683.0,19677.0,27622.0,36410.0,1018.0,
Ohio,2014.0,131.0,1035.0,1998.0,3020.0,7356.0,184.0,15248.0,20619.0,27735.0,36227.0,956.0,
Ohio,2015.0,134.0,1199.0,2313.0,3185.0,7484.0,205.0,15530.0,21430.0,28217.0,37486.0,1005.0,
Ohio,2016.0,169.0,1289.0,2701.0,3523.0,7536.0,201.0,16162.0,21986.0,27894.0,37088.0,1023.0,
Ohio,2017.0,155.0,1430.0,2998.0,3885.0,7527.0,221.0,16610.0,23030.0,28937.0,37872.0,983.0,
Ohio,2018.0,168.0,1208.0,2613.0,3573.0,7030.0,193.0,16394.0,23798.0,29732.0,38617.0,938.0,
Oklahoma,1999.0,98.0,502.0,598.0,1251.0,2164.0,113.0,3637.0,6574.0,9820.0,9521.0,417.0,
Oklahoma,2000.0,66.0,453.0,545.0,1352.0,2261.0,104.0,3822.0,6594.0,9754.0,9701.0,425.0,
Oklahoma,2001.0,76.0,490.0,551.0,1256.0,2386.0,133.0,3675.0,6368.0,9936.0,9444.0,366.0,
Oklahoma,2002.0,69.0,484.0,561.0,1283.0,2536.0,95.0,4118.0,6430.0,10089.0,9426.0,410.0,
Oklahoma,2003.0,92.0,488.0,630.0,1288.0,2590.0,102.0,4096.0,6362.0,10039.0,9633.0,397.0,
Oklahoma,2004.0,84.0,537.0,591.0,1288.0,2651.0,93.0,4151.0,6213.0,9411.0,9051.0,411.0,
Oklahoma,2005.0,75.0,538.0,606.0,1300.0,2800.0,106.0,4482.0,6352.0,9989.0,9512.0,417.0,
Oklahoma,2006.0,89.0,521.0,690.0,1213.0,2812.0,112.0,4428.0,6252.0,9568.0,9309.0,432.0,
Oklahoma,2007.0,84.0,519.0,703.0,1184.0,2945.0,114.0,4554.0,6364.0,9716.0,9380.0,469.0,
Oklahoma,2008.0,97.0,539.0,746.0,1229.0,3168.0,105.0,4803.0,6547.0,9773.0,9609.0,397.0,
Oklahoma,2009.0,84.0,513.0,701.0,1186.0,3107.0,115.0,4898.0,6478.0,9134.0,8955.0,428.0,
Oklahoma,2010.0,88.0,468.0,754.0,1149.0,3008.0,87.0,5080.0,6574.0,9259.0,9657.0,404.0,
Oklahoma,2011.0,96.0,490.0,760.0,1130.0,3037.0,99.0,5289.0,6843.0,9224.0,9828.0,378.0,
Oklahoma,2012.0,82.0,502.0,807.0,1168.0,2959.0,85.0,5280.0,6877.0,9055.0,9657.0,398.0,
Oklahoma,2013.0,85.0,481.0,754.0,1231.0,3023.0,103.0,5617.0,7443.0,9286.0,9997.0,364.0,
Oklahoma,2014.0,73.0,476.0,742.0,1237.0,2906.0,107.0,5835.0,7524.0,9310.0,9820.0,434.0,
Oklahoma,2015.0,85.0,469.0,834.0,1255.0,2866.0,109.0,5959.0,7738.0,9551.0,10170.0,386.0,
Oklahoma,2016.0,76.0,489.0,864.0,1332.0,2743.0,89.0,5928.0,8009.0,9449.0,9906.0,391.0,
Oklahoma,2017.0,72.0,473.0,851.0,1243.0,2712.0,92.0,6145.0,8169.0,9847.0,10461.0,387.0,
Oklahoma,2018.0,67.0,413.0,808.0,1230.0,2626.0,87.0,6138.0,8601.0,10120.0,10490.0,353.0,
Oregon,1999.0,49.0,292.0,424.0,926.0,1849.0,95.0,2646.0,5211.0,9067.0,8602.0,261.0,
Oregon,2000.0,61.0,334.0,387.0,902.0,1838.0,76.0,2697.0,5039.0,9116.0,8846.0,255.0,
Oregon,2001.0,39.0,303.0,431.0,909.0,1979.0,78.0,2870.0,5055.0,9172.0,9076.0,246.0,
Oregon,2002.0,57.0,332.0,443.0,927.0,2067.0,82.0,3051.0,5091.0,9364.0,9444.0,260.0,
Oregon,2003.0,70.0,346.0,413.0,938.0,2100.0,77.0,3297.0,4983.0,8968.0,9463.0,256.0,
Oregon,2004.0,51.0,351.0,393.0,945.0,2139.0,76.0,3156.0,4781.0,8824.0,9343.0,251.0,
Oregon,2005.0,47.0,341.0,452.0,888.0,2193.0,68.0,3363.0,4818.0,8685.0,9965.0,269.0,
Oregon,2006.0,53.0,361.0,438.0,861.0,2220.0,78.0,3518.0,4781.0,8577.0,10226.0,267.0,
Oregon,2007.0,45.0,326.0,446.0,833.0,2276.0,66.0,3677.0,4805.0,8405.0,10237.0,284.0,
Oregon,2008.0,48.0,334.0,419.0,853.0,2163.0,63.0,3769.0,5017.0,8344.0,10704.0,253.0,
Oregon,2009.0,35.0,293.0,449.0,805.0,2197.0,62.0,4044.0,5007.0,7896.0,10621.0,227.0,
Oregon,2010.0,42.0,270.0,409.0,756.0,2127.0,52.0,4009.0,5138.0,7899.0,10963.0,225.0,
Oregon,2011.0,53.0,299.0,463.0,805.0,2044.0,63.0,4198.0,5359.0,7987.0,11309.0,208.0,
Oregon,2012.0,39.0,292.0,481.0,750.0,2043.0,60.0,4225.0,5555.0,7657.0,11417.0,240.0,
Oregon,2013.0,39.0,292.0,468.0,750.0,1951.0,51.0,4405.0,6068.0,8009.0,11682.0,224.0,
Oregon,2014.0,33.0,320.0,493.0,809.0,1972.0,57.0,4534.0,6229.0,7865.0,11605.0,234.0,
Oregon,2015.0,28.0,301.0,510.0,839.0,1965.0,55.0,4532.0,6760.0,8326.0,12157.0,232.0,
Oregon,2016.0,39.0,355.0,551.0,776.0,1964.0,56.0,4539.0,6949.0,8214.0,12124.0,211.0,
Oregon,2017.0,50.0,341.0,552.0,858.0,1807.0,74.0,4608.0,7167.0,8682.0,12249.0,236.0,
Oregon,2018.0,30.0,309.0,593.0,813.0,1802.0,62.0,4488.0,7253.0,8829.0,11832.0,176.0,
Pennsylvania,1999.0,183.0,1293.0,1662.0,3815.0,6877.0,293.0,11442.0,24839.0,41633.0,37176.0,1058.0,12.0
Pennsylvania,2000.0,161.0,1233.0,1659.0,3869.0,7182.0,287.0,11493.0,23534.0,42215.0,38129.0,1039.0,12.0
Pennsylvania,2001.0,180.0,1347.0,1555.0,3836.0,7564.0,270.0,11399.0,22849.0,41374.0,38304.0,1033.0,18.0
Pennsylvania,2002.0,159.0,1393.0,1630.0,3904.0,7521.0,294.0,11667.0,21948.0,41280.0,39327.0,1091.0,
Pennsylvania,2003.0,163.0,1407.0,1569.0,3674.0,7597.0,255.0,12018.0,21305.0,41211.0,39487.0,1070.0,13.0
Pennsylvania,2004.0,164.0,1358.0,1577.0,3623.0,7709.0,248.0,12051.0,20444.0,39848.0,39534.0,1049.0,35.0
Pennsylvania,2005.0,172.0,1505.0,1657.0,3500.0,8037.0,244.0,12541.0,19893.0,39626.0,41282.0,1061.0,14.0
Pennsylvania,2006.0,154.0,1471.0,1765.0,3510.0,7925.0,227.0,12745.0,19005.0,37376.0,40206.0,1138.0,17.0
Pennsylvania,2007.0,165.0,1382.0,1677.0,3119.0,7793.0,223.0,13068.0,18489.0,36711.0,41322.0,1139.0,16.0
Pennsylvania,2008.0,165.0,1358.0,1680.0,3087.0,7923.0,187.0,13155.0,19196.0,36540.0,43059.0,1100.0,12.0
Pennsylvania,2009.0,140.0,1223.0,1730.0,2979.0,8098.0,188.0,13470.0,18920.0,34691.0,42274.0,1052.0,15.0
Pennsylvania,2010.0,128.0,1321.0,1653.0,2825.0,7900.0,180.0,13647.0,19181.0,33286.0,43425.0,1039.0,11.0
Pennsylvania,2011.0,135.0,1308.0,1949.0,2870.0,7881.0,190.0,14599.0,19328.0,33293.0,45746.0,935.0,
Pennsylvania,2012.0,145.0,1345.0,1941.0,2803.0,7522.0,179.0,14268.0,19951.0,32114.0,45711.0,991.0,11.0
Pennsylvania,2013.0,114.0,1243.0,1914.0,2836.0,7399.0,170.0,14735.0,20683.0,32086.0,47002.0,938.0,
Pennsylvania,2014.0,130.0,1217.0,1973.0,2773.0,7277.0,151.0,15142.0,21343.0,31106.0,46463.0,838.0,21.0
Pennsylvania,2015.0,129.0,1268.0,2349.0,2869.0,7409.0,180.0,15456.0,22485.0,31374.0,48194.0,862.0,23.0
Pennsylvania,2016.0,150.0,1401.0,2830.0,3286.0,7376.0,193.0,15678.0,22958.0,30846.0,47437.0,857.0,28.0
Pennsylvania,2017.0,111.0,1476.0,3076.0,3470.0,7175.0,187.0,15902.0,23623.0,31434.0,48329.0,841.0,32.0
Pennsylvania,2018.0,129.0,1202.0,2823.0,3285.0,6593.0,201.0,15970.0,23932.0,31595.0,48143.0,805.0,24.0
Rhode Island,1999.0,12.0,70.0,104.0,306.0,482.0,25.0,790.0,1733.0,3028.0,3084.0,71.0,
Rhode Island,2000.0,,89.0,98.0,309.0,513.0,25.0,775.0,1664.0,3188.0,3274.0,79.0,
Rhode Island,2001.0,16.0,84.0,125.0,303.0,562.0,13.0,795.0,1642.0,3144.0,3246.0,86.0,
Rhode Island,2002.0,,83.0,107.0,310.0,557.0,21.0,916.0,1555.0,3234.0,3366.0,90.0,
Rhode Island,2003.0,10.0,102.0,154.0,315.0,593.0,16.0,851.0,1471.0,3058.0,3380.0,88.0,
Rhode Island,2004.0,13.0,91.0,97.0,251.0,610.0,,867.0,1449.0,2962.0,3352.0,68.0,
Rhode Island,2005.0,15.0,77.0,82.0,266.0,575.0,22.0,914.0,1390.0,2960.0,3623.0,82.0,
Rhode Island,2006.0,11.0,84.0,100.0,238.0,609.0,18.0,908.0,1307.0,2852.0,3487.0,76.0,
Rhode Island,2007.0,,72.0,104.0,236.0,576.0,11.0,976.0,1273.0,2734.0,3645.0,91.0,
Rhode Island,2008.0,,78.0,105.0,239.0,613.0,18.0,971.0,1317.0,2665.0,3657.0,71.0,
Rhode Island,2009.0,,82.0,99.0,220.0,623.0,20.0,970.0,1255.0,2494.0,3554.0,71.0,
Rhode Island,2010.0,10.0,67.0,111.0,212.0,592.0,10.0,1000.0,1328.0,2514.0,3656.0,79.0,
Rhode Island,2011.0,,58.0,118.0,202.0,559.0,13.0,1083.0,1283.0,2351.0,3839.0,70.0,
Rhode Island,2012.0,,59.0,118.0,195.0,540.0,17.0,1027.0,1355.0,2168.0,3798.0,71.0,
Rhode Island,2013.0,,67.0,122.0,194.0,612.0,10.0,1084.0,1485.0,2233.0,3910.0,70.0,
Rhode Island,2014.0,,68.0,142.0,194.0,579.0,12.0,1069.0,1495.0,2176.0,3979.0,48.0,
Rhode Island,2015.0,11.0,84.0,173.0,193.0,523.0,,1161.0,1549.0,2251.0,4148.0,62.0,
Rhode Island,2016.0,,73.0,165.0,227.0,524.0,14.0,1163.0,1527.0,2124.0,3849.0,62.0,
Rhode Island,2017.0,,71.0,170.0,236.0,492.0,12.0,1151.0,1730.0,2183.0,4043.0,66.0,
Rhode Island,2018.0,,69.0,143.0,220.0,439.0,10.0,1133.0,1761.0,2235.0,4010.0,53.0,
South Carolina,1999.0,94.0,556.0,730.0,1645.0,2984.0,129.0,4522.0,7461.0,9895.0,7472.0,563.0,
South Carolina,2000.0,76.0,605.0,771.0,1660.0,3113.0,124.0,4458.0,7383.0,10356.0,7900.0,488.0,14.0
South Carolina,2001.0,66.0,592.0,818.0,1750.0,3090.0,135.0,4560.0,7093.0,10262.0,7747.0,496.0,
South Carolina,2002.0,77.0,610.0,798.0,1685.0,3189.0,129.0,4677.0,7124.0,10375.0,8561.0,507.0,
South Carolina,2003.0,76.0,577.0,761.0,1678.0,3271.0,121.0,5126.0,7141.0,10471.0,8426.0,463.0,
South Carolina,2004.0,79.0,619.0,795.0,1580.0,3364.0,115.0,5036.0,6744.0,10087.0,8327.0,525.0,
South Carolina,2005.0,73.0,624.0,836.0,1557.0,3457.0,127.0,5200.0,7010.0,10412.0,8856.0,543.0,12.0
South Carolina,2006.0,71.0,629.0,833.0,1603.0,3491.0,107.0,5471.0,7118.0,10130.0,8780.0,522.0,
South Carolina,2007.0,94.0,652.0,820.0,1576.0,3461.0,110.0,5736.0,7230.0,10031.0,9185.0,539.0,
South Carolina,2008.0,72.0,611.0,779.0,1459.0,3594.0,100.0,5619.0,7343.0,10172.0,10032.0,507.0,
South Carolina,2009.0,84.0,569.0,777.0,1354.0,3519.0,98.0,6027.0,7484.0,10023.0,10083.0,430.0,
South Carolina,2010.0,73.0,525.0,799.0,1381.0,3648.0,95.0,6199.0,7826.0,10112.0,10523.0,430.0,
South Carolina,2011.0,63.0,528.0,822.0,1364.0,3561.0,104.0,6154.0,7824.0,10285.0,10940.0,426.0,
South Carolina,2012.0,60.0,519.0,803.0,1301.0,3489.0,85.0,6397.0,8481.0,10298.0,11328.0,436.0,
South Carolina,2013.0,70.0,492.0,775.0,1370.0,3461.0,93.0,6583.0,8940.0,10869.0,11539.0,389.0,
South Carolina,2014.0,78.0,568.0,853.0,1356.0,3471.0,86.0,6864.0,9354.0,10678.0,11772.0,372.0,
South Carolina,2015.0,85.0,596.0,1023.0,1470.0,3446.0,87.0,6983.0,9712.0,11247.0,12143.0,405.0,
South Carolina,2016.0,71.0,615.0,1036.0,1513.0,3498.0,97.0,7174.0,10339.0,11358.0,12025.0,401.0,
South Carolina,2017.0,88.0,591.0,1114.0,1552.0,3358.0,102.0,7490.0,10516.0,11938.0,12320.0,371.0,
South Carolina,2018.0,71.0,648.0,1159.0,1590.0,3266.0,93.0,7454.0,10894.0,12295.0,12762.0,406.0,
South Dakota,1999.0,10.0,115.0,99.0,214.0,367.0,30.0,559.0,1133.0,1948.0,2384.0,94.0,
South Dakota,2000.0,18.0,99.0,102.0,193.0,359.0,36.0,538.0,1163.0,2001.0,2455.0,57.0,
South Dakota,2001.0,14.0,100.0,94.0,192.0,370.0,35.0,570.0,1112.0,2021.0,2337.0,78.0,
South Dakota,2002.0,17.0,103.0,105.0,205.0,375.0,29.0,541.0,1087.0,1943.0,2423.0,70.0,
South Dakota,2003.0,23.0,120.0,107.0,204.0,447.0,31.0,606.0,1040.0,2032.0,2448.0,74.0,
South Dakota,2004.0,20.0,104.0,106.0,190.0,398.0,37.0,572.0,1021.0,1891.0,2401.0,93.0,
South Dakota,2005.0,17.0,108.0,106.0,194.0,408.0,25.0,702.0,982.0,2028.0,2433.0,83.0,
South Dakota,2006.0,13.0,112.0,103.0,185.0,416.0,19.0,674.0,977.0,1889.0,2614.0,82.0,
South Dakota,2007.0,18.0,92.0,97.0,146.0,405.0,23.0,671.0,1015.0,1771.0,2509.0,79.0,
South Dakota,2008.0,13.0,109.0,100.0,173.0,384.0,13.0,678.0,1029.0,1909.0,2574.0,101.0,
South Dakota,2009.0,12.0,123.0,107.0,172.0,417.0,27.0,713.0,959.0,1763.0,2550.0,80.0,
South Dakota,2010.0,12.0,92.0,121.0,162.0,391.0,23.0,759.0,1019.0,1814.0,2625.0,82.0,
South Dakota,2011.0,12.0,91.0,116.0,164.0,425.0,25.0,760.0,1060.0,1799.0,2788.0,74.0,
South Dakota,2012.0,23.0,94.0,125.0,169.0,442.0,21.0,784.0,1099.0,1714.0,2757.0,105.0,
South Dakota,2013.0,19.0,99.0,105.0,187.0,416.0,19.0,795.0,1106.0,1676.0,2597.0,80.0,
South Dakota,2014.0,15.0,89.0,126.0,217.0,449.0,24.0,860.0,1104.0,1808.0,2743.0,72.0,
South Dakota,2015.0,15.0,121.0,137.0,197.0,438.0,30.0,866.0,1203.0,1728.0,2906.0,90.0,
South Dakota,2016.0,24.0,125.0,145.0,210.0,399.0,22.0,911.0,1299.0,1810.0,2841.0,59.0,
South Dakota,2017.0,15.0,86.0,159.0,214.0,428.0,41.0,927.0,1377.0,1783.0,2872.0,94.0,
South Dakota,2018.0,16.0,103.0,170.0,187.0,390.0,21.0,945.0,1408.0,1783.0,2878.0,70.0,
Tennessee,1999.0,125.0,787.0,1064.0,2279.0,3846.0,199.0,6209.0,10515.0,14961.0,13172.0,599.0,
Tennessee,2000.0,106.0,860.0,1118.0,2319.0,3999.0,194.0,6371.0,10667.0,15400.0,13487.0,724.0,
Tennessee,2001.0,108.0,797.0,1078.0,2334.0,4280.0,141.0,6352.0,10499.0,15227.0,13651.0,681.0,
Tennessee,2002.0,107.0,847.0,1151.0,2466.0,4420.0,165.0,6720.0,10425.0,15610.0,13962.0,727.0,
Tennessee,2003.0,101.0,784.0,1134.0,2514.0,4734.0,167.0,6995.0,10411.0,15561.0,14179.0,730.0,
Tennessee,2004.0,105.0,897.0,1133.0,2318.0,4779.0,146.0,7092.0,10038.0,15163.0,13467.0,687.0,
Tennessee,2005.0,106.0,862.0,1154.0,2352.0,4921.0,148.0,7374.0,10327.0,15326.0,13965.0,724.0,
Tennessee,2006.0,113.0,906.0,1145.0,2339.0,4980.0,132.0,7716.0,10147.0,14802.0,13821.0,733.0,
Tennessee,2007.0,110.0,835.0,1150.0,2231.0,4940.0,115.0,7738.0,10175.0,14779.0,14288.0,721.0,
Tennessee,2008.0,118.0,750.0,1140.0,2131.0,5020.0,126.0,7949.0,10806.0,15146.0,14940.0,693.0,
Tennessee,2009.0,90.0,794.0,1154.0,2076.0,5186.0,119.0,8256.0,10795.0,14652.0,14505.0,658.0,
Tennessee,2010.0,109.0,729.0,1197.0,2062.0,5196.0,131.0,8394.0,10975.0,14804.0,15351.0,630.0,
Tennessee,2011.0,97.0,662.0,1181.0,2058.0,5256.0,119.0,8934.0,11185.0,14695.0,15764.0,588.0,
Tennessee,2012.0,115.0,731.0,1152.0,2010.0,5208.0,102.0,9155.0,11878.0,15000.0,16020.0,585.0,
Tennessee,2013.0,94.0,665.0,1132.0,2033.0,5116.0,132.0,9381.0,12661.0,15136.0,16510.0,544.0,
Tennessee,2014.0,97.0,715.0,1213.0,2132.0,5152.0,121.0,9741.0,13058.0,15423.0,16443.0,564.0,
Tennessee,2015.0,77.0,716.0,1295.0,2128.0,5044.0,143.0,10064.0,13671.0,15928.0,16933.0,570.0,
Tennessee,2016.0,99.0,779.0,1456.0,2185.0,5031.0,154.0,10173.0,14272.0,16108.0,17003.0,597.0,
Tennessee,2017.0,118.0,814.0,1536.0,2335.0,4862.0,143.0,10549.0,14787.0,16596.0,17759.0,597.0,
Tennessee,2018.0,109.0,794.0,1661.0,2288.0,5045.0,130.0,10724.0,14893.0,17235.0,17638.0,560.0,
Texas,1999.0,459.0,2550.0,3123.0,6518.0,10650.0,692.0,15931.0,28380.0,39758.0,36614.0,2164.0,19.0
Texas,2000.0,483.0,2747.0,3344.0,6576.0,11330.0,627.0,16394.0,27835.0,40616.0,37887.0,2065.0,35.0
Texas,2001.0,533.0,2689.0,3310.0,6747.0,12045.0,609.0,17032.0,27911.0,41485.0,38214.0,2171.0,33.0
Texas,2002.0,459.0,2862.0,3325.0,6891.0,12673.0,637.0,17646.0,28112.0,42226.0,38285.0,2368.0,40.0
Texas,2003.0,524.0,2857.0,3394.0,6834.0,12804.0,631.0,18221.0,27479.0,41775.0,37827.0,2484.0,40.0
Texas,2004.0,472.0,2710.0,3453.0,6561.0,12992.0,633.0,18607.0,26683.0,41312.0,37013.0,2407.0,27.0
Texas,2005.0,446.0,2777.0,3428.0,6599.0,13431.0,597.0,19315.0,26653.0,41932.0,38707.0,2537.0,35.0
Texas,2006.0,448.0,2851.0,3555.0,6399.0,13881.0,596.0,19947.0,26203.0,41463.0,39312.0,2486.0,
Texas,2007.0,497.0,2889.0,3614.0,6332.0,14152.0,561.0,20993.0,26787.0,41427.0,40718.0,2564.0,14.0
Texas,2008.0,515.0,2820.0,3700.0,6305.0,14180.0,483.0,22034.0,28016.0,42021.0,42330.0,2504.0,
Texas,2009.0,476.0,2766.0,3749.0,6025.0,14366.0,546.0,22549.0,27916.0,40700.0,41748.0,2402.0,
Texas,2010.0,437.0,2599.0,3583.0,5782.0,14271.0,494.0,23247.0,28411.0,41297.0,44030.0,2368.0,
Texas,2011.0,464.0,2597.0,3667.0,5722.0,14173.0,505.0,24407.0,29406.0,40769.0,44778.0,2143.0,
Texas,2012.0,450.0,2617.0,3765.0,5723.0,14099.0,507.0,25293.0,30724.0,41909.0,46868.0,2229.0,
Texas,2013.0,433.0,2538.0,3889.0,5892.0,14127.0,530.0,25992.0,32819.0,42704.0,47991.0,2264.0,
Texas,2014.0,379.0,2586.0,4049.0,6099.0,14242.0,569.0,27214.0,34403.0,43268.0,48755.0,2337.0,11.0
Texas,2015.0,429.0,2682.0,4279.0,6177.0,14007.0,541.0,27665.0,36634.0,43996.0,50929.0,2308.0,
Texas,2016.0,433.0,2828.0,4405.0,6292.0,13636.0,595.0,28663.0,37506.0,44144.0,51173.0,2287.0,
Texas,2017.0,420.0,2860.0,4608.0,6573.0,13853.0,572.0,29113.0,39359.0,45974.0,52530.0,2237.0,
Texas,2018.0,441.0,2689.0,4500.0,6649.0,13481.0,558.0,29924.0,40752.0,47364.0,53768.0,2083.0,
Utah,1999.0,50.0,299.0,311.0,556.0,797.0,57.0,1028.0,2056.0,3417.0,3261.0,224.0,
Utah,2000.0,45.0,277.0,288.0,518.0,775.0,63.0,1102.0,1986.0,3630.0,3429.0,248.0,
Utah,2001.0,49.0,280.0,324.0,507.0,874.0,61.0,1188.0,1957.0,3558.0,3630.0,232.0,
Utah,2002.0,65.0,286.0,323.0,545.0,854.0,64.0,1142.0,2005.0,3836.0,3723.0,273.0,
Utah,2003.0,59.0,308.0,365.0,549.0,921.0,65.0,1296.0,1901.0,3760.0,3938.0,249.0,
Utah,2004.0,68.0,263.0,399.0,509.0,935.0,56.0,1375.0,1996.0,3674.0,3790.0,264.0,
Utah,2005.0,54.0,311.0,374.0,522.0,955.0,72.0,1313.0,1967.0,3738.0,3894.0,230.0,
Utah,2006.0,47.0,320.0,419.0,537.0,1018.0,69.0,1412.0,2015.0,3588.0,4063.0,273.0,
Utah,2007.0,62.0,341.0,433.0,548.0,1083.0,65.0,1523.0,2081.0,3606.0,4120.0,280.0,
Utah,2008.0,59.0,284.0,435.0,500.0,1084.0,79.0,1482.0,2009.0,3536.0,4306.0,266.0,
Utah,2009.0,47.0,283.0,440.0,549.0,1086.0,59.0,1572.0,2040.0,3508.0,4269.0,285.0,
Utah,2010.0,45.0,278.0,469.0,562.0,1000.0,72.0,1657.0,2227.0,3660.0,4552.0,254.0,
Utah,2011.0,52.0,302.0,438.0,535.0,1100.0,69.0,1764.0,2168.0,3703.0,4850.0,284.0,
Utah,2012.0,45.0,286.0,467.0,588.0,1101.0,48.0,1791.0,2418.0,3701.0,4979.0,250.0,
Utah,2013.0,44.0,284.0,511.0,567.0,1021.0,62.0,1900.0,2644.0,3916.0,5154.0,263.0,
Utah,2014.0,46.0,304.0,460.0,657.0,1119.0,75.0,1962.0,2531.0,4019.0,5291.0,251.0,
Utah,2015.0,49.0,313.0,518.0,668.0,1066.0,65.0,2102.0,2824.0,4112.0,5359.0,257.0,
Utah,2016.0,46.0,342.0,569.0,708.0,1087.0,72.0,2114.0,3001.0,4153.0,5547.0,274.0,
Utah,2017.0,41.0,335.0,547.0,717.0,1082.0,64.0,2102.0,2994.0,4307.0,5558.0,285.0,
Utah,2018.0,39.0,320.0,524.0,758.0,1037.0,60.0,2094.0,3181.0,4456.0,5623.0,261.0,
Vermont,1999.0,,53.0,66.0,154.0,299.0,17.0,474.0,968.0,1482.0,1438.0,38.0,
Vermont,2000.0,,65.0,58.0,170.0,318.0,10.0,439.0,922.0,1544.0,1557.0,39.0,
Vermont,2001.0,,60.0,66.0,153.0,312.0,16.0,461.0,921.0,1541.0,1631.0,35.0,
Vermont,2002.0,,62.0,55.0,131.0,318.0,10.0,495.0,875.0,1522.0,1573.0,28.0,
Vermont,2003.0,,58.0,56.0,141.0,308.0,13.0,515.0,875.0,1464.0,1653.0,33.0,
Vermont,2004.0,,46.0,68.0,124.0,327.0,10.0,494.0,821.0,1435.0,1638.0,30.0,
Vermont,2005.0,,62.0,69.0,127.0,307.0,21.0,472.0,775.0,1466.0,1720.0,42.0,
Vermont,2006.0,,61.0,63.0,141.0,320.0,12.0,581.0,776.0,1404.0,1648.0,36.0,
Vermont,2007.0,,49.0,63.0,131.0,352.0,,548.0,837.0,1441.0,1713.0,33.0,
Vermont,2008.0,,59.0,60.0,121.0,358.0,,569.0,806.0,1461.0,1734.0,29.0,
Vermont,2009.0,,48.0,51.0,107.0,312.0,,583.0,822.0,1311.0,1752.0,38.0,
Vermont,2010.0,,42.0,60.0,98.0,319.0,,634.0,864.0,1443.0,1883.0,26.0,
Vermont,2011.0,,52.0,65.0,130.0,343.0,,656.0,868.0,1387.0,1887.0,30.0,
Vermont,2012.0,,49.0,69.0,96.0,309.0,,642.0,953.0,1334.0,2005.0,26.0,
Vermont,2013.0,,54.0,60.0,125.0,330.0,10.0,630.0,996.0,1388.0,2013.0,26.0,
Vermont,2014.0,,56.0,84.0,105.0,293.0,10.0,645.0,969.0,1373.0,2056.0,28.0,
Vermont,2015.0,,60.0,78.0,114.0,305.0,,733.0,1070.0,1391.0,2133.0,27.0,
Vermont,2016.0,10.0,57.0,113.0,120.0,306.0,,711.0,1056.0,1410.0,2103.0,19.0,
Vermont,2017.0,,55.0,100.0,138.0,295.0,,711.0,1134.0,1413.0,2122.0,27.0,
Vermont,2018.0,,46.0,125.0,148.0,279.0,,687.0,1083.0,1472.0,2144.0,35.0,
Virginia,1999.0,110.0,679.0,969.0,2193.0,3736.0,154.0,6110.0,11161.0,16162.0,13347.0,693.0,
Virginia,2000.0,114.0,708.0,967.0,2229.0,4008.0,155.0,6248.0,10941.0,16206.0,14022.0,682.0,
Virginia,2001.0,102.0,714.0,945.0,2214.0,4235.0,140.0,6196.0,10527.0,16293.0,14163.0,747.0,
Virginia,2002.0,108.0,765.0,955.0,2221.0,4231.0,164.0,6367.0,10347.0,16656.0,14635.0,741.0,
Virginia,2003.0,113.0,818.0,995.0,2247.0,4229.0,174.0,6740.0,10359.0,16768.0,15059.0,779.0,
Virginia,2004.0,103.0,772.0,958.0,1962.0,4240.0,154.0,6691.0,10107.0,16213.0,14571.0,776.0,
Virginia,2005.0,109.0,799.0,965.0,2016.0,4466.0,161.0,7199.0,10027.0,16056.0,15274.0,781.0,
Virginia,2006.0,99.0,812.0,913.0,2002.0,4583.0,119.0,7020.0,9958.0,15830.0,15587.0,765.0,
Virginia,2007.0,104.0,787.0,1026.0,1939.0,4505.0,155.0,7248.0,9709.0,15876.0,16026.0,848.0,
Virginia,2008.0,96.0,839.0,937.0,1840.0,4538.0,119.0,7412.0,10132.0,15826.0,16626.0,732.0,
Virginia,2009.0,96.0,678.0,901.0,1781.0,4576.0,104.0,7635.0,10398.0,15240.0,16487.0,751.0,
Virginia,2010.0,87.0,633.0,948.0,1727.0,4492.0,107.0,7599.0,10349.0,14858.0,17524.0,700.0,
Virginia,2011.0,95.0,725.0,1000.0,1637.0,4547.0,145.0,7914.0,10575.0,15304.0,18159.0,699.0,
Virginia,2012.0,110.0,688.0,986.0,1675.0,4426.0,125.0,7995.0,11050.0,15179.0,18671.0,657.0,
Virginia,2013.0,82.0,653.0,1076.0,1584.0,4354.0,123.0,8301.0,11480.0,15311.0,19118.0,634.0,
Virginia,2014.0,103.0,639.0,1070.0,1699.0,4354.0,112.0,8597.0,11899.0,15401.0,19124.0,595.0,
Virginia,2015.0,100.0,709.0,1194.0,1731.0,4243.0,126.0,8885.0,12448.0,15687.0,19842.0,612.0,
Virginia,2016.0,95.0,762.0,1344.0,1828.0,4262.0,122.0,9026.0,12808.0,15773.0,19857.0,595.0,
Virginia,2017.0,93.0,744.0,1361.0,1862.0,4128.0,119.0,9427.0,13324.0,16353.0,20576.0,592.0,
Virginia,2018.0,78.0,725.0,1348.0,1889.0,4155.0,138.0,9302.0,13639.0,17053.0,20474.0,558.0,
Washington,1999.0,90.0,565.0,707.0,1580.0,2730.0,145.0,4127.0,7910.0,13183.0,12425.0,400.0,
Washington,2000.0,85.0,563.0,684.0,1545.0,2927.0,135.0,4190.0,7575.0,13157.0,12658.0,421.0,
Washington,2001.0,85.0,578.0,654.0,1475.0,3022.0,128.0,4338.0,7662.0,13402.0,12839.0,459.0,
Washington,2002.0,83.0,544.0,726.0,1567.0,3236.0,137.0,4626.0,7413.0,13091.0,13456.0,456.0,
Washington,2003.0,79.0,572.0,682.0,1569.0,3298.0,140.0,4805.0,7369.0,13282.0,13671.0,451.0,
Washington,2004.0,68.0,609.0,661.0,1508.0,3277.0,110.0,4940.0,7026.0,12756.0,13364.0,451.0,
Washington,2005.0,78.0,604.0,751.0,1404.0,3467.0,105.0,5102.0,7173.0,13070.0,14028.0,421.0,
Washington,2006.0,70.0,653.0,701.0,1409.0,3402.0,98.0,5372.0,7038.0,12446.0,14523.0,407.0,
Washington,2007.0,71.0,556.0,772.0,1375.0,3420.0,100.0,5604.0,7466.0,12395.0,15134.0,429.0,
Washington,2008.0,90.0,582.0,736.0,1334.0,3530.0,102.0,5879.0,7586.0,12386.0,15910.0,491.0,
Washington,2009.0,66.0,569.0,751.0,1328.0,3535.0,97.0,6079.0,7802.0,12032.0,15572.0,438.0,
Washington,2010.0,76.0,526.0,752.0,1294.0,3342.0,99.0,6114.0,7746.0,11648.0,16159.0,389.0,
Washington,2011.0,63.0,491.0,775.0,1285.0,3272.0,97.0,6481.0,8038.0,11924.0,16872.0,392.0,
Washington,2012.0,69.0,546.0,813.0,1220.0,3326.0,110.0,6442.0,8434.0,11973.0,16715.0,455.0,
Washington,2013.0,77.0,547.0,839.0,1240.0,3226.0,85.0,6722.0,8819.0,11798.0,17523.0,388.0,
Washington,2014.0,65.0,570.0,902.0,1248.0,3266.0,83.0,6971.0,9365.0,11907.0,17319.0,402.0,
Washington,2015.0,79.0,547.0,972.0,1314.0,3251.0,106.0,7069.0,10040.0,12418.0,18366.0,432.0,
Washington,2016.0,62.0,554.0,961.0,1337.0,3180.0,100.0,7028.0,10427.0,12467.0,18263.0,390.0,
Washington,2017.0,66.0,632.0,1073.0,1443.0,3193.0,75.0,7313.0,10972.0,13045.0,18840.0,341.0,
Washington,2018.0,63.0,614.0,1094.0,1490.0,2996.0,108.0,7333.0,11279.0,13254.0,18245.0,401.0,
West Virginia,1999.0,23.0,236.0,278.0,662.0,1186.0,55.0,2199.0,4380.0,6457.0,5419.0,154.0,
West Virginia,2000.0,27.0,256.0,257.0,664.0,1292.0,67.0,2223.0,4256.0,6327.0,5587.0,158.0,
West Virginia,2001.0,28.0,208.0,284.0,711.0,1384.0,37.0,2189.0,4108.0,6293.0,5577.0,148.0,
West Virginia,2002.0,21.0,320.0,300.0,710.0,1432.0,51.0,2192.0,3953.0,6377.0,5472.0,188.0,
West Virginia,2003.0,22.0,273.0,316.0,734.0,1405.0,51.0,2344.0,3987.0,6452.0,5568.0,152.0,
West Virginia,2004.0,26.0,267.0,322.0,674.0,1405.0,57.0,2417.0,3813.0,6315.0,5338.0,158.0,
West Virginia,2005.0,29.0,243.0,319.0,686.0,1499.0,46.0,2460.0,3787.0,6186.0,5356.0,169.0,
West Virginia,2006.0,27.0,259.0,392.0,673.0,1589.0,28.0,2487.0,3853.0,6025.0,5184.0,155.0,
West Virginia,2007.0,31.0,238.0,420.0,693.0,1631.0,40.0,2673.0,3787.0,6002.0,5407.0,164.0,
West Virginia,2008.0,37.0,220.0,358.0,685.0,1535.0,33.0,2793.0,3867.0,6093.0,5771.0,165.0,
West Virginia,2009.0,29.0,211.0,393.0,679.0,1636.0,37.0,2835.0,3996.0,5711.0,5694.0,165.0,
West Virginia,2010.0,35.0,207.0,369.0,660.0,1577.0,34.0,2896.0,3962.0,5715.0,5671.0,149.0,
West Virginia,2011.0,20.0,222.0,429.0,748.0,1677.0,36.0,2959.0,3986.0,5769.0,5881.0,140.0,
West Virginia,2012.0,39.0,187.0,443.0,695.0,1601.0,37.0,3061.0,4112.0,5666.0,5922.0,151.0,
West Virginia,2013.0,30.0,178.0,425.0,664.0,1597.0,49.0,3053.0,4359.0,5415.0,5915.0,158.0,
West Virginia,2014.0,29.0,211.0,388.0,711.0,1556.0,40.0,3167.0,4469.0,5488.0,5983.0,143.0,
West Virginia,2015.0,19.0,208.0,417.0,712.0,1570.0,34.0,3311.0,4585.0,5561.0,6193.0,142.0,
West Virginia,2016.0,33.0,219.0,481.0,810.0,1589.0,31.0,3306.0,4655.0,5448.0,6020.0,139.0,
West Virginia,2017.0,23.0,207.0,539.0,836.0,1535.0,30.0,3391.0,4908.0,5651.0,6025.0,131.0,
West Virginia,2018.0,17.0,196.0,510.0,771.0,1540.0,39.0,3384.0,5009.0,5826.0,6056.0,130.0,
Wisconsin,1999.0,110.0,569.0,574.0,1258.0,2365.0,146.0,4009.0,8344.0,14070.0,14768.0,459.0,
Wisconsin,2000.0,73.0,568.0,567.0,1425.0,2588.0,143.0,3908.0,8095.0,13688.0,14949.0,457.0,
Wisconsin,2001.0,89.0,584.0,544.0,1368.0,2653.0,125.0,4076.0,7815.0,13728.0,15154.0,491.0,
Wisconsin,2002.0,84.0,596.0,612.0,1394.0,2744.0,124.0,4291.0,7482.0,13727.0,15455.0,472.0,
Wisconsin,2003.0,85.0,631.0,607.0,1314.0,2765.0,123.0,4239.0,7158.0,13319.0,15480.0,456.0,
Wisconsin,2004.0,66.0,563.0,582.0,1233.0,2722.0,107.0,4305.0,7158.0,13295.0,15149.0,420.0,
Wisconsin,2005.0,70.0,602.0,640.0,1322.0,2884.0,129.0,4531.0,6878.0,13226.0,15958.0,469.0,
Wisconsin,2006.0,63.0,558.0,597.0,1310.0,2840.0,91.0,4465.0,6881.0,13060.0,15826.0,462.0,
Wisconsin,2007.0,74.0,622.0,640.0,1240.0,2952.0,113.0,4776.0,6838.0,12511.0,16005.0,470.0,
Wisconsin,2008.0,78.0,496.0,617.0,1123.0,2896.0,103.0,4938.0,7005.0,12494.0,16561.0,503.0,
Wisconsin,2009.0,68.0,482.0,585.0,1131.0,2906.0,78.0,4980.0,6770.0,11979.0,16286.0,431.0,
Wisconsin,2010.0,59.0,495.0,634.0,1068.0,2908.0,98.0,5163.0,7130.0,12290.0,17063.0,400.0,
Wisconsin,2011.0,73.0,483.0,681.0,1029.0,2971.0,88.0,5559.0,7418.0,12105.0,17576.0,427.0,
Wisconsin,2012.0,51.0,499.0,701.0,1070.0,2872.0,92.0,5509.0,7525.0,11985.0,17693.0,387.0,
Wisconsin,2013.0,61.0,466.0,749.0,1082.0,2953.0,86.0,5706.0,7930.0,12136.0,18441.0,416.0,
Wisconsin,2014.0,57.0,505.0,745.0,1059.0,2802.0,83.0,5854.0,8165.0,12181.0,18459.0,381.0,
Wisconsin,2015.0,60.0,470.0,836.0,1082.0,2765.0,95.0,5928.0,8484.0,12144.0,19014.0,386.0,
Wisconsin,2016.0,68.0,571.0,908.0,1143.0,2834.0,88.0,6134.0,8787.0,12109.0,18751.0,422.0,
Wisconsin,2017.0,56.0,523.0,976.0,1181.0,2719.0,89.0,6074.0,9318.0,12262.0,19069.0,414.0,
Wisconsin,2018.0,65.0,461.0,973.0,1167.0,2551.0,87.0,6254.0,9491.0,12890.0,19352.0,393.0,
Wyoming,1999.0,,84.0,57.0,160.0,277.0,31.0,409.0,747.0,1145.0,1086.0,42.0,
Wyoming,2000.0,,67.0,68.0,162.0,278.0,19.0,393.0,713.0,1141.0,1030.0,42.0,
Wyoming,2001.0,11.0,82.0,83.0,157.0,313.0,16.0,407.0,707.0,1123.0,1094.0,36.0,
Wyoming,2002.0,11.0,91.0,92.0,155.0,316.0,20.0,409.0,744.0,1159.0,1133.0,44.0,
Wyoming,2003.0,17.0,74.0,70.0,180.0,323.0,17.0,478.0,746.0,1087.0,1141.0,39.0,
Wyoming,2004.0,,83.0,71.0,126.0,329.0,12.0,459.0,687.0,1111.0,1011.0,60.0,
Wyoming,2005.0,,88.0,84.0,150.0,317.0,10.0,508.0,673.0,1158.0,1054.0,49.0,
Wyoming,2006.0,12.0,77.0,102.0,139.0,355.0,17.0,501.0,737.0,1149.0,1168.0,54.0,
Wyoming,2007.0,,90.0,107.0,177.0,341.0,12.0,501.0,709.0,1114.0,1149.0,58.0,
Wyoming,2008.0,13.0,74.0,111.0,147.0,389.0,17.0,486.0,698.0,1079.0,1157.0,56.0,
Wyoming,2009.0,,91.0,109.0,145.0,325.0,15.0,527.0,740.0,1048.0,1227.0,47.0,
Wyoming,2010.0,,73.0,105.0,131.0,381.0,14.0,609.0,739.0,1069.0,1258.0,51.0,
Wyoming,2011.0,12.0,78.0,101.0,145.0,344.0,10.0,592.0,737.0,1068.0,1251.0,49.0,
Wyoming,2012.0,,72.0,120.0,141.0,347.0,14.0,605.0,803.0,1064.0,1268.0,39.0,
Wyoming,2013.0,11.0,67.0,118.0,129.0,342.0,,617.0,798.0,1079.0,1311.0,35.0,
Wyoming,2014.0,13.0,76.0,128.0,148.0,328.0,,648.0,862.0,1079.0,1327.0,49.0,
Wyoming,2015.0,,80.0,137.0,171.0,316.0,15.0,666.0,904.0,1120.0,1321.0,39.0,
Wyoming,2016.0,10.0,70.0,109.0,167.0,283.0,,677.0,952.0,1053.0,1355.0,37.0,
Wyoming,2017.0,11.0,63.0,97.0,153.0,277.0,,697.0,976.0,1098.0,1361.0,32.0,
Wyoming,2018.0,,66.0,99.0,156.0,296.0,,664.0,1002.0,1258.0,1479.0,35.0,
