State,Year,Deaths,Population
Alabama,1999.0,44806.0,4430141.0
Alabama,2000.0,45062.0,4447100.0
Alabama,2001.0,45316.0,4467634.0
Alabama,2002.0,46069.0,4480089.0
Alabama,2003.0,46716.0,4503491.0
Alabama,2004.0,46121.0,4530729.0
Alabama,2005.0,47090.0,4569805.0
Alabama,2006.0,46977.0,4628981.0
Alabama,2007.0,46696.0,4672840.0
Alabama,2008.0,47707.0,4718206.0
Alabama,2009.0,47470.0,4757938.0
Alabama,2010.0,48038.0,4779736.0
Alabama,2011.0,48681.0,4802740.0
Alabama,2012.0,49301.0,4822023.0
Alabama,2013.0,50189.0,4833722.0
Alabama,2014.0,50215.0,4849377.0
Alabama,2015.0,51909.0,4858979.0
Alabama,2016.0,52466.0,4863300.0
Alabama,2017.0,53238.0,4874747.0
Alabama,2018.0,54352.0,4887871.0
Alaska,1999.0,2708.0,624779.0
Alaska,2000.0,2914.0,626932.0
Alaska,2001.0,2974.0,633714.0
Alaska,2002.0,3030.0,642337.0
Alaska,2003.0,3180.0,648414.0
Alaska,2004.0,3051.0,659286.0
Alaska,2005.0,3168.0,666946.0
Alaska,2006.0,3354.0,675302.0
Alaska,2007.0,3463.0,680300.0
Alaska,2008.0,3494.0,687455.0
Alaska,2009.0,3618.0,698895.0
Alaska,2010.0,3728.0,710231.0
Alaska,2011.0,3849.0,722718.0
Alaska,2012.0,3912.0,731449.0
Alaska,2013.0,3997.0,735132.0
Alaska,2014.0,4128.0,736732.0
Alaska,2015.0,4316.0,738432.0
Alaska,2016.0,4494.0,741894.0
Alaska,2017.0,4411.0,739795.0
Alaska,2018.0,4453.0,737438.0
Arizona,1999.0,40050.0,5023823.0
Arizona,2000.0,40500.0,5130632.0
Arizona,2001.0,41058.0,5273477.0
Arizona,2002.0,42816.0,5396255.0
Arizona,2003.0,43392.0,5510364.0
Arizona,2004.0,43198.0,5652404.0
Arizona,2005.0,45827.0,5839077.0
Arizona,2006.0,46365.0,6029141.0
Arizona,2007.0,45554.0,6167681.0
Arizona,2008.0,45823.0,6280362.0
Arizona,2009.0,45816.0,6343154.0
Arizona,2010.0,46762.0,6392017.0
Arizona,2011.0,48381.0,6482505.0
Arizona,2012.0,49549.0,6553255.0
Arizona,2013.0,50534.0,6626624.0
Arizona,2014.0,51538.0,6731484.0
Arizona,2015.0,54299.0,6828065.0
Arizona,2016.0,56645.0,6931071.0
Arizona,2017.0,57758.0,7016270.0
Arizona,2018.0,59282.0,7171646.0
Arkansas,1999.0,27925.0,2651860.0
Arkansas,2000.0,28217.0,2673400.0
Arkansas,2001.0,27759.0,2691571.0
Arkansas,2002.0,28513.0,2705927.0
Arkansas,2003.0,27918.0,2724816.0
Arkansas,2004.0,27528.0,2749686.0
Arkansas,2005.0,28055.0,2781097.0
Arkansas,2006.0,27901.0,2821761.0
Arkansas,2007.0,28191.0,2848650.0
Arkansas,2008.0,29322.0,2874554.0
Arkansas,2009.0,28673.0,2896843.0
Arkansas,2010.0,28916.0,2915918.0
Arkansas,2011.0,29653.0,2937979.0
Arkansas,2012.0,30117.0,2949131.0
Arkansas,2013.0,30437.0,2959373.0
Arkansas,2014.0,30467.0,2966369.0
Arkansas,2015.0,31617.0,2978204.0
Arkansas,2016.0,31756.0,2988248.0
Arkansas,2017.0,32588.0,3004279.0
Arkansas,2018.0,32336.0,3013825.0
California,1999.0,229380.0,33499204.0
California,2000.0,229551.0,33871648.0
California,2001.0,234044.0,34479458.0
California,2002.0,234565.0,34871843.0
California,2003.0,239371.0,35253159.0
California,2004.0,232525.0,35574576.0
California,2005.0,237037.0,35827943.0
California,2006.0,237126.0,36021202.0
California,2007.0,233720.0,36250311.0
California,2008.0,234766.0,36604337.0
California,2009.0,232736.0,36961229.0
California,2010.0,234012.0,37253956.0
California,2011.0,239942.0,37691912.0
California,2012.0,242554.0,38041430.0
California,2013.0,248359.0,38332521.0
California,2014.0,245929.0,38802500.0
California,2015.0,259206.0,39144818.0
California,2016.0,262240.0,39250017.0
California,2017.0,268189.0,39536653.0
California,2018.0,268818.0,39557045.0
Colorado,1999.0,27114.0,4226018.0
Colorado,2000.0,27288.0,4301261.0
Colorado,2001.0,28294.0,4425687.0
Colorado,2002.0,29210.0,4490406.0
Colorado,2003.0,29506.0,4528732.0
Colorado,2004.0,28309.0,4575013.0
Colorado,2005.0,29627.0,4631888.0
Colorado,2006.0,29521.0,4720423.0
Colorado,2007.0,29993.0,4803868.0
Colorado,2008.0,31274.0,4889730.0
Colorado,2009.0,31173.0,4972195.0
Colorado,2010.0,31465.0,5029196.0
Colorado,2011.0,32563.0,5116796.0
Colorado,2012.0,33133.0,5187582.0
Colorado,2013.0,33712.0,5268367.0
Colorado,2014.0,35237.0,5355866.0
Colorado,2015.0,36349.0,5456574.0
Colorado,2016.0,37530.0,5540545.0
Colorado,2017.0,38063.0,5607154.0
Colorado,2018.0,38526.0,5695564.0
Connecticut,1999.0,29446.0,3386401.0
Connecticut,2000.0,30129.0,3405565.0
Connecticut,2001.0,29827.0,3432835.0
Connecticut,2002.0,30122.0,3458749.0
Connecticut,2003.0,29627.0,3484336.0
Connecticut,2004.0,29314.0,3496094.0
Connecticut,2005.0,29467.0,3506956.0
Connecticut,2006.0,29260.0,3517460.0
Connecticut,2007.0,28651.0,3527270.0
Connecticut,2008.0,28794.0,3545579.0
Connecticut,2009.0,28585.0,3561807.0
Connecticut,2010.0,28692.0,3574097.0
Connecticut,2011.0,29526.0,3580709.0
Connecticut,2012.0,29316.0,3590347.0
Connecticut,2013.0,29632.0,3596080.0
Connecticut,2014.0,29860.0,3596677.0
Connecticut,2015.0,30535.0,3590886.0
Connecticut,2016.0,30543.0,3576452.0
Connecticut,2017.0,31312.0,3588184.0
Connecticut,2018.0,31230.0,3572665.0
Delaware,1999.0,6666.0,774990.0
Delaware,2000.0,6875.0,783600.0
Delaware,2001.0,7112.0,795699.0
Delaware,2002.0,6861.0,806169.0
Delaware,2003.0,7070.0,818003.0
Delaware,2004.0,7143.0,830803.0
Delaware,2005.0,7472.0,845150.0
Delaware,2006.0,7204.0,859268.0
Delaware,2007.0,7327.0,871749.0
Delaware,2008.0,7622.0,883874.0
Delaware,2009.0,7534.0,891730.0
Delaware,2010.0,7706.0,897934.0
Delaware,2011.0,7845.0,907135.0
Delaware,2012.0,7875.0,917092.0
Delaware,2013.0,7967.0,925749.0
Delaware,2014.0,8260.0,935614.0
Delaware,2015.0,8582.0,945934.0
Delaware,2016.0,8874.0,952065.0
Delaware,2017.0,9178.0,961939.0
Delaware,2018.0,9433.0,967171.0
District of Columbia,1999.0,6076.0,570213.0
District of Columbia,2000.0,6001.0,572059.0
District of Columbia,2001.0,5951.0,574504.0
District of Columbia,2002.0,5851.0,573158.0
District of Columbia,2003.0,5573.0,568502.0
District of Columbia,2004.0,5454.0,567754.0
District of Columbia,2005.0,5483.0,567136.0
District of Columbia,2006.0,5344.0,570681.0
District of Columbia,2007.0,5188.0,574404.0
District of Columbia,2008.0,5140.0,580236.0
District of Columbia,2009.0,4834.0,592228.0
District of Columbia,2010.0,4672.0,601723.0
District of Columbia,2011.0,4589.0,617996.0
District of Columbia,2012.0,4650.0,632323.0
District of Columbia,2013.0,4719.0,646449.0
District of Columbia,2014.0,4723.0,658893.0
District of Columbia,2015.0,4871.0,672228.0
District of Columbia,2016.0,5037.0,681170.0
District of Columbia,2017.0,4965.0,693972.0
District of Columbia,2018.0,5008.0,702455.0
Florida,1999.0,163224.0,15759421.0
Florida,2000.0,164395.0,15982378.0
Florida,2001.0,167269.0,16356966.0
Florida,2002.0,167814.0,16689370.0
Florida,2003.0,168657.0,17004085.0
Florida,2004.0,169008.0,17415318.0
Florida,2005.0,170791.0,17842038.0
Florida,2006.0,170066.0,18166990.0
Florida,2007.0,168096.0,18367842.0
Florida,2008.0,170703.0,18527305.0
Florida,2009.0,169924.0,18652644.0
Florida,2010.0,173791.0,18801310.0
Florida,2011.0,173976.0,19057542.0
Florida,2012.0,177291.0,19317568.0
Florida,2013.0,181112.0,19552860.0
Florida,2014.0,185956.0,19893297.0
Florida,2015.0,191737.0,20271272.0
Florida,2016.0,197313.0,20612439.0
Florida,2017.0,203636.0,20984400.0
Florida,2018.0,205426.0,21299325.0
Georgia,1999.0,62028.0,8045965.0
Georgia,2000.0,63870.0,8186453.0
Georgia,2001.0,64485.0,8377038.0
Georgia,2002.0,65449.0,8508256.0
Georgia,2003.0,66478.0,8622793.0
Georgia,2004.0,65818.0,8769252.0
Georgia,2005.0,66736.0,8925922.0
Georgia,2006.0,67808.0,9155813.0
Georgia,2007.0,68331.0,9349988.0
Georgia,2008.0,69640.0,9504843.0
Georgia,2009.0,69712.0,9620846.0
Georgia,2010.0,71263.0,9687653.0
Georgia,2011.0,71248.0,9815210.0
Georgia,2012.0,72847.0,9919945.0
Georgia,2013.0,75088.0,9992167.0
Georgia,2014.0,76887.0,10097343.0
Georgia,2015.0,79942.0,10214860.0
Georgia,2016.0,81428.0,10310371.0
Georgia,2017.0,83098.0,10429379.0
Georgia,2018.0,85202.0,10519475.0
Hawaii,1999.0,8270.0,1210300.0
Hawaii,2000.0,8290.0,1211537.0
Hawaii,2001.0,8394.0,1225948.0
Hawaii,2002.0,8801.0,1239613.0
Hawaii,2003.0,8978.0,1251154.0
Hawaii,2004.0,9030.0,1273569.0
Hawaii,2005.0,9136.0,1292729.0
Hawaii,2006.0,9432.0,1309731.0
Hawaii,2007.0,9495.0,1315675.0
Hawaii,2008.0,9501.0,1332213.0
Hawaii,2009.0,9914.0,1346717.0
Hawaii,2010.0,9617.0,1360301.0
Hawaii,2011.0,9923.0,1374810.0
Hawaii,2012.0,10274.0,1392313.0
Hawaii,2013.0,10505.0,1404054.0
Hawaii,2014.0,10767.0,1419561.0
Hawaii,2015.0,11053.0,1431603.0
Hawaii,2016.0,10913.0,1428557.0
Hawaii,2017.0,11390.0,1427538.0
Hawaii,2018.0,11415.0,1420491.0
Idaho,1999.0,9579.0,1275674.0
Idaho,2000.0,9563.0,1293953.0
Idaho,2001.0,9753.0,1319962.0
Idaho,2002.0,9923.0,1340372.0
Idaho,2003.0,10380.0,1363380.0
Idaho,2004.0,10028.0,1391802.0
Idaho,2005.0,10556.0,1428241.0
Idaho,2006.0,10613.0,1468669.0
Idaho,2007.0,10822.0,1505105.0
Idaho,2008.0,10962.0,1534320.0
Idaho,2009.0,11098.0,1554439.0
Idaho,2010.0,11429.0,1567582.0
Idaho,2011.0,12027.0,1584985.0
Idaho,2012.0,11998.0,1595728.0
Idaho,2013.0,12434.0,1612136.0
Idaho,2014.0,12613.0,1634464.0
Idaho,2015.0,13026.0,1654930.0
Idaho,2016.0,13366.0,1683140.0
Idaho,2017.0,14011.0,1716943.0
Idaho,2018.0,14261.0,1754208.0
Illinois,1999.0,108436.0,12359020.0
Illinois,2000.0,106634.0,12419293.0
Illinois,2001.0,105430.0,12488445.0
Illinois,2002.0,106667.0,12525556.0
Illinois,2003.0,105325.0,12556006.0
Illinois,2004.0,102670.0,12589773.0
Illinois,2005.0,103974.0,12609903.0
Illinois,2006.0,102171.0,12643955.0
Illinois,2007.0,100503.0,12695866.0
Illinois,2008.0,103471.0,12747038.0
Illinois,2009.0,100056.0,12796778.0
Illinois,2010.0,99931.0,12830632.0
Illinois,2011.0,101906.0,12869257.0
Illinois,2012.0,102433.0,12875255.0
Illinois,2013.0,103401.0,12882135.0
Illinois,2014.0,105293.0,12880580.0
Illinois,2015.0,106872.0,12859995.0
Illinois,2016.0,107020.0,12801539.0
Illinois,2017.0,109721.0,12802023.0
Illinois,2018.0,110022.0,12741080.0
Indiana,1999.0,55303.0,6044969.0
Indiana,2000.0,55469.0,6080485.0
Indiana,2001.0,55198.0,6127760.0
Indiana,2002.0,55396.0,6155967.0
Indiana,2003.0,55968.0,6196638.0
Indiana,2004.0,54211.0,6233007.0
Indiana,2005.0,55675.0,6278616.0
Indiana,2006.0,55622.0,6332669.0
Indiana,2007.0,54000.0,6379599.0
Indiana,2008.0,56752.0,6424806.0
Indiana,2009.0,55973.0,6459325.0
Indiana,2010.0,56743.0,6483802.0
Indiana,2011.0,58202.0,6516922.0
Indiana,2012.0,59332.0,6537334.0
Indiana,2013.0,60716.0,6570902.0
Indiana,2014.0,60940.0,6596855.0
Indiana,2015.0,62713.0,6619680.0
Indiana,2016.0,63473.0,6633053.0
Indiana,2017.0,65597.0,6666818.0
Indiana,2018.0,65693.0,6691878.0
Iowa,1999.0,28411.0,2917634.0
Iowa,2000.0,28060.0,2926324.0
Iowa,2001.0,27791.0,2931997.0
Iowa,2002.0,27978.0,2934234.0
Iowa,2003.0,28062.0,2941999.0
Iowa,2004.0,26897.0,2953635.0
Iowa,2005.0,27811.0,2964454.0
Iowa,2006.0,27362.0,2982644.0
Iowa,2007.0,27221.0,2999212.0
Iowa,2008.0,28541.0,3016734.0
Iowa,2009.0,27544.0,3032870.0
Iowa,2010.0,27745.0,3046355.0
Iowa,2011.0,28184.0,3062309.0
Iowa,2012.0,28389.0,3074186.0
Iowa,2013.0,28948.0,3090416.0
Iowa,2014.0,29190.0,3107126.0
Iowa,2015.0,29600.0,3123899.0
Iowa,2016.0,29538.0,3134693.0
Iowa,2017.0,30530.0,3145711.0
Iowa,2018.0,30367.0,3156145.0
Kansas,1999.0,24472.0,2678338.0
Kansas,2000.0,24717.0,2688418.0
Kansas,2001.0,24647.0,2702162.0
Kansas,2002.0,25021.0,2713535.0
Kansas,2003.0,24593.0,2723004.0
Kansas,2004.0,23818.0,2734373.0
Kansas,2005.0,24682.0,2745299.0
Kansas,2006.0,24553.0,2762931.0
Kansas,2007.0,24491.0,2783785.0
Kansas,2008.0,24975.0,2808076.0
Kansas,2009.0,24024.0,2832704.0
Kansas,2010.0,24502.0,2853118.0
Kansas,2011.0,25116.0,2871238.0
Kansas,2012.0,25145.0,2885905.0
Kansas,2013.0,25414.0,2893957.0
Kansas,2014.0,25793.0,2904021.0
Kansas,2015.0,26664.0,2911641.0
Kansas,2016.0,26245.0,2907289.0
Kansas,2017.0,27063.0,2913123.0
Kansas,2018.0,27537.0,2911505.0
Kentucky,1999.0,39321.0,4018053.0
Kentucky,2000.0,39504.0,4041769.0
Kentucky,2001.0,39861.0,4068132.0
Kentucky,2002.0,40697.0,4089875.0
Kentucky,2003.0,40241.0,4117170.0
Kentucky,2004.0,38646.0,4146101.0
Kentucky,2005.0,40223.0,4182742.0
Kentucky,2006.0,40102.0,4219239.0
Kentucky,2007.0,40090.0,4256672.0
Kentucky,2008.0,41329.0,4289878.0
Kentucky,2009.0,41380.0,4317074.0
Kentucky,2010.0,41983.0,4339367.0
Kentucky,2011.0,42626.0,4369356.0
Kentucky,2012.0,43664.0,4380415.0
Kentucky,2013.0,43759.0,4395295.0
Kentucky,2014.0,44838.0,4413457.0
Kentucky,2015.0,46564.0,4425092.0
Kentucky,2016.0,47827.0,4436974.0
Kentucky,2017.0,48212.0,4454189.0
Kentucky,2018.0,48707.0,4468402.0
Louisiana,1999.0,41238.0,4460811.0
Louisiana,2000.0,41138.0,4468976.0
Louisiana,2001.0,41757.0,4477875.0
Louisiana,2002.0,41984.0,4497267.0
Louisiana,2003.0,42719.0,4521042.0
Louisiana,2004.0,42215.0,4552238.0
Louisiana,2005.0,44355.0,4576628.0
Louisiana,2006.0,40045.0,4302665.0
Louisiana,2007.0,39966.0,4375581.0
Louisiana,2008.0,41220.0,4435586.0
Louisiana,2009.0,40282.0,4491648.0
Louisiana,2010.0,40667.0,4533372.0
Louisiana,2011.0,40890.0,4574836.0
Louisiana,2012.0,42320.0,4601893.0
Louisiana,2013.0,43270.0,4625470.0
Louisiana,2014.0,43869.0,4649676.0
Louisiana,2015.0,43716.0,4670724.0
Louisiana,2016.0,44306.0,4681666.0
Louisiana,2017.0,45804.0,4684333.0
Louisiana,2018.0,46048.0,4659978.0
Maine,1999.0,12261.0,1266808.0
Maine,2000.0,12354.0,1274923.0
Maine,2001.0,12421.0,1285692.0
Maine,2002.0,12694.0,1295960.0
Maine,2003.0,12540.0,1306513.0
Maine,2004.0,12443.0,1313688.0
Maine,2005.0,12868.0,1318787.0
Maine,2006.0,12294.0,1323619.0
Maine,2007.0,12493.0,1327040.0
Maine,2008.0,12541.0,1330509.0
Maine,2009.0,12594.0,1329590.0
Maine,2010.0,12750.0,1328361.0
Maine,2011.0,13001.0,1328188.0
Maine,2012.0,12870.0,1329192.0
Maine,2013.0,13547.0,1328302.0
Maine,2014.0,13510.0,1330089.0
Maine,2015.0,14479.0,1329328.0
Maine,2016.0,14182.0,1331479.0
Maine,2017.0,14676.0,1335907.0
Maine,2018.0,14715.0,1338404.0
Maryland,1999.0,43089.0,5254509.0
Maryland,2000.0,43753.0,5296486.0
Maryland,2001.0,43839.0,5374691.0
Maryland,2002.0,43970.0,5440389.0
Maryland,2003.0,44499.0,5496269.0
Maryland,2004.0,43232.0,5546935.0
Maryland,2005.0,43892.0,5592379.0
Maryland,2006.0,43582.0,5627367.0
Maryland,2007.0,43757.0,5653408.0
Maryland,2008.0,43892.0,5684965.0
Maryland,2009.0,43843.0,5730388.0
Maryland,2010.0,43325.0,5773552.0
Maryland,2011.0,43745.0,5828289.0
Maryland,2012.0,44477.0,5884563.0
Maryland,2013.0,45689.0,5928814.0
Maryland,2014.0,45867.0,5976407.0
Maryland,2015.0,47247.0,6006401.0
Maryland,2016.0,48824.0,6016447.0
Maryland,2017.0,49926.0,6052177.0
Maryland,2018.0,50568.0,6042718.0
Massachusetts,1999.0,55840.0,6317345.0
Massachusetts,2000.0,56681.0,6349097.0
Massachusetts,2001.0,56754.0,6397634.0
Massachusetts,2002.0,56928.0,6417206.0
Massachusetts,2003.0,56291.0,6422565.0
Massachusetts,2004.0,54511.0,6412281.0
Massachusetts,2005.0,53874.0,6403290.0
Massachusetts,2006.0,53450.0,6410084.0
Massachusetts,2007.0,52917.0,6431559.0
Massachusetts,2008.0,53518.0,6468967.0
Massachusetts,2009.0,52308.0,6517613.0
Massachusetts,2010.0,52583.0,6547629.0
Massachusetts,2011.0,53710.0,6587536.0
Massachusetts,2012.0,53177.0,6646144.0
Massachusetts,2013.0,54567.0,6692824.0
Massachusetts,2014.0,55200.0,6745408.0
Massachusetts,2015.0,57806.0,6794422.0
Massachusetts,2016.0,56961.0,6811779.0
Massachusetts,2017.0,58803.0,6859819.0
Massachusetts,2018.0,59152.0,6902149.0
Michigan,1999.0,87232.0,9897116.0
Michigan,2000.0,86953.0,9938444.0
Michigan,2001.0,86424.0,9991120.0
Michigan,2002.0,87795.0,10015710.0
Michigan,2003.0,86728.0,10041152.0
Michigan,2004.0,85169.0,10055315.0
Michigan,2005.0,86867.0,10051137.0
Michigan,2006.0,86042.0,10036081.0
Michigan,2007.0,86721.0,10001284.0
Michigan,2008.0,88445.0,9946889.0
Michigan,2009.0,86455.0,9901591.0
Michigan,2010.0,88021.0,9883640.0
Michigan,2011.0,89508.0,9876187.0
Michigan,2012.0,89901.0,9883360.0
Michigan,2013.0,92408.0,9895622.0
Michigan,2014.0,93914.0,9909877.0
Michigan,2015.0,95140.0,9922576.0
Michigan,2016.0,96231.0,9928300.0
Michigan,2017.0,97602.0,9962311.0
Michigan,2018.0,98903.0,9995915.0
Minnesota,1999.0,38537.0,4873481.0
Minnesota,2000.0,37690.0,4919479.0
Minnesota,2001.0,37735.0,4982796.0
Minnesota,2002.0,38510.0,5018935.0
Minnesota,2003.0,37620.0,5053572.0
Minnesota,2004.0,37034.0,5087713.0
Minnesota,2005.0,37535.0,5119598.0
Minnesota,2006.0,37028.0,5163555.0
Minnesota,2007.0,37138.0,5207203.0
Minnesota,2008.0,38499.0,5247018.0
Minnesota,2009.0,37851.0,5281203.0
Minnesota,2010.0,38972.0,5303925.0
Minnesota,2011.0,39820.0,5344861.0
Minnesota,2012.0,40016.0,5379139.0
Minnesota,2013.0,40987.0,5420380.0
Minnesota,2014.0,41445.0,5457173.0
Minnesota,2015.0,42800.0,5489594.0
Minnesota,2016.0,43078.0,5519952.0
Minnesota,2017.0,44371.0,5576606.0
Minnesota,2018.0,44745.0,5611179.0
Mississippi,1999.0,28185.0,2828408.0
Mississippi,2000.0,28654.0,2844658.0
Mississippi,2001.0,28259.0,2852994.0
Mississippi,2002.0,28853.0,2858681.0
Mississippi,2003.0,28489.0,2868312.0
Mississippi,2004.0,27871.0,2889010.0
Mississippi,2005.0,29196.0,2905943.0
Mississippi,2006.0,28564.0,2904978.0
Mississippi,2007.0,28255.0,2928350.0
Mississippi,2008.0,28984.0,2947806.0
Mississippi,2009.0,28275.0,2958774.0
Mississippi,2010.0,28965.0,2967297.0
Mississippi,2011.0,29278.0,2978512.0
Mississippi,2012.0,29544.0,2984926.0
Mississippi,2013.0,30703.0,2991207.0
Mississippi,2014.0,30557.0,2994079.0
Mississippi,2015.0,31783.0,2992333.0
Mississippi,2016.0,31741.0,2988726.0
Mississippi,2017.0,32280.0,2984100.0
Mississippi,2018.0,32301.0,2986530.0
Missouri,1999.0,55931.0,5561948.0
Missouri,2000.0,54865.0,5595211.0
Missouri,2001.0,54982.0,5641142.0
Missouri,2002.0,55940.0,5674825.0
Missouri,2003.0,55582.0,5709403.0
Missouri,2004.0,53950.0,5747741.0
Missouri,2005.0,54656.0,5790300.0
Missouri,2006.0,54681.0,5842704.0
Missouri,2007.0,54166.0,5887612.0
Missouri,2008.0,56578.0,5923916.0
Missouri,2009.0,54263.0,5961088.0
Missouri,2010.0,55281.0,5988927.0
Missouri,2011.0,55848.0,6010688.0
Missouri,2012.0,56094.0,6021988.0
Missouri,2013.0,57444.0,6044171.0
Missouri,2014.0,58320.0,6063589.0
Missouri,2015.0,59871.0,6083672.0
Missouri,2016.0,59873.0,6093000.0
Missouri,2017.0,61876.0,6113532.0
Missouri,2018.0,63117.0,6126452.0
Montana,1999.0,8128.0,897507.0
Montana,2000.0,8096.0,902195.0
Montana,2001.0,8265.0,906961.0
Montana,2002.0,8506.0,911667.0
Montana,2003.0,8467.0,919630.0
Montana,2004.0,8094.0,930009.0
Montana,2005.0,8528.0,940102.0
Montana,2006.0,8472.0,952692.0
Montana,2007.0,8624.0,964706.0
Montana,2008.0,8913.0,976415.0
Montana,2009.0,8730.0,983982.0
Montana,2010.0,8827.0,989415.0
Montana,2011.0,9115.0,998199.0
Montana,2012.0,8976.0,1005141.0
Montana,2013.0,9511.0,1015165.0
Montana,2014.0,9381.0,1023579.0
Montana,2015.0,9942.0,1032949.0
Montana,2016.0,9905.0,1042520.0
Montana,2017.0,10200.0,1050493.0
Montana,2018.0,9992.0,1062305.0
Nebraska,1999.0,15579.0,1704764.0
Nebraska,2000.0,14992.0,1711263.0
Nebraska,2001.0,15174.0,1719836.0
Nebraska,2002.0,15738.0,1728292.0
Nebraska,2003.0,15465.0,1738643.0
Nebraska,2004.0,14657.0,1749370.0
Nebraska,2005.0,14963.0,1761497.0
Nebraska,2006.0,14899.0,1772693.0
Nebraska,2007.0,15263.0,1783440.0
Nebraska,2008.0,15461.0,1796378.0
Nebraska,2009.0,14810.0,1812683.0
Nebraska,2010.0,15171.0,1826341.0
Nebraska,2011.0,15476.0,1842641.0
Nebraska,2012.0,15659.0,1855525.0
Nebraska,2013.0,15754.0,1868516.0
Nebraska,2014.0,15978.0,1881503.0
Nebraska,2015.0,16740.0,1896190.0
Nebraska,2016.0,16217.0,1907116.0
Nebraska,2017.0,16878.0,1920076.0
Nebraska,2018.0,16904.0,1929268.0
Nevada,1999.0,15082.0,1934718.0
Nevada,2000.0,15261.0,1998257.0
Nevada,2001.0,16285.0,2098399.0
Nevada,2002.0,16927.0,2173791.0
Nevada,2003.0,17858.0,2248850.0
Nevada,2004.0,17929.0,2346222.0
Nevada,2005.0,19029.0,2432143.0
Nevada,2006.0,18872.0,2522658.0
Nevada,2007.0,18687.0,2601072.0
Nevada,2008.0,19335.0,2653630.0
Nevada,2009.0,19224.0,2684665.0
Nevada,2010.0,19623.0,2700551.0
Nevada,2011.0,20343.0,2723322.0
Nevada,2012.0,20785.0,2758931.0
Nevada,2013.0,21468.0,2790136.0
Nevada,2014.0,21793.0,2839099.0
Nevada,2015.0,22879.0,2890845.0
Nevada,2016.0,23902.0,2940058.0
Nevada,2017.0,24657.0,2998039.0
Nevada,2018.0,24715.0,3034392.0
New Hampshire,1999.0,9537.0,1222014.0
New Hampshire,2000.0,9697.0,1235786.0
New Hampshire,2001.0,9815.0,1255517.0
New Hampshire,2002.0,9853.0,1269089.0
New Hampshire,2003.0,9708.0,1279840.0
New Hampshire,2004.0,10111.0,1290121.0
New Hampshire,2005.0,10194.0,1298492.0
New Hampshire,2006.0,10060.0,1308389.0
New Hampshire,2007.0,10303.0,1312540.0
New Hampshire,2008.0,10268.0,1315906.0
New Hampshire,2009.0,10100.0,1316102.0
New Hampshire,2010.0,10201.0,1316470.0
New Hampshire,2011.0,10823.0,1318194.0
New Hampshire,2012.0,10730.0,1320718.0
New Hampshire,2013.0,10897.0,1323459.0
New Hampshire,2014.0,11516.0,1326813.0
New Hampshire,2015.0,11984.0,1330608.0
New Hampshire,2016.0,12203.0,1334795.0
New Hampshire,2017.0,12504.0,1342795.0
New Hampshire,2018.0,12774.0,1356458.0
New Jersey,1999.0,73981.0,8359592.0
New Jersey,2000.0,74800.0,8414350.0
New Jersey,2001.0,74710.0,8492671.0
New Jersey,2002.0,74009.0,8552643.0
New Jersey,2003.0,73689.0,8601402.0
New Jersey,2004.0,71371.0,8634561.0
New Jersey,2005.0,71963.0,8651974.0
New Jersey,2006.0,70356.0,8661679.0
New Jersey,2007.0,69662.0,8677885.0
New Jersey,2008.0,70026.0,8711090.0
New Jersey,2009.0,68277.0,8755602.0
New Jersey,2010.0,69495.0,8791894.0
New Jersey,2011.0,70558.0,8821155.0
New Jersey,2012.0,70534.0,8864590.0
New Jersey,2013.0,71403.0,8899339.0
New Jersey,2014.0,71316.0,8938175.0
New Jersey,2015.0,72271.0,8958013.0
New Jersey,2016.0,73155.0,8944469.0
New Jersey,2017.0,74846.0,9005644.0
New Jersey,2018.0,75765.0,8908520.0
New Mexico,1999.0,13676.0,1808082.0
New Mexico,2000.0,13425.0,1819046.0
New Mexico,2001.0,14129.0,1831690.0
New Mexico,2002.0,14344.0,1855309.0
New Mexico,2003.0,14805.0,1877574.0
New Mexico,2004.0,14298.0,1903808.0
New Mexico,2005.0,14983.0,1932274.0
New Mexico,2006.0,15296.0,1962137.0
New Mexico,2007.0,15482.0,1990070.0
New Mexico,2008.0,16005.0,2010662.0
New Mexico,2009.0,15643.0,2036802.0
New Mexico,2010.0,15931.0,2059179.0
New Mexico,2011.0,16452.0,2082224.0
New Mexico,2012.0,16710.0,2085538.0
New Mexico,2013.0,16805.0,2085287.0
New Mexico,2014.0,17579.0,2085572.0
New Mexico,2015.0,17685.0,2085109.0
New Mexico,2016.0,18365.0,2081015.0
New Mexico,2017.0,18673.0,2088070.0
New Mexico,2018.0,19007.0,2095428.0
New York,1999.0,159927.0,18882725.0
New York,2000.0,158203.0,18976457.0
New York,2001.0,159240.0,19082838.0
New York,2002.0,158118.0,19137800.0
New York,2003.0,155877.0,19175939.0
New York,2004.0,152681.0,19171567.0
New York,2005.0,152427.0,19132610.0
New York,2006.0,148806.0,19104631.0
New York,2007.0,147680.0,19132335.0
New York,2008.0,148698.0,19212436.0
New York,2009.0,146475.0,19307066.0
New York,2010.0,146432.0,19378102.0
New York,2011.0,149174.0,19465197.0
New York,2012.0,148991.0,19570261.0
New York,2013.0,150919.0,19651127.0
New York,2014.0,149944.0,19746227.0
New York,2015.0,153628.0,19795791.0
New York,2016.0,154358.0,19745289.0
New York,2017.0,155358.0,19849399.0
New York,2018.0,157183.0,19542209.0
North Carolina,1999.0,69600.0,7949361.0
North Carolina,2000.0,71935.0,8049313.0
North Carolina,2001.0,70934.0,8210122.0
North Carolina,2002.0,72027.0,8326201.0
North Carolina,2003.0,73459.0,8422501.0
North Carolina,2004.0,72384.0,8553152.0
North Carolina,2005.0,74638.0,8705407.0
North Carolina,2006.0,74716.0,8917270.0
North Carolina,2007.0,76046.0,9118037.0
North Carolina,2008.0,77283.0,9309449.0
North Carolina,2009.0,77117.0,9449566.0
North Carolina,2010.0,78773.0,9535483.0
North Carolina,2011.0,79882.0,9656401.0
North Carolina,2012.0,81925.0,9752073.0
North Carolina,2013.0,83329.0,9848060.0
North Carolina,2014.0,85367.0,9943964.0
North Carolina,2015.0,89133.0,10042802.0
North Carolina,2016.0,90465.0,10146788.0
North Carolina,2017.0,93157.0,10273419.0
North Carolina,2018.0,93885.0,10383620.0
North Dakota,1999.0,6103.0,644259.0
North Dakota,2000.0,5856.0,642200.0
North Dakota,2001.0,6048.0,639062.0
North Dakota,2002.0,5892.0,638168.0
North Dakota,2003.0,6090.0,638817.0
North Dakota,2004.0,5601.0,644705.0
North Dakota,2005.0,5744.0,646089.0
North Dakota,2006.0,5868.0,649422.0
North Dakota,2007.0,5561.0,652822.0
North Dakota,2008.0,5871.0,657569.0
North Dakota,2009.0,5914.0,664968.0
North Dakota,2010.0,5944.0,672591.0
North Dakota,2011.0,5965.0,683932.0
North Dakota,2012.0,6038.0,699628.0
North Dakota,2013.0,6233.0,723393.0
North Dakota,2014.0,6184.0,739482.0
North Dakota,2015.0,6223.0,756927.0
North Dakota,2016.0,6242.0,757952.0
North Dakota,2017.0,6415.0,755393.0
North Dakota,2018.0,6445.0,760077.0
Ohio,1999.0,108517.0,11335454.0
Ohio,2000.0,108125.0,11353140.0
Ohio,2001.0,108027.0,11387404.0
Ohio,2002.0,109766.0,11407889.0
Ohio,2003.0,109110.0,11434788.0
Ohio,2004.0,106288.0,11452251.0
Ohio,2005.0,109031.0,11463320.0
Ohio,2006.0,106825.0,11481213.0
Ohio,2007.0,106534.0,11500468.0
Ohio,2008.0,109767.0,11515391.0
Ohio,2009.0,107156.0,11528896.0
Ohio,2010.0,108711.0,11536504.0
Ohio,2011.0,111427.0,11544951.0
Ohio,2012.0,112498.0,11544225.0
Ohio,2013.0,113258.0,11570808.0
Ohio,2014.0,114509.0,11594163.0
Ohio,2015.0,118188.0,11613423.0
Ohio,2016.0,119572.0,11614373.0
Ohio,2017.0,123648.0,11658609.0
Ohio,2018.0,124264.0,11689442.0
Oklahoma,1999.0,34700.0,3437147.0
Oklahoma,2000.0,35079.0,3450654.0
Oklahoma,2001.0,34682.0,3467100.0
Oklahoma,2002.0,35502.0,3489080.0
Oklahoma,2003.0,35721.0,3504892.0
Oklahoma,2004.0,34483.0,3525233.0
Oklahoma,2005.0,36180.0,3548597.0
Oklahoma,2006.0,35427.0,3594090.0
Oklahoma,2007.0,36032.0,3634349.0
Oklahoma,2008.0,37014.0,3668976.0
Oklahoma,2009.0,35601.0,3717572.0
Oklahoma,2010.0,36529.0,3751351.0
Oklahoma,2011.0,37175.0,3791508.0
Oklahoma,2012.0,36870.0,3814820.0
Oklahoma,2013.0,38384.0,3850568.0
Oklahoma,2014.0,38464.0,3878051.0
Oklahoma,2015.0,39422.0,3911338.0
Oklahoma,2016.0,39276.0,3923561.0
Oklahoma,2017.0,40452.0,3930864.0
Oklahoma,2018.0,40933.0,3943079.0
Oregon,1999.0,29422.0,3393941.0
Oregon,2000.0,29552.0,3421399.0
Oregon,2001.0,30158.0,3467937.0
Oregon,2002.0,31119.0,3513424.0
Oregon,2003.0,30912.0,3547376.0
Oregon,2004.0,30313.0,3569463.0
Oregon,2005.0,31091.0,3613202.0
Oregon,2006.0,31380.0,3670883.0
Oregon,2007.0,31403.0,3722417.0
Oregon,2008.0,31967.0,3768748.0
Oregon,2009.0,31636.0,3808600.0
Oregon,2010.0,31890.0,3831074.0
Oregon,2011.0,32788.0,3871859.0
Oregon,2012.0,32759.0,3899353.0
Oregon,2013.0,33939.0,3930065.0
Oregon,2014.0,34151.0,3970239.0
Oregon,2015.0,35705.0,4028977.0
Oregon,2016.0,35778.0,4093465.0
Oregon,2017.0,36624.0,4142776.0
Oregon,2018.0,36187.0,4190713.0
Pennsylvania,1999.0,130283.0,12263805.0
Pennsylvania,2000.0,130813.0,12281054.0
Pennsylvania,2001.0,129729.0,12298970.0
Pennsylvania,2002.0,130223.0,12331031.0
Pennsylvania,2003.0,129769.0,12374658.0
Pennsylvania,2004.0,127640.0,12410722.0
Pennsylvania,2005.0,129532.0,12449990.0
Pennsylvania,2006.0,125539.0,12510809.0
Pennsylvania,2007.0,125104.0,12563937.0
Pennsylvania,2008.0,127462.0,12612285.0
Pennsylvania,2009.0,124780.0,12666858.0
Pennsylvania,2010.0,124596.0,12702379.0
Pennsylvania,2011.0,128237.0,12742886.0
Pennsylvania,2012.0,126981.0,12763536.0
Pennsylvania,2013.0,129123.0,12773801.0
Pennsylvania,2014.0,128434.0,12787209.0
Pennsylvania,2015.0,132598.0,12802503.0
Pennsylvania,2016.0,133040.0,12784227.0
Pennsylvania,2017.0,135656.0,12805537.0
Pennsylvania,2018.0,134702.0,12807060.0
Rhode Island,1999.0,9708.0,1040402.0
Rhode Island,2000.0,10027.0,1048319.0
Rhode Island,2001.0,10021.0,1057142.0
Rhode Island,2002.0,10246.0,1065995.0
Rhode Island,2003.0,10039.0,1071342.0
Rhode Island,2004.0,9769.0,1074579.0
Rhode Island,2005.0,10007.0,1067916.0
Rhode Island,2006.0,9690.0,1063096.0
Rhode Island,2007.0,9723.0,1057315.0
Rhode Island,2008.0,9738.0,1055003.0
Rhode Island,2009.0,9395.0,1053646.0
Rhode Island,2010.0,9579.0,1052567.0
Rhode Island,2011.0,9581.0,1051302.0
Rhode Island,2012.0,9354.0,1050292.0
Rhode Island,2013.0,9792.0,1051511.0
Rhode Island,2014.0,9770.0,1055173.0
Rhode Island,2015.0,10163.0,1056298.0
Rhode Island,2016.0,9735.0,1056426.0
Rhode Island,2017.0,10157.0,1059639.0
Rhode Island,2018.0,10083.0,1057315.0
South Carolina,1999.0,36053.0,3974682.0
South Carolina,2000.0,36948.0,4012012.0
South Carolina,2001.0,36612.0,4064995.0
South Carolina,2002.0,37736.0,4107795.0
South Carolina,2003.0,38112.0,4150297.0
South Carolina,2004.0,37276.0,4210921.0
South Carolina,2005.0,38707.0,4270150.0
South Carolina,2006.0,38761.0,4357847.0
South Carolina,2007.0,39439.0,4444110.0
South Carolina,2008.0,40289.0,4528996.0
South Carolina,2009.0,40449.0,4589872.0
South Carolina,2010.0,41614.0,4625364.0
South Carolina,2011.0,42072.0,4679230.0
South Carolina,2012.0,43198.0,4723723.0
South Carolina,2013.0,44582.0,4774839.0
South Carolina,2014.0,45454.0,4832482.0
South Carolina,2015.0,47198.0,4896146.0
South Carolina,2016.0,48130.0,4961119.0
South Carolina,2017.0,49441.0,5024369.0
South Carolina,2018.0,50640.0,5084127.0
South Dakota,1999.0,6953.0,750412.0
South Dakota,2000.0,7021.0,754844.0
South Dakota,2001.0,6923.0,757972.0
South Dakota,2002.0,6898.0,760020.0
South Dakota,2003.0,7132.0,763729.0
South Dakota,2004.0,6833.0,770396.0
South Dakota,2005.0,7086.0,775493.0
South Dakota,2006.0,7084.0,783033.0
South Dakota,2007.0,6826.0,791623.0
South Dakota,2008.0,7083.0,799124.0
South Dakota,2009.0,6923.0,807067.0
South Dakota,2010.0,7100.0,814180.0
South Dakota,2011.0,7314.0,824082.0
South Dakota,2012.0,7333.0,833354.0
South Dakota,2013.0,7099.0,844877.0
South Dakota,2014.0,7507.0,853175.0
South Dakota,2015.0,7731.0,858469.0
South Dakota,2016.0,7845.0,865454.0
South Dakota,2017.0,7996.0,869666.0
South Dakota,2018.0,7971.0,882235.0
Tennessee,1999.0,53765.0,5638706.0
Tennessee,2000.0,55246.0,5689283.0
Tennessee,2001.0,55151.0,5750789.0
Tennessee,2002.0,56606.0,5795918.0
Tennessee,2003.0,57313.0,5847812.0
Tennessee,2004.0,55829.0,5910809.0
Tennessee,2005.0,57260.0,5991057.0
Tennessee,2006.0,56838.0,6088766.0
Tennessee,2007.0,57087.0,6175727.0
Tennessee,2008.0,58820.0,6247411.0
Tennessee,2009.0,58288.0,6306019.0
Tennessee,2010.0,59578.0,6346105.0
Tennessee,2011.0,60541.0,6403353.0
Tennessee,2012.0,61956.0,6456243.0
Tennessee,2013.0,63406.0,6495978.0
Tennessee,2014.0,64661.0,6549352.0
Tennessee,2015.0,66570.0,6600299.0
Tennessee,2016.0,67857.0,6651194.0
Tennessee,2017.0,70096.0,6715984.0
Tennessee,2018.0,71078.0,6770010.0
Texas,1999.0,146858.0,20558220.0
Texas,2000.0,149939.0,20851820.0
Texas,2001.0,152779.0,21319622.0
Texas,2002.0,155524.0,21690325.0
Texas,2003.0,154870.0,22030931.0
Texas,2004.0,152870.0,22394023.0
Texas,2005.0,156457.0,22778123.0
Texas,2006.0,157150.0,23359580.0
Texas,2007.0,160548.0,23831983.0
Texas,2008.0,164914.0,24309039.0
Texas,2009.0,163249.0,24801761.0
Texas,2010.0,166527.0,25145561.0
Texas,2011.0,168640.0,25674681.0
Texas,2012.0,174187.0,26059203.0
Texas,2013.0,179183.0,26448193.0
Texas,2014.0,183912.0,26956958.0
Texas,2015.0,189654.0,27469114.0
Texas,2016.0,191966.0,27862596.0
Texas,2017.0,198106.0,28304596.0
Texas,2018.0,202211.0,28701845.0
Utah,1999.0,12058.0,2203482.0
Utah,2000.0,12364.0,2233169.0
Utah,2001.0,12662.0,2283715.0
Utah,2002.0,13116.0,2324815.0
Utah,2003.0,13412.0,2360137.0
Utah,2004.0,13331.0,2401580.0
Utah,2005.0,13432.0,2457719.0
Utah,2006.0,13764.0,2525507.0
Utah,2007.0,14143.0,2597746.0
Utah,2008.0,14040.0,2663029.0
Utah,2009.0,14138.0,2723421.0
Utah,2010.0,14776.0,2763885.0
Utah,2011.0,15266.0,2817222.0
Utah,2012.0,15676.0,2855287.0
Utah,2013.0,16366.0,2900872.0
Utah,2014.0,16719.0,2942902.0
Utah,2015.0,17334.0,2995919.0
Utah,2016.0,17913.0,3051217.0
Utah,2017.0,18035.0,3101833.0
Utah,2018.0,18354.0,3161105.0
Vermont,1999.0,4993.0,604683.0
Vermont,2000.0,5127.0,608827.0
Vermont,2001.0,5201.0,612223.0
Vermont,2002.0,5075.0,615442.0
Vermont,2003.0,5120.0,617858.0
Vermont,2004.0,4995.0,619920.0
Vermont,2005.0,5066.0,621215.0
Vermont,2006.0,5048.0,622892.0
Vermont,2007.0,5179.0,623481.0
Vermont,2008.0,5211.0,624151.0
Vermont,2009.0,5034.0,624817.0
Vermont,2010.0,5380.0,625741.0
Vermont,2011.0,5433.0,626431.0
Vermont,2012.0,5491.0,626011.0
Vermont,2013.0,5639.0,626630.0
Vermont,2014.0,5623.0,626562.0
Vermont,2015.0,5919.0,626042.0
Vermont,2016.0,5909.0,624594.0
Vermont,2017.0,6007.0,623657.0
Vermont,2018.0,6027.0,626299.0
Virginia,1999.0,55320.0,7000174.0
Virginia,2000.0,56282.0,7078515.0
Virginia,2001.0,56280.0,7198362.0
Virginia,2002.0,57196.0,7286873.0
Virginia,2003.0,58282.0,7366977.0
Virginia,2004.0,56550.0,7475575.0
Virginia,2005.0,57855.0,7577105.0
Virginia,2006.0,57690.0,7673725.0
Virginia,2007.0,58225.0,7751000.0
Virginia,2008.0,59100.0,7833496.0
Virginia,2009.0,58653.0,7925937.0
Virginia,2010.0,59032.0,8001024.0
Virginia,2011.0,60804.0,8096604.0
Virginia,2012.0,61564.0,8185867.0
Virginia,2013.0,62716.0,8260405.0
Virginia,2014.0,63598.0,8326289.0
Virginia,2015.0,65577.0,8382993.0
Virginia,2016.0,66473.0,8411808.0
Virginia,2017.0,68579.0,8470020.0
Virginia,2018.0,69359.0,8517685.0
Washington,1999.0,43865.0,5842564.0
Washington,2000.0,43941.0,5894121.0
Washington,2001.0,44642.0,5985722.0
Washington,2002.0,45338.0,6052349.0
Washington,2003.0,45920.0,6104115.0
Washington,2004.0,44770.0,6178645.0
Washington,2005.0,46203.0,6257305.0
Washington,2006.0,46120.0,6370753.0
Washington,2007.0,47323.0,6461587.0
Washington,2008.0,48627.0,6562231.0
Washington,2009.0,48270.0,6667426.0
Washington,2010.0,48146.0,6724540.0
Washington,2011.0,49691.0,6830038.0
Washington,2012.0,50105.0,6897012.0
Washington,2013.0,51264.0,6971406.0
Washington,2014.0,52099.0,7061530.0
Washington,2015.0,54595.0,7170351.0
Washington,2016.0,54769.0,7288000.0
Washington,2017.0,56995.0,7405743.0
Washington,2018.0,56877.0,7535591.0
West Virginia,1999.0,21049.0,1811799.0
West Virginia,2000.0,21114.0,1808344.0
West Virginia,2001.0,20967.0,1801481.0
West Virginia,2002.0,21016.0,1805414.0
West Virginia,2003.0,21306.0,1812295.0
West Virginia,2004.0,20793.0,1816438.0
West Virginia,2005.0,20780.0,1820492.0
West Virginia,2006.0,20672.0,1827912.0
West Virginia,2007.0,21086.0,1834052.0
West Virginia,2008.0,21557.0,1840310.0
West Virginia,2009.0,21386.0,1847775.0
West Virginia,2010.0,21275.0,1852994.0
West Virginia,2011.0,21867.0,1855364.0
West Virginia,2012.0,21915.0,1855413.0
West Virginia,2013.0,21843.0,1854304.0
West Virginia,2014.0,22186.0,1850326.0
West Virginia,2015.0,22752.0,1844128.0
West Virginia,2016.0,22732.0,1831102.0
West Virginia,2017.0,23276.0,1815857.0
West Virginia,2018.0,23478.0,1805832.0
Wisconsin,1999.0,46672.0,5332666.0
Wisconsin,2000.0,46461.0,5363675.0
Wisconsin,2001.0,46628.0,5406835.0
Wisconsin,2002.0,46981.0,5445162.0
Wisconsin,2003.0,46177.0,5479203.0
Wisconsin,2004.0,45600.0,5514026.0
Wisconsin,2005.0,46709.0,5546166.0
Wisconsin,2006.0,46153.0,5577655.0
Wisconsin,2007.0,46241.0,5610775.0
Wisconsin,2008.0,46815.0,5640996.0
Wisconsin,2009.0,45697.0,5669264.0
Wisconsin,2010.0,47308.0,5686986.0
Wisconsin,2011.0,48410.0,5711767.0
Wisconsin,2012.0,48384.0,5726398.0
Wisconsin,2013.0,50026.0,5742713.0
Wisconsin,2014.0,50291.0,5757564.0
Wisconsin,2015.0,51264.0,5771337.0
Wisconsin,2016.0,51815.0,5778708.0
Wisconsin,2017.0,52681.0,5795483.0
Wisconsin,2018.0,53684.0,5813568.0
Wyoming,1999.0,4042.0,491780.0
Wyoming,2000.0,3920.0,493782.0
Wyoming,2001.0,4029.0,494657.0
Wyoming,2002.0,4174.0,500017.0
Wyoming,2003.0,4172.0,503453.0
Wyoming,2004.0,3955.0,509106.0
Wyoming,2005.0,4099.0,514157.0
Wyoming,2006.0,4311.0,522667.0
Wyoming,2007.0,4266.0,534876.0
Wyoming,2008.0,4227.0,546043.0
Wyoming,2009.0,4283.0,559851.0
Wyoming,2010.0,4438.0,563626.0
Wyoming,2011.0,4387.0,568158.0
Wyoming,2012.0,4481.0,576412.0
Wyoming,2013.0,4516.0,582658.0
Wyoming,2014.0,4666.0,584153.0
Wyoming,2015.0,4778.0,586107.0
Wyoming,2016.0,4722.0,585501.0
Wyoming,2017.0,4768.0,579315.0
Wyoming,2018.0,5070.0,577737.0
