,,Deaths,Deaths,Deaths,Deaths,Population,Population,Population,Population
Race,,American Indian or Alaska Native,Asian or Pacific Islander,Black or African American,White,American Indian or Alaska Native,Asian or Pacific Islander,Black or African American,White
State,Year,,,,,,,,
Alabama,1999.0,54.0,49.0,11080.0,33623.0,22666.0,33494.0,1162673.0,3211308.0
Alabama,2000.0,44.0,55.0,10914.0,34049.0,25386.0,35873.0,1167623.0,3218218.0
Alabama,2001.0,51.0,46.0,11100.0,34119.0,26010.0,38517.0,1177479.0,3225628.0
Alabama,2002.0,46.0,71.0,11225.0,34727.0,27003.0,40783.0,1182591.0,3229712.0
Alabama,2003.0,64.0,76.0,11219.0,35357.0,28065.0,43407.0,1190183.0,3241836.0
Alabama,2004.0,52.0,83.0,11095.0,34891.0,28974.0,46752.0,1199192.0,3255811.0
Alabama,2005.0,65.0,76.0,11248.0,35701.0,29957.0,49897.0,1210903.0,3279048.0
Alabama,2006.0,74.0,117.0,11275.0,35511.0,31165.0,53122.0,1230534.0,3314160.0
Alabama,2007.0,52.0,102.0,11040.0,35502.0,32273.0,56067.0,1243867.0,3340633.0
Alabama,2008.0,82.0,116.0,11132.0,36377.0,33518.0,58975.0,1259177.0,3366536.0
Alabama,2009.0,68.0,117.0,10992.0,36293.0,34844.0,62645.0,1271247.0,3389202.0
Alabama,2010.0,77.0,128.0,10981.0,36852.0,35963.0,64726.0,1279072.0,3399975.0
Alabama,2011.0,75.0,116.0,11153.0,37337.0,36348.0,66881.0,1293037.0,3406474.0
Alabama,2012.0,90.0,109.0,11077.0,38025.0,36677.0,69565.0,1302210.0,3413571.0
Alabama,2013.0,88.0,96.0,11443.0,38562.0,36694.0,72011.0,1307660.0,3417357.0
Alabama,2014.0,99.0,90.0,11320.0,38706.0,36925.0,74946.0,1317566.0,3419940.0
Alabama,2015.0,106.0,85.0,11789.0,39929.0,37228.0,77752.0,1325905.0,3418094.0
Alabama,2016.0,97.0,223.0,12013.0,40133.0,37190.0,79553.0,1329648.0,3416909.0
Alabama,2017.0,83.0,237.0,12106.0,40812.0,37424.0,82378.0,1335240.0,3419705.0
Alabama,2018.0,116.0,240.0,12525.0,41471.0,37790.0,84490.0,1338846.0,3426745.0
Alaska,1999.0,644.0,81.0,71.0,1912.0,105727.0,30390.0,26610.0,462052.0
Alaska,2000.0,648.0,101.0,86.0,2079.0,107715.0,31786.0,26649.0,460782.0
Alaska,2001.0,691.0,75.0,82.0,2126.0,108715.0,33834.0,27347.0,463818.0
Alaska,2002.0,697.0,90.0,88.0,2155.0,109756.0,35716.0,28157.0,468708.0
Alaska,2003.0,725.0,124.0,82.0,2249.0,110936.0,37741.0,28196.0,471541.0
Alaska,2004.0,700.0,94.0,97.0,2160.0,112721.0,39436.0,28663.0,478466.0
Alaska,2005.0,778.0,107.0,83.0,2200.0,114256.0,41227.0,28771.0,482692.0
Alaska,2006.0,759.0,124.0,78.0,2393.0,115621.0,42649.0,29078.0,487954.0
Alaska,2007.0,808.0,114.0,96.0,2445.0,116298.0,43997.0,29592.0,490413.0
Alaska,2008.0,806.0,112.0,101.0,2475.0,117376.0,46039.0,30075.0,493965.0
Alaska,2009.0,860.0,135.0,90.0,2533.0,119327.0,49128.0,30573.0,499867.0
Alaska,2010.0,865.0,133.0,100.0,2630.0,120452.0,50944.0,31404.0,507431.0
Alaska,2011.0,891.0,154.0,104.0,2700.0,121915.0,52823.0,33368.0,514612.0
Alaska,2012.0,891.0,163.0,125.0,2733.0,122904.0,55340.0,35109.0,518096.0
Alaska,2013.0,922.0,171.0,128.0,2776.0,122612.0,56599.0,36376.0,519545.0
Alaska,2014.0,932.0,180.0,120.0,2896.0,123350.0,58989.0,36889.0,517504.0
Alaska,2015.0,1022.0,185.0,142.0,2967.0,123952.0,60944.0,37042.0,516494.0
Alaska,2016.0,1062.0,225.0,125.0,3082.0,127052.0,62157.0,36438.0,516247.0
Alaska,2017.0,1072.0,211.0,135.0,2993.0,127624.0,63291.0,36257.0,512623.0
Alaska,2018.0,1048.0,183.0,148.0,3074.0,128033.0,64782.0,36711.0,507912.0
Arizona,1999.0,1572.0,217.0,994.0,37267.0,275286.0,110336.0,177619.0,4460582.0
Arizona,2000.0,1560.0,265.0,1018.0,37657.0,278265.0,114836.0,183298.0,4554233.0
Arizona,2001.0,1639.0,295.0,1060.0,38064.0,284705.0,125272.0,194201.0,4669299.0
Arizona,2002.0,1597.0,272.0,970.0,39977.0,291458.0,134342.0,204176.0,4766279.0
Arizona,2003.0,1685.0,298.0,1157.0,40252.0,298633.0,143220.0,213993.0,4854518.0
Arizona,2004.0,1564.0,309.0,1125.0,40200.0,306256.0,153388.0,226956.0,4965804.0
Arizona,2005.0,1704.0,348.0,1203.0,42572.0,316197.0,167814.0,243074.0,5111992.0
Arizona,2006.0,1643.0,339.0,1305.0,43078.0,327058.0,184455.0,262150.0,5255478.0
Arizona,2007.0,1700.0,384.0,1300.0,42170.0,336800.0,197939.0,278537.0,5354405.0
Arizona,2008.0,1770.0,461.0,1333.0,42259.0,346539.0,209252.0,294617.0,5429954.0
Arizona,2009.0,1908.0,481.0,1364.0,42063.0,353144.0,217943.0,308020.0,5464047.0
Arizona,2010.0,2012.0,533.0,1398.0,42819.0,358486.0,223902.0,316039.0,5493590.0
Arizona,2011.0,1936.0,574.0,1465.0,44406.0,363483.0,231717.0,327548.0,5559757.0
Arizona,2012.0,2006.0,603.0,1589.0,45351.0,369956.0,242799.0,336915.0,5603585.0
Arizona,2013.0,2103.0,583.0,1673.0,46175.0,376115.0,252207.0,347699.0,5650603.0
Arizona,2014.0,2240.0,644.0,1678.0,46976.0,382889.0,262371.0,360893.0,5725331.0
Arizona,2015.0,2314.0,722.0,1842.0,49421.0,388640.0,273899.0,374864.0,5790662.0
Arizona,2016.0,2498.0,832.0,2037.0,51278.0,397840.0,280091.0,385444.0,5867696.0
Arizona,2017.0,2515.0,852.0,2001.0,52390.0,400322.0,292842.0,397421.0,5925685.0
Arizona,2018.0,2641.0,979.0,2143.0,53519.0,407595.0,310608.0,413873.0,6039570.0
Arkansas,1999.0,34.0,36.0,4056.0,23799.0,18045.0,21433.0,424438.0,2187944.0
Arkansas,2000.0,45.0,55.0,4041.0,24076.0,20289.0,24090.0,425864.0,2203157.0
Arkansas,2001.0,30.0,51.0,3837.0,23841.0,20829.0,26157.0,429929.0,2214656.0
Arkansas,2002.0,51.0,94.0,3976.0,24392.0,21526.0,27954.0,432330.0,2224117.0
Arkansas,2003.0,62.0,61.0,3882.0,23913.0,22277.0,30087.0,435025.0,2237427.0
Arkansas,2004.0,50.0,42.0,3823.0,23613.0,23054.0,32575.0,438712.0,2255345.0
Arkansas,2005.0,53.0,61.0,3949.0,23992.0,24240.0,35186.0,442674.0,2278997.0
Arkansas,2006.0,68.0,76.0,3955.0,23802.0,25108.0,37822.0,450382.0,2308449.0
Arkansas,2007.0,67.0,80.0,3873.0,24171.0,26220.0,40045.0,453433.0,2328952.0
Arkansas,2008.0,77.0,101.0,3950.0,25194.0,27242.0,42091.0,458375.0,2346846.0
Arkansas,2009.0,69.0,130.0,3864.0,24610.0,28106.0,44948.0,462207.0,2361582.0
Arkansas,2010.0,51.0,109.0,3748.0,25008.0,29152.0,46899.0,466200.0,2373667.0
Arkansas,2011.0,76.0,123.0,3849.0,25605.0,30758.0,49347.0,471035.0,2386839.0
Arkansas,2012.0,43.0,127.0,3829.0,26118.0,30826.0,51892.0,473402.0,2393011.0
Arkansas,2013.0,53.0,146.0,3855.0,26383.0,31368.0,54338.0,475853.0,2397814.0
Arkansas,2014.0,59.0,169.0,3848.0,26391.0,31880.0,56223.0,478462.0,2399804.0
Arkansas,2015.0,65.0,174.0,3940.0,27438.0,32550.0,59280.0,481843.0,2404531.0
Arkansas,2016.0,82.0,174.0,4143.0,27357.0,32403.0,59992.0,484598.0,2411255.0
Arkansas,2017.0,85.0,209.0,4300.0,27994.0,33167.0,62867.0,487926.0,2420319.0
Arkansas,2018.0,65.0,157.0,4231.0,27883.0,33837.0,65231.0,489759.0,2424998.0
California,1999.0,867.0,14372.0,18015.0,196126.0,453029.0,4051272.0,2502469.0,26492434.0
California,2000.0,1023.0,14822.0,17813.0,195893.0,472692.0,4133030.0,2516935.0,26748991.0
California,2001.0,1039.0,15676.0,18388.0,198941.0,495065.0,4338380.0,2547829.0,27098184.0
California,2002.0,1060.0,16061.0,18726.0,198718.0,513001.0,4482498.0,2567326.0,27309018.0
California,2003.0,1247.0,16797.0,18888.0,202439.0,534792.0,4621258.0,2585567.0,27511542.0
California,2004.0,1255.0,16858.0,18685.0,195727.0,557610.0,4750147.0,2603152.0,27663667.0
California,2005.0,1226.0,17747.0,19116.0,198948.0,581877.0,4884264.0,2615407.0,27746395.0
California,2006.0,1286.0,18360.0,18817.0,198663.0,607308.0,5013374.0,2626937.0,27773583.0
California,2007.0,1364.0,18796.0,18701.0,194859.0,636353.0,5142253.0,2639369.0,27832336.0
California,2008.0,1411.0,19601.0,18305.0,195449.0,669667.0,5281970.0,2662354.0,27990346.0
California,2009.0,1385.0,19820.0,18133.0,193398.0,709279.0,5412716.0,2691724.0,28147510.0
California,2010.0,1472.0,20654.0,17800.0,194086.0,739342.0,5515120.0,2718779.0,28280715.0
California,2011.0,1580.0,21337.0,18516.0,198509.0,756441.0,5634880.0,2749509.0,28551082.0
California,2012.0,1593.0,22378.0,18456.0,200127.0,760492.0,5796976.0,2767389.0,28716573.0
California,2013.0,1762.0,23451.0,18888.0,204258.0,763452.0,5917918.0,2778851.0,28872300.0
California,2014.0,1758.0,23739.0,19109.0,201323.0,768510.0,6113222.0,2808562.0,29112206.0
California,2015.0,1963.0,26004.0,20131.0,211108.0,772709.0,6276070.0,2827821.0,29268218.0
California,2016.0,1990.0,26799.0,20631.0,212820.0,773355.0,6362798.0,2829264.0,29284600.0
California,2017.0,2055.0,28476.0,21014.0,216644.0,776662.0,6548662.0,2841787.0,29369542.0
California,2018.0,2065.0,29319.0,21478.0,215956.0,777959.0,6626166.0,2851095.0,29301825.0
Colorado,1999.0,128.0,240.0,1013.0,25733.0,53067.0,106980.0,183070.0,3882901.0
Colorado,2000.0,137.0,276.0,1016.0,25859.0,57458.0,113495.0,188402.0,3941906.0
Colorado,2001.0,170.0,296.0,965.0,26863.0,61132.0,122046.0,196376.0,4046133.0
Colorado,2002.0,146.0,285.0,1022.0,27757.0,63879.0,127631.0,201149.0,4097747.0
Colorado,2003.0,173.0,287.0,1077.0,27969.0,65942.0,132111.0,203049.0,4127630.0
Colorado,2004.0,141.0,315.0,959.0,26894.0,68901.0,136838.0,208322.0,4160952.0
Colorado,2005.0,166.0,330.0,1081.0,28050.0,72029.0,141835.0,211476.0,4206548.0
Colorado,2006.0,183.0,345.0,1004.0,27989.0,75455.0,147694.0,218810.0,4278464.0
Colorado,2007.0,198.0,253.0,1050.0,28492.0,79271.0,153365.0,224746.0,4346486.0
Colorado,2008.0,196.0,368.0,1126.0,29584.0,84116.0,159295.0,231792.0,4414527.0
Colorado,2009.0,258.0,374.0,1143.0,29398.0,88634.0,165687.0,239309.0,4478565.0
Colorado,2010.0,197.0,377.0,1188.0,29703.0,93003.0,170692.0,245200.0,4520301.0
Colorado,2011.0,228.0,440.0,1224.0,30671.0,95952.0,177324.0,254320.0,4589200.0
Colorado,2012.0,275.0,470.0,1270.0,31118.0,97236.0,183568.0,259561.0,4647217.0
Colorado,2013.0,245.0,482.0,1268.0,31717.0,99380.0,190219.0,266564.0,4712204.0
Colorado,2014.0,295.0,503.0,1286.0,33153.0,101162.0,199451.0,275766.0,4779487.0
Colorado,2015.0,274.0,542.0,1422.0,34111.0,103235.0,209275.0,284005.0,4860059.0
Colorado,2016.0,308.0,616.0,1402.0,35204.0,105212.0,213854.0,289206.0,4932273.0
Colorado,2017.0,304.0,624.0,1488.0,35647.0,106359.0,222838.0,295430.0,4982527.0
Colorado,2018.0,379.0,661.0,1555.0,35931.0,108684.0,233219.0,303260.0,5050401.0
Connecticut,1999.0,21.0,142.0,1944.0,27339.0,11760.0,88065.0,341801.0,2944775.0
Connecticut,2000.0,35.0,121.0,2051.0,27922.0,12827.0,91816.0,347678.0,2953244.0
Connecticut,2001.0,43.0,138.0,2044.0,27602.0,13527.0,98640.0,355440.0,2965228.0
Connecticut,2002.0,58.0,145.0,1999.0,27920.0,14173.0,105615.0,363022.0,2975939.0
Connecticut,2003.0,49.0,150.0,1960.0,27468.0,15016.0,112765.0,370417.0,2986138.0
Connecticut,2004.0,42.0,161.0,2019.0,27092.0,15550.0,118414.0,375875.0,2986255.0
Connecticut,2005.0,39.0,207.0,2020.0,27201.0,16184.0,124478.0,381552.0,2984742.0
Connecticut,2006.0,30.0,200.0,2041.0,26989.0,16916.0,130310.0,388120.0,2982114.0
Connecticut,2007.0,27.0,198.0,2076.0,26350.0,17626.0,135691.0,394640.0,2979313.0
Connecticut,2008.0,33.0,203.0,2010.0,26548.0,18438.0,141482.0,401643.0,2984016.0
Connecticut,2009.0,22.0,234.0,2068.0,26261.0,19258.0,146808.0,409897.0,2985844.0
Connecticut,2010.0,23.0,250.0,2073.0,26346.0,20015.0,150814.0,416130.0,2987138.0
Connecticut,2011.0,18.0,261.0,2111.0,27136.0,20415.0,155366.0,420735.0,2984193.0
Connecticut,2012.0,28.0,272.0,2074.0,26942.0,21059.0,161705.0,426892.0,2980691.0
Connecticut,2013.0,24.0,262.0,2188.0,27158.0,21888.0,166419.0,434310.0,2973463.0
Connecticut,2014.0,23.0,299.0,2215.0,27323.0,21903.0,173566.0,440994.0,2960214.0
Connecticut,2015.0,30.0,297.0,2328.0,27880.0,22580.0,178368.0,445929.0,2944009.0
Connecticut,2016.0,20.0,364.0,2499.0,27660.0,22663.0,179900.0,449615.0,2924274.0
Connecticut,2017.0,27.0,326.0,2411.0,28548.0,23036.0,185906.0,456300.0,2922942.0
Connecticut,2018.0,31.0,348.0,2497.0,28354.0,23538.0,186224.0,459499.0,2903404.0
Delaware,1999.0,13.0,27.0,1074.0,5552.0,3103.0,17031.0,153643.0,601213.0
Delaware,2000.0,13.0,30.0,1137.0,5695.0,3306.0,17820.0,157045.0,605429.0
Delaware,2001.0,13.0,30.0,1182.0,5887.0,3695.0,19356.0,162206.0,610442.0
Delaware,2002.0,13.0,40.0,1110.0,5698.0,3932.0,20626.0,166583.0,615028.0
Delaware,2003.0,,35.0,1236.0,5791.0,,22159.0,171022.0,620499.0
Delaware,2004.0,23.0,29.0,1203.0,5888.0,4567.0,23798.0,175605.0,626833.0
Delaware,2005.0,13.0,44.0,1245.0,6170.0,4924.0,25348.0,181480.0,633398.0
Delaware,2006.0,20.0,38.0,1236.0,5910.0,5255.0,26812.0,187148.0,640053.0
Delaware,2007.0,27.0,48.0,1198.0,6054.0,5526.0,28502.0,192615.0,645106.0
Delaware,2008.0,11.0,61.0,1222.0,6328.0,5901.0,29849.0,197813.0,650311.0
Delaware,2009.0,18.0,43.0,1279.0,6194.0,6270.0,31080.0,201775.0,652605.0
Delaware,2010.0,12.0,50.0,1281.0,6363.0,6573.0,31687.0,204730.0,654944.0
Delaware,2011.0,15.0,55.0,1272.0,6503.0,6686.0,32920.0,207425.0,660104.0
Delaware,2012.0,16.0,84.0,1408.0,6367.0,6808.0,34727.0,211248.0,664309.0
Delaware,2013.0,14.0,75.0,1315.0,6563.0,6833.0,36257.0,214516.0,668143.0
Delaware,2014.0,28.0,90.0,1450.0,6692.0,6875.0,37946.0,217941.0,672852.0
Delaware,2015.0,18.0,76.0,1474.0,7014.0,6887.0,39912.0,221986.0,677149.0
Delaware,2016.0,20.0,79.0,1537.0,7238.0,6887.0,40868.0,225293.0,679017.0
Delaware,2017.0,19.0,106.0,1736.0,7317.0,6956.0,42850.0,230038.0,682095.0
Delaware,2018.0,21.0,110.0,1714.0,7588.0,7220.0,42908.0,233113.0,683930.0
District of Columbia,1999.0,,48.0,4765.0,1256.0,,16642.0,354021.0,197359.0
District of Columbia,2000.0,,64.0,4693.0,1239.0,,17106.0,353632.0,198984.0
District of Columbia,2001.0,,38.0,4664.0,1240.0,,17810.0,349536.0,204684.0
District of Columbia,2002.0,,58.0,4655.0,1136.0,,18094.0,346080.0,206332.0
District of Columbia,2003.0,,44.0,4417.0,1108.0,,18513.0,340751.0,206505.0
District of Columbia,2004.0,,43.0,4258.0,1145.0,,19264.0,335297.0,210252.0
District of Columbia,2005.0,,60.0,4330.0,1084.0,,19165.0,329329.0,215554.0
District of Columbia,2006.0,,46.0,4113.0,1177.0,,21030.0,325064.0,221264.0
District of Columbia,2007.0,,44.0,3983.0,1155.0,,20754.0,321494.0,228646.0
District of Columbia,2008.0,,57.0,4007.0,1072.0,,22734.0,318392.0,235420.0
District of Columbia,2009.0,,41.0,3770.0,1020.0,,23028.0,317978.0,247187.0
District of Columbia,2010.0,,39.0,3590.0,1042.0,,24582.0,317619.0,255534.0
District of Columbia,2011.0,,55.0,3570.0,963.0,,26147.0,320832.0,266864.0
District of Columbia,2012.0,,46.0,3589.0,1007.0,,27516.0,324476.0,276057.0
District of Columbia,2013.0,,56.0,3623.0,1034.0,,28460.0,328102.0,285467.0
District of Columbia,2014.0,,41.0,3638.0,1040.0,,30060.0,331672.0,292649.0
District of Columbia,2015.0,,58.0,3741.0,1068.0,,32075.0,333883.0,301687.0
District of Columbia,2016.0,,59.0,3949.0,1022.0,,32055.0,334736.0,309313.0
District of Columbia,2017.0,,65.0,3859.0,1034.0,,33532.0,336542.0,318871.0
District of Columbia,2018.0,,66.0,3861.0,1076.0,,34883.0,336228.0,326137.0
Florida,1999.0,118.0,511.0,17100.0,145495.0,60913.0,300702.0,2419083.0,12978723.0
Florida,2000.0,136.0,510.0,17150.0,146599.0,66388.0,315422.0,2468478.0,13132090.0
Florida,2001.0,142.0,616.0,17661.0,148850.0,70444.0,340453.0,2553214.0,13392855.0
Florida,2002.0,174.0,657.0,17842.0,149141.0,74505.0,363758.0,2627531.0,13623576.0
Florida,2003.0,164.0,768.0,17937.0,149788.0,78291.0,387049.0,2700143.0,13838602.0
Florida,2004.0,175.0,785.0,18089.0,149959.0,81982.0,414998.0,2786446.0,14131892.0
Florida,2005.0,196.0,963.0,18514.0,151118.0,85745.0,445860.0,2881786.0,14428647.0
Florida,2006.0,190.0,961.0,18757.0,150158.0,89957.0,473540.0,2969250.0,14634243.0
Florida,2007.0,175.0,1057.0,18666.0,148198.0,93162.0,494671.0,3029024.0,14750985.0
Florida,2008.0,202.0,1087.0,18673.0,150741.0,95642.0,512331.0,3086395.0,14832937.0
Florida,2009.0,180.0,1209.0,18726.0,149809.0,97488.0,527477.0,3133488.0,14894191.0
Florida,2010.0,238.0,1319.0,18729.0,153505.0,99328.0,540137.0,3172720.0,14989125.0
Florida,2011.0,196.0,1234.0,18904.0,153642.0,103918.0,562698.0,3242646.0,15148280.0
Florida,2012.0,208.0,1335.0,19551.0,156197.0,105986.0,583337.0,3311596.0,15316649.0
Florida,2013.0,250.0,1578.0,20169.0,159115.0,107880.0,603348.0,3371252.0,15470380.0
Florida,2014.0,253.0,1685.0,20612.0,163406.0,110380.0,631668.0,3451906.0,15699343.0
Florida,2015.0,277.0,1912.0,21758.0,167790.0,112647.0,658187.0,3528984.0,15971454.0
Florida,2016.0,328.0,2004.0,22817.0,172164.0,114466.0,671619.0,3597739.0,16228615.0
Florida,2017.0,294.0,2229.0,23566.0,177547.0,116826.0,700659.0,3678445.0,16488470.0
Florida,2018.0,296.0,2290.0,24166.0,178674.0,119648.0,721486.0,3736443.0,16721748.0
Georgia,1999.0,66.0,297.0,16782.0,44883.0,21483.0,177250.0,2343624.0,5503608.0
Georgia,2000.0,89.0,332.0,17185.0,46264.0,26783.0,192400.0,2395234.0,5572036.0
Georgia,2001.0,70.0,365.0,17248.0,46802.0,29086.0,211322.0,2468186.0,5668444.0
Georgia,2002.0,101.0,362.0,17730.0,47256.0,31629.0,226700.0,2522522.0,5727405.0
Georgia,2003.0,131.0,364.0,17835.0,48148.0,33967.0,240749.0,2571491.0,5776586.0
Georgia,2004.0,133.0,325.0,17702.0,47658.0,36528.0,256011.0,2635336.0,5841377.0
Georgia,2005.0,134.0,477.0,18031.0,48094.0,39047.0,273073.0,2702396.0,5911406.0
Georgia,2006.0,75.0,636.0,18416.0,48681.0,42276.0,293130.0,2805927.0,6014480.0
Georgia,2007.0,61.0,562.0,18590.0,49118.0,45109.0,310982.0,2891925.0,6101972.0
Georgia,2008.0,14.0,502.0,18999.0,50125.0,48540.0,327759.0,2962628.0,6165916.0
Georgia,2009.0,30.0,619.0,18813.0,50250.0,51638.0,342019.0,3023009.0,6204180.0
Georgia,2010.0,44.0,743.0,18929.0,51547.0,54033.0,352249.0,3057817.0,6223554.0
Georgia,2011.0,46.0,705.0,18768.0,51729.0,55612.0,365731.0,3113361.0,6280506.0
Georgia,2012.0,45.0,780.0,19189.0,52833.0,56183.0,383205.0,3163293.0,6317264.0
Georgia,2013.0,55.0,863.0,20107.0,54063.0,56461.0,399271.0,3206522.0,6329913.0
Georgia,2014.0,63.0,951.0,20770.0,55103.0,56875.0,421265.0,3260440.0,6358763.0
Georgia,2015.0,68.0,1018.0,21686.0,57170.0,57450.0,444592.0,3320419.0,6392399.0
Georgia,2016.0,61.0,1120.0,22442.0,57805.0,58544.0,456404.0,3384642.0,6410781.0
Georgia,2017.0,71.0,1125.0,23278.0,58624.0,59961.0,477375.0,3447386.0,6444657.0
Georgia,2018.0,58.0,1243.0,24087.0,59814.0,61333.0,491893.0,3499496.0,6466753.0
Hawaii,1999.0,25.0,5888.0,68.0,2289.0,4677.0,811734.0,31161.0,362728.0
Hawaii,2000.0,32.0,5883.0,65.0,2310.0,4547.0,816218.0,30498.0,360274.0
Hawaii,2001.0,31.0,5969.0,55.0,2339.0,4733.0,823147.0,32533.0,365535.0
Hawaii,2002.0,33.0,6300.0,68.0,2400.0,5024.0,828889.0,33918.0,371782.0
Hawaii,2003.0,19.0,6385.0,67.0,2507.0,5207.0,837056.0,33385.0,375506.0
Hawaii,2004.0,13.0,6407.0,81.0,2529.0,5369.0,852273.0,32914.0,383013.0
Hawaii,2005.0,17.0,6395.0,74.0,2650.0,5557.0,861818.0,33769.0,391585.0
Hawaii,2006.0,15.0,6747.0,81.0,2589.0,5794.0,870882.0,33889.0,399166.0
Hawaii,2007.0,22.0,6652.0,89.0,2732.0,5728.0,879253.0,32822.0,397872.0
Hawaii,2008.0,19.0,6687.0,92.0,2703.0,5844.0,889527.0,33067.0,403775.0
Hawaii,2009.0,25.0,6973.0,93.0,2823.0,5974.0,900614.0,33296.0,406833.0
Hawaii,2010.0,32.0,6751.0,87.0,2747.0,5840.0,910638.0,33390.0,410433.0
Hawaii,2011.0,23.0,6945.0,67.0,2888.0,6760.0,909176.0,38852.0,420022.0
Hawaii,2012.0,33.0,7243.0,99.0,2899.0,6415.0,917473.0,41541.0,426884.0
Hawaii,2013.0,26.0,7456.0,112.0,2911.0,7066.0,915836.0,44268.0,436884.0
Hawaii,2014.0,17.0,7314.0,89.0,3347.0,7281.0,922982.0,46577.0,442721.0
Hawaii,2015.0,11.0,7702.0,128.0,3212.0,7402.0,927227.0,49249.0,447725.0
Hawaii,2016.0,18.0,7621.0,112.0,3162.0,6665.0,942954.0,43301.0,435637.0
Hawaii,2017.0,21.0,7926.0,119.0,3324.0,6523.0,944282.0,43413.0,433320.0
Hawaii,2018.0,16.0,8012.0,119.0,3268.0,6559.0,940001.0,43434.0,430497.0
Idaho,1999.0,93.0,27.0,28.0,9431.0,19325.0,14097.0,6243.0,1236009.0
Idaho,2000.0,101.0,52.0,26.0,9384.0,20595.0,15240.0,7580.0,1250538.0
Idaho,2001.0,112.0,53.0,22.0,9566.0,21349.0,16356.0,8553.0,1273704.0
Idaho,2002.0,113.0,52.0,25.0,9733.0,22053.0,17102.0,9279.0,1291938.0
Idaho,2003.0,134.0,49.0,22.0,10175.0,22713.0,18102.0,9994.0,1312571.0
Idaho,2004.0,99.0,44.0,19.0,9866.0,23461.0,19138.0,10823.0,1338380.0
Idaho,2005.0,134.0,54.0,19.0,10349.0,24664.0,20513.0,11770.0,1371294.0
Idaho,2006.0,92.0,54.0,29.0,10438.0,25683.0,21828.0,12702.0,1408456.0
Idaho,2007.0,116.0,68.0,26.0,10612.0,26818.0,23410.0,13628.0,1441249.0
Idaho,2008.0,129.0,85.0,29.0,10719.0,28001.0,24332.0,14244.0,1467743.0
Idaho,2009.0,151.0,60.0,26.0,10861.0,28928.0,25292.0,15054.0,1485165.0
Idaho,2010.0,131.0,87.0,34.0,11177.0,29801.0,25893.0,15104.0,1496784.0
Idaho,2011.0,131.0,80.0,34.0,11782.0,30666.0,27150.0,16880.0,1510289.0
Idaho,2012.0,130.0,94.0,31.0,11743.0,30943.0,28173.0,16896.0,1519716.0
Idaho,2013.0,150.0,92.0,36.0,12156.0,31792.0,28991.0,18002.0,1533351.0
Idaho,2014.0,157.0,64.0,31.0,12361.0,32662.0,30267.0,18928.0,1552607.0
Idaho,2015.0,148.0,87.0,26.0,12765.0,33410.0,31961.0,19519.0,1570040.0
Idaho,2016.0,143.0,95.0,37.0,13091.0,34218.0,32458.0,20021.0,1596443.0
Idaho,2017.0,148.0,113.0,44.0,13706.0,34832.0,34444.0,21230.0,1626437.0
Idaho,2018.0,169.0,108.0,44.0,13940.0,35530.0,36349.0,22301.0,1660028.0
Illinois,1999.0,68.0,951.0,16843.0,90574.0,39586.0,444409.0,1923260.0,9951765.0
Illinois,2000.0,51.0,996.0,16289.0,89298.0,43660.0,460311.0,1933802.0,9981520.0
Illinois,2001.0,67.0,1112.0,16362.0,87889.0,47869.0,484828.0,1940249.0,10015499.0
Illinois,2002.0,70.0,1163.0,16437.0,88997.0,51366.0,503613.0,1942243.0,10028334.0
Illinois,2003.0,61.0,1109.0,16425.0,87730.0,55196.0,521161.0,1942340.0,10037309.0
Illinois,2004.0,63.0,1117.0,15919.0,85571.0,59253.0,538214.0,1944473.0,10047833.0
Illinois,2005.0,75.0,1259.0,15987.0,86653.0,63271.0,555402.0,1944853.0,10046377.0
Illinois,2006.0,76.0,1248.0,15780.0,85067.0,67580.0,574103.0,1947836.0,10054436.0
Illinois,2007.0,81.0,1263.0,15824.0,83335.0,72021.0,594345.0,1951157.0,10078343.0
Illinois,2008.0,81.0,1364.0,15533.0,86493.0,76818.0,612326.0,1955231.0,10102663.0
Illinois,2009.0,70.0,1490.0,15187.0,83309.0,82361.0,629853.0,1960826.0,10123738.0
Illinois,2010.0,61.0,1568.0,15118.0,83184.0,86396.0,641679.0,1965842.0,10136715.0
Illinois,2011.0,84.0,1642.0,15262.0,84918.0,87780.0,657394.0,1971805.0,10152278.0
Illinois,2012.0,77.0,1718.0,15570.0,85068.0,88647.0,677533.0,1968408.0,10140667.0
Illinois,2013.0,69.0,1881.0,15688.0,85763.0,88424.0,699051.0,1965178.0,10129482.0
Illinois,2014.0,64.0,1925.0,16000.0,87304.0,88337.0,726423.0,1964390.0,10101430.0
Illinois,2015.0,63.0,2028.0,16400.0,88381.0,88619.0,750026.0,1962578.0,10058772.0
Illinois,2016.0,80.0,2148.0,17186.0,87606.0,88734.0,752406.0,1953836.0,10006563.0
Illinois,2017.0,81.0,2172.0,17580.0,89888.0,89142.0,774210.0,1950271.0,9988400.0
Illinois,2018.0,70.0,2395.0,18050.0,89507.0,88932.0,794211.0,1940291.0,9917646.0
Indiana,1999.0,30.0,109.0,4439.0,50725.0,17099.0,62772.0,525171.0,5439927.0
Indiana,2000.0,17.0,104.0,4298.0,51050.0,19675.0,67640.0,533138.0,5460032.0
Indiana,2001.0,31.0,79.0,4427.0,50661.0,20272.0,73286.0,545974.0,5488228.0
Indiana,2002.0,31.0,86.0,4441.0,50838.0,21238.0,77917.0,555017.0,5501795.0
Indiana,2003.0,28.0,135.0,4599.0,51206.0,21975.0,82932.0,565411.0,5526320.0
Indiana,2004.0,32.0,149.0,4289.0,49741.0,22851.0,87942.0,575734.0,5546480.0
Indiana,2005.0,22.0,148.0,4492.0,51013.0,23684.0,93447.0,586943.0,5574542.0
Indiana,2006.0,27.0,106.0,4455.0,51034.0,24852.0,99018.0,600368.0,5608431.0
Indiana,2007.0,22.0,78.0,4314.0,49586.0,25791.0,104153.0,612333.0,5637322.0
Indiana,2008.0,28.0,170.0,4418.0,52136.0,26987.0,108824.0,624185.0,5664810.0
Indiana,2009.0,23.0,177.0,4389.0,51384.0,28112.0,114215.0,635234.0,5681764.0
Indiana,2010.0,31.0,179.0,4363.0,52170.0,29029.0,117609.0,643598.0,5693566.0
Indiana,2011.0,35.0,224.0,4549.0,53394.0,29599.0,122780.0,652559.0,5711984.0
Indiana,2012.0,40.0,220.0,4633.0,54439.0,30207.0,129142.0,660228.0,5717757.0
Indiana,2013.0,33.0,253.0,4815.0,55615.0,30761.0,137870.0,669408.0,5732863.0
Indiana,2014.0,45.0,274.0,4795.0,55826.0,31133.0,146796.0,678326.0,5740600.0
Indiana,2015.0,47.0,275.0,4982.0,57409.0,31616.0,156539.0,685966.0,5745559.0
Indiana,2016.0,49.0,337.0,5285.0,57802.0,31903.0,164449.0,692488.0,5744213.0
Indiana,2017.0,54.0,329.0,5543.0,59671.0,32411.0,173590.0,702537.0,5758280.0
Indiana,2018.0,56.0,353.0,5462.0,59822.0,32998.0,181775.0,713302.0,5763803.0
Iowa,1999.0,36.0,67.0,386.0,27922.0,8532.0,37343.0,65291.0,2806468.0
Iowa,2000.0,26.0,69.0,390.0,27575.0,10503.0,40360.0,70138.0,2805323.0
Iowa,2001.0,36.0,78.0,414.0,27263.0,10898.0,42078.0,73183.0,2805838.0
Iowa,2002.0,28.0,75.0,372.0,27503.0,11386.0,43552.0,75770.0,2803526.0
Iowa,2003.0,52.0,65.0,405.0,27540.0,11815.0,45533.0,78647.0,2806004.0
Iowa,2004.0,35.0,83.0,411.0,26368.0,12318.0,47388.0,81906.0,2812023.0
Iowa,2005.0,39.0,74.0,393.0,27305.0,12699.0,49164.0,85616.0,2816975.0
Iowa,2006.0,32.0,72.0,429.0,26829.0,13243.0,51062.0,90031.0,2828308.0
Iowa,2007.0,47.0,80.0,434.0,26660.0,13910.0,52940.0,94830.0,2837532.0
Iowa,2008.0,60.0,93.0,465.0,27923.0,14455.0,54739.0,99622.0,2847918.0
Iowa,2009.0,37.0,97.0,447.0,26963.0,15048.0,57321.0,104045.0,2856456.0
Iowa,2010.0,41.0,88.0,489.0,27127.0,15428.0,59719.0,107203.0,2864005.0
Iowa,2011.0,55.0,131.0,482.0,27516.0,15919.0,62618.0,110753.0,2873019.0
Iowa,2012.0,47.0,154.0,507.0,27681.0,16069.0,65958.0,114463.0,2877696.0
Iowa,2013.0,48.0,147.0,542.0,28211.0,16772.0,69593.0,119604.0,2884447.0
Iowa,2014.0,50.0,154.0,550.0,28436.0,17264.0,75729.0,125162.0,2888971.0
Iowa,2015.0,57.0,139.0,520.0,28884.0,17737.0,80666.0,129926.0,2895570.0
Iowa,2016.0,61.0,167.0,652.0,28658.0,18021.0,86373.0,135448.0,2894851.0
Iowa,2017.0,69.0,197.0,673.0,29591.0,18375.0,90256.0,141575.0,2895505.0
Iowa,2018.0,75.0,182.0,660.0,29450.0,18872.0,94312.0,146954.0,2896007.0
Kansas,1999.0,127.0,84.0,1196.0,23065.0,28531.0,49690.0,164954.0,2435163.0
Kansas,2000.0,123.0,69.0,1277.0,23248.0,30923.0,52903.0,167269.0,2437323.0
Kansas,2001.0,134.0,73.0,1288.0,23152.0,31627.0,56109.0,169671.0,2444755.0
Kansas,2002.0,144.0,94.0,1313.0,23470.0,32562.0,59040.0,171790.0,2450143.0
Kansas,2003.0,143.0,108.0,1264.0,23078.0,33351.0,61822.0,173096.0,2454735.0
Kansas,2004.0,145.0,96.0,1280.0,22297.0,34199.0,63886.0,175310.0,2460978.0
Kansas,2005.0,233.0,121.0,1299.0,23029.0,35217.0,66128.0,176749.0,2467205.0
Kansas,2006.0,218.0,141.0,1346.0,22848.0,36071.0,67959.0,180509.0,2478392.0
Kansas,2007.0,247.0,116.0,1225.0,22903.0,36902.0,70412.0,183812.0,2492659.0
Kansas,2008.0,244.0,178.0,1264.0,23289.0,38037.0,73191.0,188485.0,2508363.0
Kansas,2009.0,206.0,156.0,1253.0,22409.0,39620.0,75929.0,192058.0,2525097.0
Kansas,2010.0,279.0,155.0,1222.0,22846.0,40661.0,78101.0,195412.0,2538944.0
Kansas,2011.0,233.0,173.0,1262.0,23448.0,41550.0,80650.0,199790.0,2549248.0
Kansas,2012.0,229.0,171.0,1276.0,23469.0,41738.0,83578.0,203096.0,2557493.0
Kansas,2013.0,271.0,231.0,1322.0,23590.0,42181.0,86520.0,205055.0,2560201.0
Kansas,2014.0,273.0,217.0,1349.0,23954.0,42628.0,90779.0,207381.0,2563233.0
Kansas,2015.0,278.0,208.0,1409.0,24769.0,42729.0,94539.0,209415.0,2564958.0
Kansas,2016.0,254.0,229.0,1422.0,24340.0,42527.0,96484.0,206845.0,2561433.0
Kansas,2017.0,279.0,268.0,1499.0,25017.0,42676.0,100376.0,207469.0,2562602.0
Kansas,2018.0,264.0,247.0,1540.0,25486.0,42942.0,102046.0,207156.0,2559361.0
Kentucky,1999.0,12.0,40.0,2680.0,36589.0,6917.0,30657.0,303644.0,3676835.0
Kentucky,2000.0,19.0,50.0,2710.0,36725.0,9684.0,34073.0,307871.0,3690141.0
Kentucky,2001.0,21.0,60.0,2630.0,37150.0,9844.0,36761.0,314168.0,3707359.0
Kentucky,2002.0,10.0,70.0,2701.0,37916.0,10073.0,39072.0,318571.0,3722159.0
Kentucky,2003.0,21.0,78.0,2690.0,37452.0,10228.0,41345.0,322254.0,3743343.0
Kentucky,2004.0,16.0,66.0,2563.0,36001.0,10673.0,43871.0,328546.0,3763011.0
Kentucky,2005.0,19.0,91.0,2589.0,37524.0,10999.0,46589.0,334402.0,3790752.0
Kentucky,2006.0,18.0,93.0,2708.0,37283.0,11268.0,48912.0,339736.0,3819323.0
Kentucky,2007.0,20.0,105.0,2691.0,37274.0,11737.0,51251.0,347061.0,3846623.0
Kentucky,2008.0,18.0,108.0,2536.0,38667.0,12060.0,53472.0,352036.0,3872310.0
Kentucky,2009.0,32.0,99.0,2702.0,38547.0,12486.0,55862.0,359228.0,3889498.0
Kentucky,2010.0,26.0,82.0,2636.0,39239.0,12914.0,57417.0,364148.0,3904888.0
Kentucky,2011.0,26.0,116.0,2641.0,39843.0,13277.0,59799.0,372115.0,3924165.0
Kentucky,2012.0,26.0,115.0,2707.0,40816.0,13169.0,63199.0,377606.0,3926441.0
Kentucky,2013.0,21.0,134.0,2651.0,40953.0,13261.0,66021.0,383114.0,3932899.0
Kentucky,2014.0,19.0,157.0,2729.0,41933.0,13554.0,69370.0,388837.0,3941696.0
Kentucky,2015.0,25.0,118.0,2923.0,43498.0,13791.0,72759.0,392826.0,3945716.0
Kentucky,2016.0,28.0,166.0,3119.0,44514.0,14090.0,75137.0,395083.0,3952664.0
Kentucky,2017.0,36.0,175.0,3063.0,44938.0,14049.0,79038.0,401334.0,3959768.0
Kentucky,2018.0,29.0,201.0,3181.0,45296.0,14239.0,82514.0,405485.0,3966164.0
Louisiana,1999.0,45.0,131.0,12697.0,28365.0,25856.0,57961.0,1461433.0,2915561.0
Louisiana,2000.0,62.0,157.0,12763.0,28156.0,28259.0,60389.0,1468317.0,2912011.0
Louisiana,2001.0,62.0,167.0,12997.0,28531.0,28851.0,62639.0,1475975.0,2910410.0
Louisiana,2002.0,71.0,170.0,12935.0,28808.0,29738.0,64986.0,1485575.0,2916968.0
Louisiana,2003.0,94.0,177.0,13197.0,29251.0,30540.0,67372.0,1496609.0,2926521.0
Louisiana,2004.0,72.0,176.0,13167.0,28800.0,31511.0,70005.0,1509822.0,2940900.0
Louisiana,2005.0,62.0,191.0,13831.0,30271.0,32391.0,72183.0,1521031.0,2951023.0
Louisiana,2006.0,83.0,158.0,12023.0,27781.0,31502.0,67609.0,1369467.0,2834087.0
Louisiana,2007.0,76.0,175.0,11789.0,27926.0,32681.0,70404.0,1411396.0,2861100.0
Louisiana,2008.0,89.0,195.0,12050.0,28886.0,34078.0,73385.0,1444476.0,2883647.0
Louisiana,2009.0,88.0,194.0,11984.0,28016.0,35174.0,76977.0,1468988.0,2910509.0
Louisiana,2010.0,94.0,212.0,11950.0,28411.0,36149.0,79380.0,1485375.0,2932468.0
Louisiana,2011.0,112.0,196.0,11803.0,28779.0,36756.0,82611.0,1506336.0,2949133.0
Louisiana,2012.0,114.0,199.0,12344.0,29663.0,37489.0,85517.0,1516716.0,2962171.0
Louisiana,2013.0,110.0,257.0,12832.0,30071.0,38148.0,88891.0,1526736.0,2971695.0
Louisiana,2014.0,98.0,252.0,13045.0,30474.0,38699.0,92110.0,1538168.0,2980699.0
Louisiana,2015.0,120.0,271.0,13298.0,30027.0,39057.0,95293.0,1546176.0,2990198.0
Louisiana,2016.0,114.0,247.0,13386.0,30559.0,39467.0,94612.0,1554167.0,2993420.0
Louisiana,2017.0,110.0,290.0,13679.0,31725.0,40081.0,96953.0,1558498.0,2988801.0
Louisiana,2018.0,142.0,333.0,13922.0,31651.0,40041.0,94045.0,1557173.0,2968719.0
Maine,1999.0,47.0,26.0,30.0,12158.0,7575.0,9712.0,7545.0,1241976.0
Maine,2000.0,52.0,21.0,25.0,12256.0,8226.0,10265.0,8720.0,1247712.0
Maine,2001.0,53.0,24.0,35.0,12309.0,8441.0,10910.0,9944.0,1256397.0
Maine,2002.0,53.0,25.0,23.0,12593.0,8685.0,11553.0,11105.0,1264617.0
Maine,2003.0,62.0,25.0,33.0,12420.0,8944.0,12129.0,12613.0,1272827.0
Maine,2004.0,53.0,28.0,42.0,12320.0,9109.0,12739.0,13758.0,1278082.0
Maine,2005.0,55.0,19.0,27.0,12767.0,9368.0,13241.0,15087.0,1281091.0
Maine,2006.0,55.0,26.0,34.0,12179.0,9568.0,13684.0,16243.0,1284124.0
Maine,2007.0,49.0,21.0,49.0,12374.0,9852.0,14021.0,17339.0,1285828.0
Maine,2008.0,65.0,18.0,40.0,12418.0,10144.0,14543.0,18505.0,1287317.0
Maine,2009.0,56.0,25.0,48.0,12465.0,10406.0,14888.0,19452.0,1284844.0
Maine,2010.0,58.0,17.0,42.0,12633.0,10499.0,15194.0,19674.0,1282994.0
Maine,2011.0,63.0,27.0,36.0,12875.0,10588.0,15767.0,20472.0,1281361.0
Maine,2012.0,43.0,35.0,51.0,12741.0,10583.0,16465.0,21376.0,1280768.0
Maine,2013.0,47.0,28.0,60.0,13412.0,10783.0,16582.0,22004.0,1278933.0
Maine,2014.0,63.0,33.0,46.0,13368.0,10913.0,17489.0,23257.0,1278430.0
Maine,2015.0,80.0,39.0,60.0,14300.0,10983.0,18167.0,23542.0,1276636.0
Maine,2016.0,74.0,36.0,62.0,14010.0,11147.0,18400.0,24452.0,1277480.0
Maine,2017.0,78.0,59.0,67.0,14472.0,11343.0,18522.0,25673.0,1280369.0
Maine,2018.0,94.0,56.0,79.0,14486.0,11496.0,18602.0,26619.0,1281687.0
Maryland,1999.0,67.0,488.0,11293.0,31241.0,18471.0,220863.0,1503532.0,3511643.0
Maryland,2000.0,93.0,551.0,11386.0,31723.0,19682.0,229606.0,1524783.0,3522415.0
Maryland,2001.0,72.0,536.0,11578.0,31653.0,21485.0,244833.0,1561491.0,3546882.0
Maryland,2002.0,79.0,518.0,11740.0,31633.0,23115.0,257597.0,1592833.0,3566844.0
Maryland,2003.0,75.0,585.0,11862.0,31977.0,24635.0,270259.0,1621856.0,3579519.0
Maryland,2004.0,73.0,626.0,11740.0,30793.0,26193.0,282937.0,1652016.0,3585789.0
Maryland,2005.0,53.0,690.0,11834.0,31315.0,27857.0,295829.0,1680707.0,3587986.0
Maryland,2006.0,52.0,757.0,11868.0,30905.0,29485.0,307699.0,1705298.0,3584885.0
Maryland,2007.0,45.0,720.0,11881.0,31111.0,31172.0,319141.0,1724204.0,3578891.0
Maryland,2008.0,48.0,748.0,11933.0,31163.0,32783.0,330748.0,1741767.0,3579667.0
Maryland,2009.0,38.0,795.0,11961.0,31049.0,34813.0,343110.0,1764644.0,3587821.0
Maryland,2010.0,26.0,861.0,11802.0,30636.0,36170.0,353335.0,1783183.0,3600864.0
Maryland,2011.0,33.0,894.0,11682.0,31136.0,36895.0,365437.0,1802494.0,3623463.0
Maryland,2012.0,62.0,939.0,11997.0,31479.0,37871.0,381025.0,1822097.0,3643570.0
Maryland,2013.0,48.0,980.0,12427.0,32234.0,38554.0,394078.0,1844337.0,3651845.0
Maryland,2014.0,60.0,1047.0,12604.0,32156.0,39188.0,411163.0,1868002.0,3658054.0
Maryland,2015.0,75.0,1140.0,13433.0,32599.0,39697.0,424047.0,1890111.0,3652546.0
Maryland,2016.0,62.0,1205.0,14107.0,33450.0,40343.0,428535.0,1907689.0,3639880.0
Maryland,2017.0,74.0,1250.0,14497.0,34105.0,41488.0,440915.0,1926348.0,3643426.0
Maryland,2018.0,68.0,1385.0,15050.0,34065.0,42282.0,439857.0,1932392.0,3628187.0
Massachusetts,1999.0,34.0,451.0,2066.0,53289.0,19709.0,247991.0,416891.0,5632754.0
Massachusetts,2000.0,28.0,467.0,2158.0,54028.0,20760.0,259574.0,426216.0,5642547.0
Massachusetts,2001.0,49.0,517.0,2265.0,53923.0,22400.0,278609.0,441594.0,5655031.0
Massachusetts,2002.0,38.0,530.0,2329.0,54031.0,23692.0,291477.0,453484.0,5648553.0
Massachusetts,2003.0,59.0,578.0,2415.0,53239.0,25049.0,302516.0,464146.0,5630854.0
Massachusetts,2004.0,55.0,540.0,2267.0,51649.0,26383.0,313272.0,472524.0,5600102.0
Massachusetts,2005.0,54.0,571.0,2318.0,50931.0,27724.0,323694.0,481830.0,5570042.0
Massachusetts,2006.0,49.0,635.0,2275.0,50491.0,29090.0,334515.0,492621.0,5553858.0
Massachusetts,2007.0,43.0,616.0,2256.0,50002.0,30534.0,345003.0,503993.0,5552029.0
Massachusetts,2008.0,57.0,696.0,2268.0,50497.0,32135.0,357575.0,517040.0,5562217.0
Massachusetts,2009.0,47.0,702.0,2313.0,49246.0,33879.0,371539.0,530509.0,5581686.0
Massachusetts,2010.0,47.0,751.0,2318.0,49467.0,35144.0,381023.0,539664.0,5591798.0
Massachusetts,2011.0,47.0,814.0,2385.0,50464.0,35772.0,393671.0,549080.0,5609013.0
Massachusetts,2012.0,59.0,817.0,2346.0,49955.0,36634.0,411033.0,564804.0,5633673.0
Massachusetts,2013.0,69.0,829.0,2497.0,51172.0,37505.0,426894.0,580805.0,5647620.0
Massachusetts,2014.0,79.0,1027.0,2529.0,51565.0,38416.0,450445.0,601765.0,5654782.0
Massachusetts,2015.0,61.0,1083.0,2618.0,54044.0,38904.0,471888.0,619655.0,5663975.0
Massachusetts,2016.0,89.0,1019.0,2872.0,52981.0,39331.0,480956.0,634682.0,5656810.0
Massachusetts,2017.0,83.0,1110.0,3006.0,54604.0,39944.0,500403.0,653142.0,5666330.0
Massachusetts,2018.0,77.0,1159.0,3124.0,54792.0,41038.0,521006.0,669506.0,5670599.0
Michigan,1999.0,396.0,313.0,12724.0,73799.0,71513.0,183623.0,1455082.0,8186898.0
Michigan,2000.0,392.0,326.0,12420.0,73815.0,74025.0,195651.0,1463500.0,8205268.0
Michigan,2001.0,446.0,336.0,12395.0,73247.0,74950.0,208508.0,1477489.0,8230173.0
Michigan,2002.0,401.0,351.0,12733.0,74310.0,76059.0,218778.0,1483051.0,8237822.0
Michigan,2003.0,403.0,387.0,12250.0,73688.0,77143.0,229627.0,1488590.0,8245792.0
Michigan,2004.0,406.0,424.0,12102.0,72237.0,78246.0,237897.0,1492884.0,8246288.0
Michigan,2005.0,423.0,423.0,12297.0,73724.0,79359.0,245606.0,1494262.0,8231910.0
Michigan,2006.0,459.0,439.0,12241.0,72903.0,80565.0,252099.0,1494911.0,8208506.0
Michigan,2007.0,424.0,448.0,12339.0,73510.0,81448.0,256664.0,1492428.0,8170744.0
Michigan,2008.0,404.0,435.0,12361.0,75245.0,82491.0,260068.0,1485681.0,8118649.0
Michigan,2009.0,446.0,464.0,11979.0,73566.0,83957.0,263190.0,1481101.0,8073343.0
Michigan,2010.0,423.0,451.0,12067.0,75080.0,85730.0,265830.0,1483261.0,8048819.0
Michigan,2011.0,491.0,492.0,12182.0,76343.0,86216.0,274926.0,1488254.0,8026791.0
Michigan,2012.0,495.0,547.0,12442.0,76417.0,87278.0,284131.0,1488275.0,8023676.0
Michigan,2013.0,509.0,590.0,12644.0,78665.0,88291.0,294647.0,1485621.0,8027063.0
Michigan,2014.0,532.0,605.0,12783.0,79994.0,88922.0,309905.0,1487623.0,8023427.0
Michigan,2015.0,547.0,664.0,13003.0,80926.0,89554.0,324446.0,1489718.0,8018858.0
Michigan,2016.0,587.0,717.0,13409.0,81518.0,90456.0,333893.0,1488644.0,8015307.0
Michigan,2017.0,558.0,758.0,13531.0,82755.0,91554.0,348202.0,1493499.0,8029056.0
Michigan,2018.0,572.0,746.0,13884.0,83701.0,92145.0,366543.0,1496029.0,8041198.0
Minnesota,1999.0,321.0,300.0,698.0,37218.0,59955.0,146159.0,182425.0,4484942.0
Minnesota,2000.0,359.0,298.0,712.0,36321.0,62673.0,155206.0,195026.0,4506574.0
Minnesota,2001.0,379.0,337.0,752.0,36267.0,64033.0,165126.0,208738.0,4544899.0
Minnesota,2002.0,365.0,315.0,769.0,37061.0,65300.0,172724.0,219791.0,4561120.0
Minnesota,2003.0,384.0,329.0,729.0,36178.0,66605.0,179550.0,231089.0,4576328.0
Minnesota,2004.0,397.0,343.0,803.0,35491.0,68115.0,186774.0,242890.0,4589934.0
Minnesota,2005.0,384.0,373.0,852.0,35926.0,70018.0,194207.0,254634.0,4600739.0
Minnesota,2006.0,402.0,416.0,890.0,35320.0,71771.0,202595.0,268698.0,4620491.0
Minnesota,2007.0,427.0,392.0,971.0,35348.0,73720.0,211024.0,282436.0,4640023.0
Minnesota,2008.0,389.0,494.0,959.0,36657.0,75748.0,219151.0,294544.0,4657575.0
Minnesota,2009.0,454.0,518.0,892.0,35987.0,76722.0,226790.0,304750.0,4672941.0
Minnesota,2010.0,434.0,536.0,926.0,37076.0,78005.0,232323.0,311471.0,4682126.0
Minnesota,2011.0,463.0,507.0,984.0,37866.0,78981.0,240575.0,319140.0,4706165.0
Minnesota,2012.0,486.0,526.0,1095.0,37909.0,79665.0,250828.0,332106.0,4716540.0
Minnesota,2013.0,490.0,607.0,1176.0,38714.0,81661.0,260868.0,343718.0,4734133.0
Minnesota,2014.0,555.0,615.0,1217.0,39058.0,82815.0,273756.0,357154.0,4743448.0
Minnesota,2015.0,586.0,667.0,1330.0,40217.0,84122.0,285588.0,366862.0,4753022.0
Minnesota,2016.0,598.0,649.0,1376.0,40455.0,85051.0,290391.0,383880.0,4760630.0
Minnesota,2017.0,660.0,759.0,1456.0,41496.0,86751.0,303639.0,406448.0,4779768.0
Minnesota,2018.0,613.0,786.0,1583.0,41763.0,88043.0,308651.0,423054.0,4791431.0
Mississippi,1999.0,69.0,44.0,9318.0,18754.0,10521.0,18799.0,1038253.0,1760835.0
Mississippi,2000.0,77.0,44.0,9237.0,19296.0,12565.0,20898.0,1041069.0,1770126.0
Mississippi,2001.0,65.0,59.0,9263.0,18872.0,12915.0,21868.0,1046375.0,1771836.0
Mississippi,2002.0,79.0,65.0,9477.0,19232.0,13412.0,22779.0,1049194.0,1773296.0
Mississippi,2003.0,81.0,47.0,9209.0,19152.0,13982.0,23693.0,1053803.0,1776834.0
Mississippi,2004.0,63.0,70.0,8948.0,18790.0,14595.0,24826.0,1062637.0,1786952.0
Mississippi,2005.0,95.0,75.0,9387.0,19639.0,15124.0,25950.0,1070369.0,1794500.0
Mississippi,2006.0,80.0,72.0,9405.0,19007.0,15686.0,26234.0,1080399.0,1782659.0
Mississippi,2007.0,96.0,60.0,9203.0,18896.0,16153.0,27414.0,1092496.0,1792287.0
Mississippi,2008.0,81.0,68.0,9331.0,19504.0,16752.0,28439.0,1103216.0,1799399.0
Mississippi,2009.0,97.0,64.0,9099.0,19015.0,17199.0,29588.0,1108721.0,1803266.0
Mississippi,2010.0,76.0,66.0,9078.0,19745.0,17680.0,30055.0,1115323.0,1804239.0
Mississippi,2011.0,108.0,79.0,9059.0,20032.0,18033.0,31827.0,1125114.0,1803538.0
Mississippi,2012.0,101.0,84.0,9323.0,20036.0,18376.0,32134.0,1129882.0,1804534.0
Mississippi,2013.0,92.0,101.0,9606.0,20904.0,18298.0,33731.0,1133698.0,1805480.0
Mississippi,2014.0,96.0,104.0,9565.0,20792.0,18425.0,34710.0,1137829.0,1803115.0
Mississippi,2015.0,110.0,112.0,9832.0,21729.0,18685.0,36052.0,1140310.0,1797286.0
Mississippi,2016.0,106.0,119.0,9990.0,21526.0,18892.0,36333.0,1142681.0,1790820.0
Mississippi,2017.0,120.0,123.0,10319.0,21718.0,19128.0,36944.0,1142650.0,1785378.0
Mississippi,2018.0,113.0,134.0,10516.0,21538.0,19350.0,36705.0,1145398.0,1785077.0
Missouri,1999.0,93.0,128.0,5798.0,49912.0,27852.0,67104.0,642019.0,4824973.0
Missouri,2000.0,88.0,110.0,5538.0,49129.0,31876.0,71869.0,649528.0,4841938.0
Missouri,2001.0,97.0,140.0,5541.0,49204.0,32290.0,77246.0,661223.0,4870383.0
Missouri,2002.0,72.0,186.0,5680.0,50002.0,32762.0,81665.0,669160.0,4891238.0
Missouri,2003.0,81.0,172.0,5734.0,49595.0,33409.0,85814.0,676844.0,4913336.0
Missouri,2004.0,106.0,188.0,5595.0,48061.0,34237.0,90446.0,685468.0,4937590.0
Missouri,2005.0,102.0,189.0,5602.0,48763.0,34909.0,95260.0,694231.0,4965900.0
Missouri,2006.0,116.0,206.0,5757.0,48602.0,35654.0,100398.0,704464.0,5002188.0
Missouri,2007.0,102.0,231.0,5658.0,48175.0,36498.0,104971.0,712454.0,5033689.0
Missouri,2008.0,94.0,130.0,5441.0,50913.0,37457.0,109200.0,719723.0,5057536.0
Missouri,2009.0,103.0,148.0,5178.0,48834.0,38256.0,113258.0,728187.0,5081387.0
Missouri,2010.0,118.0,243.0,5465.0,49455.0,39044.0,116838.0,734657.0,5098388.0
Missouri,2011.0,88.0,270.0,5408.0,50082.0,39884.0,120243.0,740525.0,5110036.0
Missouri,2012.0,118.0,298.0,5645.0,50033.0,40330.0,125004.0,743924.0,5112730.0
Missouri,2013.0,121.0,326.0,5740.0,51257.0,40944.0,129269.0,749790.0,5124168.0
Missouri,2014.0,121.0,271.0,6024.0,51904.0,41753.0,135919.0,755768.0,5130149.0
Missouri,2015.0,117.0,333.0,6190.0,53231.0,42593.0,141960.0,761321.0,5137798.0
Missouri,2016.0,107.0,352.0,6396.0,53018.0,43008.0,142940.0,765154.0,5141898.0
Missouri,2017.0,126.0,325.0,6799.0,54626.0,43943.0,148084.0,768926.0,5152579.0
Missouri,2018.0,150.0,402.0,7052.0,55513.0,44429.0,153584.0,772024.0,5156415.0
Montana,1999.0,430.0,17.0,15.0,7666.0,58604.0,5013.0,3110.0,830780.0
Montana,2000.0,369.0,14.0,20.0,7693.0,60001.0,5754.0,3973.0,832467.0
Montana,2001.0,388.0,12.0,13.0,7852.0,60827.0,6183.0,4510.0,835441.0
Montana,2002.0,437.0,17.0,17.0,8035.0,61507.0,6342.0,4845.0,838973.0
Montana,2003.0,417.0,23.0,21.0,8006.0,62325.0,6496.0,5223.0,845586.0
Montana,2004.0,437.0,19.0,11.0,7627.0,63172.0,6809.0,5611.0,854417.0
Montana,2005.0,441.0,15.0,17.0,8055.0,64369.0,6973.0,5844.0,862916.0
Montana,2006.0,488.0,18.0,19.0,7947.0,65146.0,7265.0,6227.0,874054.0
Montana,2007.0,454.0,20.0,15.0,8135.0,66288.0,7519.0,6460.0,884439.0
Montana,2008.0,483.0,27.0,18.0,8385.0,67202.0,7749.0,6665.0,894799.0
Montana,2009.0,488.0,25.0,16.0,8201.0,68342.0,8103.0,6917.0,900620.0
Montana,2010.0,480.0,15.0,24.0,8308.0,69329.0,8051.0,6917.0,905118.0
Montana,2011.0,506.0,19.0,13.0,8577.0,70075.0,8659.0,8421.0,911044.0
Montana,2012.0,555.0,27.0,22.0,8372.0,71293.0,9142.0,8849.0,915857.0
Montana,2013.0,569.0,24.0,32.0,8886.0,72458.0,9721.0,9230.0,923756.0
Montana,2014.0,577.0,27.0,27.0,8750.0,73410.0,10317.0,9626.0,930226.0
Montana,2015.0,656.0,35.0,40.0,9211.0,74383.0,10741.0,9958.0,937867.0
Montana,2016.0,604.0,32.0,36.0,9233.0,75653.0,10737.0,9806.0,946324.0
Montana,2017.0,696.0,34.0,30.0,9440.0,76587.0,11123.0,10081.0,952702.0
Montana,2018.0,688.0,33.0,40.0,9231.0,77367.0,12157.0,10321.0,962460.0
Nebraska,1999.0,125.0,26.0,468.0,14960.0,15408.0,22594.0,72024.0,1594738.0
Nebraska,2000.0,90.0,45.0,484.0,14373.0,16961.0,24931.0,74476.0,1594895.0
Nebraska,2001.0,107.0,45.0,475.0,14547.0,17791.0,26442.0,76777.0,1598826.0
Nebraska,2002.0,108.0,43.0,476.0,15111.0,18469.0,27912.0,78371.0,1603540.0
Nebraska,2003.0,100.0,41.0,515.0,14809.0,19226.0,29290.0,80408.0,1609719.0
Nebraska,2004.0,94.0,43.0,493.0,14027.0,20080.0,30595.0,82391.0,1616304.0
Nebraska,2005.0,124.0,53.0,487.0,14299.0,21032.0,31749.0,84487.0,1624229.0
Nebraska,2006.0,124.0,55.0,476.0,14244.0,22180.0,32835.0,86994.0,1630684.0
Nebraska,2007.0,110.0,54.0,554.0,14545.0,23161.0,34018.0,89065.0,1637196.0
Nebraska,2008.0,91.0,38.0,516.0,14816.0,24651.0,35366.0,91900.0,1644461.0
Nebraska,2009.0,86.0,60.0,524.0,14140.0,25202.0,36770.0,94396.0,1656315.0
Nebraska,2010.0,93.0,68.0,534.0,14476.0,25887.0,37996.0,96172.0,1666286.0
Nebraska,2011.0,124.0,61.0,532.0,14759.0,26313.0,39726.0,98120.0,1678482.0
Nebraska,2012.0,109.0,85.0,579.0,14886.0,26809.0,41512.0,100174.0,1687030.0
Nebraska,2013.0,107.0,76.0,560.0,15011.0,27637.0,43805.0,102463.0,1694611.0
Nebraska,2014.0,125.0,85.0,537.0,15231.0,28347.0,46590.0,104828.0,1701738.0
Nebraska,2015.0,114.0,92.0,588.0,15946.0,29200.0,50140.0,106950.0,1709900.0
Nebraska,2016.0,123.0,128.0,661.0,15305.0,30045.0,53143.0,108122.0,1715806.0
Nebraska,2017.0,119.0,107.0,630.0,16022.0,30837.0,55809.0,111036.0,1722394.0
Nebraska,2018.0,126.0,111.0,669.0,15998.0,31622.0,58440.0,113369.0,1725837.0
Nevada,1999.0,145.0,338.0,904.0,13695.0,30786.0,102327.0,143853.0,1657752.0
Nevada,2000.0,124.0,330.0,888.0,13919.0,31808.0,111507.0,149647.0,1705295.0
Nevada,2001.0,148.0,385.0,1059.0,14693.0,33816.0,125577.0,161746.0,1777260.0
Nevada,2002.0,157.0,464.0,1112.0,15194.0,35364.0,138099.0,171629.0,1828699.0
Nevada,2003.0,176.0,482.0,1146.0,16054.0,37093.0,150442.0,181213.0,1880102.0
Nevada,2004.0,168.0,516.0,1195.0,16050.0,39104.0,165090.0,194114.0,1947914.0
Nevada,2005.0,163.0,624.0,1336.0,16906.0,41108.0,180907.0,207275.0,2002853.0
Nevada,2006.0,182.0,625.0,1345.0,16720.0,43382.0,197762.0,221504.0,2060010.0
Nevada,2007.0,164.0,649.0,1355.0,16519.0,45795.0,213624.0,233966.0,2107687.0
Nevada,2008.0,188.0,707.0,1413.0,17027.0,47597.0,226589.0,244200.0,2135244.0
Nevada,2009.0,162.0,687.0,1399.0,16976.0,48907.0,235624.0,251426.0,2148708.0
Nevada,2010.0,151.0,789.0,1413.0,17270.0,49762.0,242385.0,255727.0,2152677.0
Nevada,2011.0,184.0,832.0,1543.0,17784.0,51091.0,248431.0,259830.0,2163970.0
Nevada,2012.0,187.0,909.0,1644.0,18045.0,51679.0,258291.0,271301.0,2177660.0
Nevada,2013.0,198.0,979.0,1661.0,18630.0,52623.0,268157.0,278299.0,2191057.0
Nevada,2014.0,205.0,1037.0,1732.0,18819.0,54073.0,280325.0,287687.0,2217014.0
Nevada,2015.0,211.0,1186.0,1939.0,19543.0,55401.0,292939.0,298727.0,2243778.0
Nevada,2016.0,250.0,1319.0,2066.0,20267.0,56355.0,302266.0,313615.0,2267822.0
Nevada,2017.0,233.0,1464.0,2286.0,20674.0,58081.0,314262.0,328672.0,2297024.0
Nevada,2018.0,259.0,1524.0,2309.0,20623.0,59479.0,315944.0,341394.0,2317575.0
New Hampshire,1999.0,10.0,29.0,25.0,9473.0,3324.0,16125.0,10565.0,1192000.0
New Hampshire,2000.0,10.0,32.0,46.0,9609.0,3767.0,17636.0,11521.0,1202862.0
New Hampshire,2001.0,13.0,36.0,41.0,9725.0,3845.0,20061.0,12863.0,1218748.0
New Hampshire,2002.0,13.0,25.0,30.0,9785.0,3957.0,21871.0,13776.0,1229485.0
New Hampshire,2003.0,11.0,36.0,43.0,9618.0,4065.0,23430.0,14715.0,1237630.0
New Hampshire,2004.0,,25.0,39.0,10043.0,,24834.0,15590.0,1245528.0
New Hampshire,2005.0,,39.0,35.0,10116.0,,26441.0,16470.0,1251338.0
New Hampshire,2006.0,,39.0,46.0,9972.0,,27629.0,17556.0,1258795.0
New Hampshire,2007.0,,35.0,34.0,10229.0,,28806.0,18115.0,1261147.0
New Hampshire,2008.0,,32.0,42.0,10191.0,,29992.0,18948.0,1262351.0
New Hampshire,2009.0,,48.0,36.0,10011.0,,30988.0,19530.0,1260984.0
New Hampshire,2010.0,,31.0,63.0,10101.0,,31372.0,19902.0,1260654.0
New Hampshire,2011.0,,43.0,49.0,10726.0,,32369.0,21080.0,1260043.0
New Hampshire,2012.0,,43.0,48.0,10632.0,,33783.0,22230.0,1260026.0
New Hampshire,2013.0,,56.0,49.0,10784.0,,34788.0,23374.0,1260482.0
New Hampshire,2014.0,,55.0,58.0,11395.0,,36584.0,23904.0,1261412.0
New Hampshire,2015.0,,54.0,59.0,11866.0,,37785.0,24188.0,1263680.0
New Hampshire,2016.0,11.0,77.0,75.0,12040.0,5044.0,38803.0,24781.0,1266167.0
New Hampshire,2017.0,,79.0,78.0,12343.0,,40267.0,25935.0,1271499.0
New Hampshire,2018.0,,56.0,77.0,12633.0,,43637.0,28212.0,1279355.0
New Jersey,1999.0,48.0,830.0,9396.0,63707.0,26900.0,492259.0,1231242.0,6609191.0
New Jersey,2000.0,41.0,878.0,9642.0,64239.0,28778.0,514273.0,1241469.0,6629830.0
New Jersey,2001.0,47.0,1043.0,9806.0,63814.0,31715.0,551565.0,1257274.0,6652117.0
New Jersey,2002.0,59.0,1055.0,9508.0,63387.0,34443.0,582299.0,1268823.0,6667078.0
New Jersey,2003.0,54.0,1114.0,9711.0,62810.0,37037.0,610067.0,1279601.0,6674697.0
New Jersey,2004.0,73.0,1179.0,9230.0,60889.0,39765.0,635855.0,1288238.0,6670703.0
New Jersey,2005.0,105.0,1312.0,9441.0,61105.0,42506.0,661776.0,1293607.0,6654085.0
New Jersey,2006.0,66.0,1264.0,9170.0,59856.0,45163.0,684887.0,1298653.0,6632976.0
New Jersey,2007.0,57.0,1315.0,8919.0,59371.0,48188.0,710111.0,1304334.0,6615252.0
New Jersey,2008.0,55.0,1428.0,8988.0,59555.0,51263.0,736423.0,1311696.0,6611708.0
New Jersey,2009.0,52.0,1484.0,8621.0,58120.0,55197.0,760885.0,1323532.0,6615988.0
New Jersey,2010.0,47.0,1548.0,8957.0,58943.0,58329.0,778053.0,1333527.0,6621985.0
New Jersey,2011.0,58.0,1583.0,9078.0,59839.0,59635.0,799630.0,1343487.0,6618403.0
New Jersey,2012.0,57.0,1698.0,8932.0,59847.0,61051.0,829106.0,1354962.0,6619471.0
New Jersey,2013.0,57.0,1828.0,9111.0,60407.0,62097.0,852323.0,1366160.0,6618759.0
New Jersey,2014.0,58.0,1882.0,9247.0,60129.0,62521.0,880934.0,1381439.0,6613281.0
New Jersey,2015.0,48.0,1997.0,9706.0,60520.0,63250.0,906393.0,1392086.0,6596284.0
New Jersey,2016.0,60.0,2183.0,9889.0,61023.0,63459.0,915125.0,1401290.0,6564595.0
New Jersey,2017.0,52.0,2365.0,10153.0,62276.0,64395.0,945732.0,1412387.0,6583130.0
New Jersey,2018.0,57.0,2486.0,10482.0,62740.0,64300.0,929088.0,1404125.0,6511007.0
New Mexico,1999.0,923.0,63.0,249.0,12441.0,178885.0,23685.0,42091.0,1563421.0
New Mexico,2000.0,904.0,75.0,214.0,12232.0,185372.0,25149.0,42745.0,1565780.0
New Mexico,2001.0,987.0,73.0,257.0,12812.0,189218.0,25959.0,44060.0,1572453.0
New Mexico,2002.0,974.0,50.0,241.0,13079.0,192786.0,27374.0,45707.0,1589442.0
New Mexico,2003.0,1032.0,52.0,242.0,13479.0,196291.0,28726.0,46932.0,1605625.0
New Mexico,2004.0,1029.0,47.0,247.0,12975.0,199634.0,30084.0,48580.0,1625510.0
New Mexico,2005.0,1077.0,60.0,250.0,13596.0,202659.0,31443.0,50040.0,1648132.0
New Mexico,2006.0,1008.0,72.0,257.0,13959.0,205369.0,32980.0,51749.0,1672039.0
New Mexico,2007.0,1126.0,89.0,251.0,14016.0,209060.0,34178.0,53356.0,1693476.0
New Mexico,2008.0,1201.0,77.0,283.0,14444.0,213396.0,35468.0,54341.0,1707457.0
New Mexico,2009.0,1165.0,73.0,268.0,14137.0,217796.0,36931.0,56276.0,1725799.0
New Mexico,2010.0,1172.0,108.0,302.0,14349.0,220615.0,38057.0,57717.0,1742790.0
New Mexico,2011.0,1228.0,96.0,276.0,14852.0,222486.0,39624.0,61456.0,1758658.0
New Mexico,2012.0,1280.0,101.0,293.0,15036.0,225079.0,40974.0,60900.0,1758585.0
New Mexico,2013.0,1270.0,101.0,310.0,15124.0,228157.0,41643.0,62008.0,1753479.0
New Mexico,2014.0,1458.0,112.0,314.0,15695.0,229626.0,42578.0,63023.0,1750345.0
New Mexico,2015.0,1497.0,127.0,330.0,15731.0,231645.0,43814.0,64016.0,1745634.0
New Mexico,2016.0,1610.0,147.0,324.0,16284.0,232324.0,42978.0,62757.0,1742956.0
New Mexico,2017.0,1626.0,138.0,366.0,16543.0,239695.0,44133.0,63539.0,1740703.0
New Mexico,2018.0,1680.0,148.0,394.0,16785.0,241055.0,45322.0,64722.0,1744329.0
New York,1999.0,193.0,2665.0,22259.0,134810.0,113722.0,1122472.0,3410768.0,14235763.0
New York,2000.0,191.0,2761.0,22205.0,133046.0,120355.0,1157977.0,3434584.0,14263541.0
New York,2001.0,188.0,2933.0,22415.0,133704.0,130396.0,1213384.0,3457658.0,14281400.0
New York,2002.0,197.0,2942.0,22129.0,132850.0,139242.0,1255048.0,3467250.0,14276260.0
New York,2003.0,263.0,3230.0,21908.0,130476.0,147941.0,1293519.0,3471007.0,14263472.0
New York,2004.0,242.0,3229.0,21988.0,127222.0,156677.0,1327853.0,3464246.0,14222791.0
New York,2005.0,204.0,3443.0,21808.0,126972.0,165480.0,1362726.0,3457681.0,14146723.0
New York,2006.0,244.0,3381.0,20969.0,124212.0,174575.0,1398778.0,3453892.0,14077386.0
New York,2007.0,244.0,3551.0,21215.0,122670.0,184130.0,1439779.0,3456802.0,14051624.0
New York,2008.0,240.0,3717.0,20877.0,123864.0,195000.0,1485783.0,3473867.0,14057786.0
New York,2009.0,206.0,3788.0,20620.0,121861.0,206557.0,1529520.0,3498751.0,14072238.0
New York,2010.0,264.0,3932.0,20668.0,121568.0,214629.0,1561960.0,3523196.0,14078317.0
New York,2011.0,236.0,4180.0,21002.0,123756.0,216771.0,1599823.0,3556174.0,14092429.0
New York,2012.0,232.0,4406.0,21179.0,123174.0,218646.0,1650175.0,3583475.0,14117965.0
New York,2013.0,262.0,4760.0,21426.0,124471.0,220582.0,1697670.0,3606924.0,14125951.0
New York,2014.0,257.0,5001.0,22166.0,122520.0,223126.0,1767565.0,3648167.0,14107369.0
New York,2015.0,278.0,5367.0,21796.0,126187.0,224341.0,1826093.0,3665284.0,14080073.0
New York,2016.0,288.0,5498.0,22452.0,126120.0,225659.0,1844346.0,3667316.0,14007968.0
New York,2017.0,302.0,5921.0,22485.0,126650.0,227929.0,1902407.0,3695842.0,14023221.0
New York,2018.0,268.0,6101.0,23714.0,127100.0,224542.0,1846015.0,3634305.0,13837347.0
North Carolina,1999.0,610.0,168.0,15396.0,53426.0,101801.0,118068.0,1758625.0,5970867.0
North Carolina,2000.0,602.0,185.0,15751.0,55397.0,106635.0,129535.0,1775634.0,6037509.0
North Carolina,2001.0,634.0,237.0,15564.0,54499.0,111924.0,141623.0,1814985.0,6141590.0
North Carolina,2002.0,629.0,230.0,15271.0,55897.0,116503.0,150636.0,1844291.0,6214771.0
North Carolina,2003.0,639.0,231.0,15426.0,57163.0,121091.0,160226.0,1869334.0,6271850.0
North Carolina,2004.0,649.0,261.0,15502.0,55972.0,125786.0,170117.0,1901343.0,6355906.0
North Carolina,2005.0,722.0,317.0,15786.0,57813.0,130692.0,181273.0,1936792.0,6456650.0
North Carolina,2006.0,696.0,310.0,15912.0,57798.0,136103.0,194233.0,1986797.0,6600137.0
North Carolina,2007.0,712.0,334.0,16052.0,58948.0,141646.0,207602.0,2035660.0,6733129.0
North Carolina,2008.0,705.0,352.0,15844.0,60382.0,147170.0,221145.0,2084901.0,6856233.0
North Carolina,2009.0,682.0,352.0,15757.0,60326.0,152931.0,232059.0,2125058.0,6939518.0
North Carolina,2010.0,737.0,369.0,15862.0,61805.0,157331.0,240816.0,2151978.0,6985358.0
North Carolina,2011.0,784.0,393.0,16044.0,62661.0,159075.0,251639.0,2188334.0,7057353.0
North Carolina,2012.0,803.0,432.0,16474.0,64216.0,160771.0,265858.0,2217811.0,7107633.0
North Carolina,2013.0,841.0,497.0,16843.0,65148.0,163239.0,279871.0,2244173.0,7160777.0
North Carolina,2014.0,870.0,558.0,17474.0,66465.0,164993.0,296909.0,2272052.0,7210010.0
North Carolina,2015.0,896.0,643.0,18139.0,69455.0,166648.0,314937.0,2301313.0,7259904.0
North Carolina,2016.0,937.0,691.0,18689.0,70148.0,169303.0,328335.0,2333929.0,7315221.0
North Carolina,2017.0,983.0,711.0,19164.0,72299.0,172072.0,346695.0,2364451.0,7390201.0
North Carolina,2018.0,1058.0,759.0,19318.0,72750.0,174373.0,363120.0,2394548.0,7451579.0
North Dakota,1999.0,206.0,,,5889.0,31503.0,,,604999.0
North Dakota,2000.0,181.0,,12.0,5656.0,32765.0,,4936.0,600226.0
North Dakota,2001.0,211.0,10.0,,5820.0,33149.0,4728.0,,595709.0
North Dakota,2002.0,230.0,,12.0,5646.0,33695.0,,5936.0,593517.0
North Dakota,2003.0,230.0,,12.0,5841.0,34227.0,,6389.0,592924.0
North Dakota,2004.0,223.0,,,5362.0,34974.0,,,596952.0
North Dakota,2005.0,240.0,,11.0,5489.0,35578.0,,7741.0,596748.0
North Dakota,2006.0,281.0,,11.0,5575.0,36431.0,,8174.0,598442.0
North Dakota,2007.0,243.0,,13.0,5301.0,37093.0,,8538.0,600351.0
North Dakota,2008.0,244.0,13.0,21.0,5593.0,37875.0,7132.0,8994.0,603568.0
North Dakota,2009.0,275.0,,14.0,5616.0,38513.0,,9994.0,609013.0
North Dakota,2010.0,311.0,12.0,17.0,5604.0,39204.0,7979.0,10145.0,615263.0
North Dakota,2011.0,293.0,10.0,16.0,5646.0,39882.0,8422.0,11300.0,624328.0
North Dakota,2012.0,298.0,11.0,16.0,5713.0,40716.0,9036.0,12893.0,636983.0
North Dakota,2013.0,316.0,16.0,26.0,5875.0,42031.0,9950.0,15769.0,655643.0
North Dakota,2014.0,326.0,26.0,25.0,5807.0,43077.0,10850.0,18407.0,667148.0
North Dakota,2015.0,306.0,19.0,47.0,5851.0,44351.0,12153.0,21487.0,678936.0
North Dakota,2016.0,373.0,21.0,49.0,5799.0,44676.0,13090.0,25556.0,674630.0
North Dakota,2017.0,341.0,32.0,53.0,5989.0,44685.0,13818.0,26886.0,670004.0
North Dakota,2018.0,355.0,16.0,40.0,6034.0,45201.0,15077.0,29102.0,670697.0
Ohio,1999.0,47.0,251.0,11589.0,96630.0,29506.0,141748.0,1347742.0,9816458.0
Ohio,2000.0,70.0,259.0,11861.0,95935.0,32625.0,148396.0,1359717.0,9812402.0
Ohio,2001.0,47.0,285.0,11589.0,96106.0,32827.0,157061.0,1381459.0,9816057.0
Ohio,2002.0,49.0,316.0,11854.0,97547.0,33339.0,164477.0,1397560.0,9812513.0
Ohio,2003.0,46.0,264.0,11773.0,97027.0,33962.0,172692.0,1413170.0,9814964.0
Ohio,2004.0,41.0,274.0,12183.0,93790.0,34439.0,180109.0,1427023.0,9810680.0
Ohio,2005.0,52.0,299.0,12121.0,96559.0,35159.0,187809.0,1441701.0,9798651.0
Ohio,2006.0,63.0,317.0,12022.0,94423.0,35890.0,194518.0,1457396.0,9793409.0
Ohio,2007.0,68.0,370.0,11899.0,94197.0,36785.0,201122.0,1473382.0,9789179.0
Ohio,2008.0,68.0,390.0,12160.0,97149.0,37763.0,207654.0,1488002.0,9781972.0
Ohio,2009.0,70.0,431.0,11874.0,94781.0,38212.0,213540.0,1501406.0,9775738.0
Ohio,2010.0,71.0,477.0,11791.0,96372.0,39047.0,218652.0,1510985.0,9767820.0
Ohio,2011.0,65.0,443.0,12190.0,98729.0,39598.0,224607.0,1521089.0,9759657.0
Ohio,2012.0,72.0,462.0,12014.0,99950.0,40041.0,234127.0,1530803.0,9739254.0
Ohio,2013.0,64.0,506.0,12492.0,100196.0,40796.0,244027.0,1544643.0,9741342.0
Ohio,2014.0,100.0,544.0,12554.0,101311.0,41336.0,258339.0,1561477.0,9733011.0
Ohio,2015.0,79.0,612.0,12998.0,104499.0,41756.0,270659.0,1578549.0,9722459.0
Ohio,2016.0,107.0,687.0,13579.0,105199.0,42432.0,282599.0,1592236.0,9697106.0
Ohio,2017.0,107.0,717.0,14175.0,108649.0,43133.0,299358.0,1613123.0,9702995.0
Ohio,2018.0,90.0,754.0,14239.0,109181.0,44010.0,316182.0,1630541.0,9698709.0
Oklahoma,1999.0,1565.0,99.0,2291.0,30745.0,307908.0,52001.0,277057.0,2800181.0
Oklahoma,2000.0,1491.0,132.0,2165.0,31291.0,312425.0,54690.0,279982.0,2803557.0
Oklahoma,2001.0,1586.0,104.0,2134.0,30858.0,318918.0,57493.0,282978.0,2807711.0
Oklahoma,2002.0,1794.0,128.0,2199.0,31381.0,325082.0,59900.0,285840.0,2818258.0
Oklahoma,2003.0,1767.0,125.0,2237.0,31592.0,331462.0,61915.0,287387.0,2824128.0
Oklahoma,2004.0,2002.0,151.0,2171.0,30159.0,337623.0,63852.0,290375.0,2833383.0
Oklahoma,2005.0,2196.0,149.0,2244.0,31591.0,344806.0,65366.0,293204.0,2845221.0
Oklahoma,2006.0,2185.0,164.0,2259.0,30819.0,353538.0,67954.0,299029.0,2873569.0
Oklahoma,2007.0,2256.0,150.0,2269.0,31357.0,361816.0,70736.0,304098.0,2897699.0
Oklahoma,2008.0,2380.0,215.0,2227.0,32192.0,370624.0,73676.0,307270.0,2917406.0
Oklahoma,2009.0,2408.0,206.0,2235.0,30752.0,380066.0,76703.0,314025.0,2946778.0
Oklahoma,2010.0,2481.0,227.0,2366.0,31455.0,387227.0,79139.0,319116.0,2965869.0
Oklahoma,2011.0,2557.0,222.0,2294.0,32102.0,390357.0,82388.0,327715.0,2991048.0
Oklahoma,2012.0,2579.0,227.0,2311.0,31753.0,395280.0,85808.0,330614.0,3003118.0
Oklahoma,2013.0,2661.0,233.0,2439.0,33051.0,400255.0,89571.0,336487.0,3024255.0
Oklahoma,2014.0,2863.0,259.0,2473.0,32869.0,405267.0,95728.0,341243.0,3035813.0
Oklahoma,2015.0,3074.0,271.0,2547.0,33530.0,410725.0,100867.0,346973.0,3052773.0
Oklahoma,2016.0,3022.0,299.0,2547.0,33408.0,415768.0,103997.0,348988.0,3054808.0
Oklahoma,2017.0,3179.0,336.0,2642.0,34295.0,419507.0,107783.0,351707.0,3051867.0
Oklahoma,2018.0,3134.0,345.0,2651.0,34803.0,423467.0,109189.0,353715.0,3056708.0
Oregon,1999.0,227.0,306.0,373.0,28516.0,55338.0,117978.0,66369.0,3154256.0
Oregon,2000.0,245.0,334.0,382.0,28591.0,57051.0,122837.0,69151.0,3172360.0
Oregon,2001.0,257.0,345.0,383.0,29173.0,59046.0,130093.0,72006.0,3206792.0
Oregon,2002.0,295.0,335.0,382.0,30107.0,60964.0,135841.0,74540.0,3242079.0
Oregon,2003.0,294.0,393.0,393.0,29832.0,62997.0,140874.0,76251.0,3267254.0
Oregon,2004.0,306.0,409.0,413.0,29185.0,65060.0,144791.0,77674.0,3281938.0
Oregon,2005.0,288.0,400.0,396.0,30007.0,67611.0,150553.0,80011.0,3315027.0
Oregon,2006.0,295.0,421.0,380.0,30284.0,70114.0,157178.0,83196.0,3360395.0
Oregon,2007.0,309.0,458.0,391.0,30245.0,73230.0,163331.0,86203.0,3399653.0
Oregon,2008.0,310.0,470.0,412.0,30775.0,76399.0,168566.0,89386.0,3434397.0
Oregon,2009.0,315.0,477.0,407.0,30437.0,79533.0,174455.0,92275.0,3462337.0
Oregon,2010.0,312.0,507.0,411.0,30660.0,81786.0,178276.0,94276.0,3476736.0
Oregon,2011.0,320.0,491.0,438.0,31539.0,83720.0,185062.0,97912.0,3505165.0
Oregon,2012.0,332.0,595.0,493.0,31339.0,84360.0,192314.0,99831.0,3522848.0
Oregon,2013.0,358.0,591.0,492.0,32498.0,85363.0,198945.0,101720.0,3544037.0
Oregon,2014.0,371.0,605.0,460.0,32715.0,86644.0,208263.0,104808.0,3570524.0
Oregon,2015.0,404.0,669.0,520.0,34112.0,88423.0,218013.0,108507.0,3614034.0
Oregon,2016.0,398.0,740.0,522.0,34118.0,89876.0,225173.0,112667.0,3665749.0
Oregon,2017.0,443.0,783.0,552.0,34846.0,91652.0,236022.0,117380.0,3697722.0
Oregon,2018.0,408.0,803.0,611.0,34365.0,93400.0,247156.0,121398.0,3728759.0
Pennsylvania,1999.0,37.0,452.0,12125.0,117669.0,21170.0,228127.0,1279925.0,10734583.0
Pennsylvania,2000.0,52.0,485.0,12104.0,118172.0,23648.0,238261.0,1293698.0,10725447.0
Pennsylvania,2001.0,50.0,510.0,11994.0,117175.0,25802.0,253927.0,1311557.0,10707684.0
Pennsylvania,2002.0,53.0,506.0,11985.0,117679.0,27959.0,268041.0,1329750.0,10705281.0
Pennsylvania,2003.0,41.0,516.0,12131.0,117081.0,30221.0,282881.0,1349739.0,10711817.0
Pennsylvania,2004.0,57.0,568.0,11613.0,115402.0,32610.0,297339.0,1372319.0,10708454.0
Pennsylvania,2005.0,56.0,573.0,12056.0,116847.0,34919.0,312561.0,1395186.0,10707324.0
Pennsylvania,2006.0,47.0,617.0,11877.0,112998.0,37299.0,328092.0,1421259.0,10724159.0
Pennsylvania,2007.0,44.0,676.0,11751.0,112633.0,40012.0,342928.0,1445762.0,10735235.0
Pennsylvania,2008.0,42.0,691.0,11705.0,115024.0,42692.0,356895.0,1469600.0,10743098.0
Pennsylvania,2009.0,42.0,694.0,11762.0,112282.0,45429.0,370947.0,1492281.0,10758201.0
Pennsylvania,2010.0,61.0,777.0,11707.0,112051.0,47056.0,381910.0,1506459.0,10766954.0
Pennsylvania,2011.0,77.0,820.0,11852.0,115488.0,47815.0,393508.0,1521882.0,10779681.0
Pennsylvania,2012.0,72.0,946.0,11824.0,114139.0,49283.0,409742.0,1538330.0,10766181.0
Pennsylvania,2013.0,94.0,1004.0,11825.0,116200.0,50756.0,424326.0,1554879.0,10743840.0
Pennsylvania,2014.0,85.0,1082.0,12192.0,115075.0,52187.0,445760.0,1572487.0,10716775.0
Pennsylvania,2015.0,84.0,1122.0,12312.0,119080.0,53597.0,464227.0,1588739.0,10695940.0
Pennsylvania,2016.0,78.0,1215.0,12950.0,118797.0,55154.0,472834.0,1599349.0,10656890.0
Pennsylvania,2017.0,96.0,1252.0,13134.0,121174.0,56646.0,494034.0,1617500.0,10637357.0
Pennsylvania,2018.0,79.0,1290.0,13012.0,120321.0,58510.0,506492.0,1632313.0,10609745.0
Rhode Island,1999.0,26.0,50.0,316.0,9316.0,6235.0,26477.0,62303.0,945387.0
Rhode Island,2000.0,28.0,56.0,324.0,9619.0,6720.0,27660.0,64893.0,949046.0
Rhode Island,2001.0,21.0,62.0,301.0,9637.0,7112.0,28982.0,67729.0,953319.0
Rhode Island,2002.0,26.0,62.0,304.0,9854.0,7540.0,30338.0,70465.0,957652.0
Rhode Island,2003.0,29.0,79.0,327.0,9604.0,7991.0,31454.0,73027.0,958870.0
Rhode Island,2004.0,24.0,55.0,345.0,9345.0,8325.0,32336.0,75540.0,958378.0
Rhode Island,2005.0,33.0,73.0,353.0,9548.0,8759.0,32907.0,77032.0,949218.0
Rhode Island,2006.0,30.0,64.0,289.0,9307.0,9140.0,33170.0,78412.0,942374.0
Rhode Island,2007.0,30.0,60.0,311.0,9322.0,9325.0,33563.0,80091.0,934336.0
Rhode Island,2008.0,36.0,63.0,318.0,9321.0,9707.0,34312.0,81603.0,929381.0
Rhode Island,2009.0,38.0,82.0,307.0,8968.0,10192.0,34975.0,83320.0,925159.0
Rhode Island,2010.0,26.0,73.0,306.0,9174.0,10498.0,35272.0,84466.0,922331.0
Rhode Island,2011.0,31.0,91.0,300.0,9159.0,10541.0,36041.0,85186.0,919534.0
Rhode Island,2012.0,28.0,78.0,260.0,8988.0,10697.0,37542.0,86958.0,915095.0
Rhode Island,2013.0,36.0,77.0,243.0,9436.0,10967.0,38891.0,88475.0,913178.0
Rhode Island,2014.0,42.0,89.0,291.0,9348.0,11307.0,40764.0,91554.0,911548.0
Rhode Island,2015.0,46.0,108.0,341.0,9668.0,11559.0,41977.0,93775.0,908987.0
Rhode Island,2016.0,48.0,93.0,325.0,9269.0,11972.0,41907.0,96458.0,906089.0
Rhode Island,2017.0,39.0,96.0,342.0,9680.0,12358.0,43410.0,98640.0,905231.0
Rhode Island,2018.0,38.0,116.0,392.0,9537.0,12691.0,42973.0,99936.0,901715.0
South Carolina,1999.0,37.0,63.0,10455.0,25498.0,13624.0,38565.0,1192652.0,2729841.0
South Carolina,2000.0,34.0,70.0,10732.0,26112.0,15678.0,41590.0,1199993.0,2754751.0
South Carolina,2001.0,22.0,102.0,10669.0,25819.0,16511.0,44257.0,1214753.0,2789474.0
South Carolina,2002.0,39.0,103.0,10802.0,26792.0,17598.0,46807.0,1222658.0,2820732.0
South Carolina,2003.0,31.0,94.0,10774.0,27213.0,18512.0,49565.0,1231581.0,2850639.0
South Carolina,2004.0,44.0,106.0,10675.0,26451.0,19636.0,52533.0,1244041.0,2894711.0
South Carolina,2005.0,50.0,110.0,10691.0,27856.0,20689.0,55640.0,1255105.0,2938716.0
South Carolina,2006.0,58.0,133.0,10872.0,27698.0,22035.0,58926.0,1273536.0,3003350.0
South Carolina,2007.0,56.0,105.0,11003.0,28275.0,23463.0,62508.0,1289462.0,3068677.0
South Carolina,2008.0,52.0,144.0,10874.0,29219.0,25048.0,65865.0,1308465.0,3129618.0
South Carolina,2009.0,65.0,150.0,10813.0,29421.0,25980.0,68552.0,1320564.0,3174776.0
South Carolina,2010.0,61.0,168.0,10827.0,30558.0,26817.0,70461.0,1329507.0,3198579.0
South Carolina,2011.0,84.0,171.0,10757.0,31060.0,27188.0,73936.0,1343297.0,3234809.0
South Carolina,2012.0,75.0,175.0,11070.0,31878.0,27529.0,77484.0,1351898.0,3266812.0
South Carolina,2013.0,77.0,180.0,11373.0,32952.0,28014.0,81578.0,1362515.0,3302732.0
South Carolina,2014.0,65.0,186.0,11506.0,33697.0,28347.0,85327.0,1374865.0,3343943.0
South Carolina,2015.0,80.0,223.0,12027.0,34868.0,28915.0,89474.0,1387150.0,3390607.0
South Carolina,2016.0,82.0,256.0,12295.0,35497.0,29524.0,91863.0,1398222.0,3441510.0
South Carolina,2017.0,94.0,247.0,12798.0,36302.0,29992.0,98226.0,1409678.0,3486473.0
South Carolina,2018.0,101.0,262.0,12933.0,37344.0,30423.0,103090.0,1418868.0,3531746.0
South Dakota,1999.0,464.0,,15.0,6471.0,63170.0,,4749.0,678197.0
South Dakota,2000.0,494.0,11.0,11.0,6505.0,65126.0,5084.0,6111.0,678523.0
South Dakota,2001.0,437.0,11.0,16.0,6459.0,66230.0,5469.0,6886.0,679387.0
South Dakota,2002.0,494.0,,12.0,6386.0,67133.0,,7573.0,679515.0
South Dakota,2003.0,536.0,,18.0,6569.0,68275.0,,8188.0,681095.0
South Dakota,2004.0,572.0,16.0,18.0,6227.0,69565.0,6563.0,8828.0,685440.0
South Dakota,2005.0,525.0,,18.0,6534.0,70603.0,,9547.0,688470.0
South Dakota,2006.0,512.0,10.0,24.0,6538.0,71942.0,7308.0,10173.0,693610.0
South Dakota,2007.0,509.0,16.0,28.0,6273.0,73358.0,7698.0,11082.0,699485.0
South Dakota,2008.0,526.0,12.0,19.0,6526.0,74790.0,7918.0,11798.0,704618.0
South Dakota,2009.0,527.0,14.0,17.0,6365.0,76035.0,8755.0,12745.0,709532.0
South Dakota,2010.0,565.0,17.0,19.0,6499.0,77193.0,8913.0,13356.0,714718.0
South Dakota,2011.0,549.0,18.0,28.0,6719.0,77737.0,9596.0,14762.0,721987.0
South Dakota,2012.0,608.0,25.0,35.0,6665.0,78781.0,10308.0,17276.0,726989.0
South Dakota,2013.0,600.0,26.0,35.0,6438.0,79903.0,11253.0,19294.0,734427.0
South Dakota,2014.0,585.0,15.0,24.0,6883.0,80657.0,12180.0,19688.0,740650.0
South Dakota,2015.0,680.0,28.0,47.0,6976.0,81550.0,13337.0,19616.0,743966.0
South Dakota,2016.0,697.0,26.0,41.0,7081.0,82770.0,14317.0,21367.0,747000.0
South Dakota,2017.0,755.0,31.0,51.0,7159.0,83602.0,14579.0,22717.0,748768.0
South Dakota,2018.0,757.0,37.0,53.0,7124.0,84659.0,16833.0,25429.0,755314.0
Tennessee,1999.0,27.0,98.0,8328.0,45312.0,14433.0,59155.0,939791.0,4625327.0
Tennessee,2000.0,21.0,128.0,8621.0,46476.0,17384.0,64416.0,950101.0,4657382.0
Tennessee,2001.0,32.0,137.0,8342.0,46640.0,18369.0,68608.0,967178.0,4696634.0
Tennessee,2002.0,32.0,164.0,8515.0,47895.0,19274.0,72591.0,980256.0,4723797.0
Tennessee,2003.0,28.0,149.0,8529.0,48607.0,20160.0,76668.0,993443.0,4757541.0
Tennessee,2004.0,30.0,162.0,8192.0,47445.0,21280.0,81290.0,1009077.0,4799162.0
Tennessee,2005.0,56.0,186.0,8540.0,48478.0,22303.0,86159.0,1026372.0,4856223.0
Tennessee,2006.0,41.0,184.0,8481.0,48132.0,23415.0,91243.0,1047600.0,4926508.0
Tennessee,2007.0,44.0,198.0,8370.0,48475.0,25402.0,96100.0,1062187.0,4992038.0
Tennessee,2008.0,49.0,194.0,8322.0,50255.0,26659.0,99772.0,1074684.0,5046296.0
Tennessee,2009.0,51.0,223.0,8222.0,49792.0,27852.0,103812.0,1087674.0,5086681.0
Tennessee,2010.0,42.0,231.0,8232.0,51073.0,28397.0,106644.0,1097940.0,5113124.0
Tennessee,2011.0,42.0,209.0,8230.0,52060.0,28941.0,110736.0,1114647.0,5149029.0
Tennessee,2012.0,62.0,250.0,8307.0,53337.0,29441.0,116671.0,1131376.0,5178755.0
Tennessee,2013.0,50.0,262.0,8656.0,54438.0,30073.0,121063.0,1142045.0,5202797.0
Tennessee,2014.0,57.0,261.0,8795.0,55548.0,31101.0,127587.0,1155583.0,5235081.0
Tennessee,2015.0,58.0,302.0,9048.0,57162.0,31828.0,133060.0,1167771.0,5267640.0
Tennessee,2016.0,66.0,329.0,9527.0,57935.0,32339.0,136497.0,1177064.0,5305294.0
Tennessee,2017.0,67.0,337.0,9636.0,60056.0,33382.0,142118.0,1189804.0,5350680.0
Tennessee,2018.0,74.0,414.0,10074.0,60516.0,34346.0,145794.0,1198663.0,5391207.0
Texas,1999.0,122.0,1148.0,18253.0,127335.0,135363.0,602951.0,2461293.0,17358613.0
Texas,2000.0,140.0,1201.0,18479.0,130119.0,152111.0,634472.0,2489759.0,17575478.0
Texas,2001.0,142.0,1276.0,19021.0,132340.0,161234.0,684712.0,2551645.0,17922031.0
Texas,2002.0,143.0,1342.0,19286.0,134753.0,169564.0,726265.0,2602237.0,18192259.0
Texas,2003.0,192.0,1455.0,19335.0,133888.0,178367.0,764885.0,2646739.0,18440940.0
Texas,2004.0,169.0,1530.0,19123.0,132048.0,188400.0,802430.0,2697339.0,18705854.0
Texas,2005.0,166.0,1673.0,19448.0,135170.0,199396.0,844072.0,2753898.0,18980757.0
Texas,2006.0,277.0,1713.0,19385.0,135775.0,212915.0,895701.0,2904002.0,19346962.0
Texas,2007.0,260.0,1854.0,19568.0,138866.0,227411.0,948153.0,2962118.0,19694301.0
Texas,2008.0,233.0,1896.0,19305.0,143480.0,243884.0,1000104.0,3027152.0,20037899.0
Texas,2009.0,200.0,1975.0,19949.0,141125.0,261852.0,1051726.0,3101293.0,20386890.0
Texas,2010.0,243.0,2036.0,19959.0,144289.0,275981.0,1088578.0,3156011.0,20624991.0
Texas,2011.0,220.0,2406.0,20481.0,145533.0,289314.0,1133209.0,3231968.0,21020190.0
Texas,2012.0,243.0,2590.0,20867.0,150487.0,292064.0,1192519.0,3313287.0,21261333.0
Texas,2013.0,239.0,2854.0,21512.0,154578.0,296644.0,1252181.0,3386416.0,21512952.0
Texas,2014.0,283.0,3031.0,22388.0,158210.0,302757.0,1331159.0,3471829.0,21851213.0
Texas,2015.0,314.0,3302.0,23359.0,162679.0,309742.0,1412908.0,3557565.0,22188899.0
Texas,2016.0,317.0,3499.0,24080.0,164070.0,313507.0,1467555.0,3634085.0,22447449.0
Texas,2017.0,314.0,3902.0,24931.0,168959.0,318447.0,1540052.0,3717259.0,22728838.0
Texas,2018.0,348.0,4087.0,25474.0,172302.0,322926.0,1614008.0,3803248.0,22961663.0
Utah,1999.0,138.0,163.0,73.0,11684.0,32689.0,56931.0,21374.0,2092488.0
Utah,2000.0,108.0,163.0,77.0,12016.0,33733.0,59348.0,23063.0,2117025.0
Utah,2001.0,118.0,181.0,90.0,12273.0,34428.0,63224.0,25050.0,2161013.0
Utah,2002.0,140.0,172.0,95.0,12709.0,35334.0,66002.0,26645.0,2196834.0
Utah,2003.0,148.0,153.0,102.0,13009.0,35962.0,68652.0,27680.0,2227843.0
Utah,2004.0,115.0,147.0,78.0,12991.0,36748.0,71531.0,29165.0,2264136.0
Utah,2005.0,120.0,233.0,111.0,12968.0,37974.0,74665.0,31217.0,2313863.0
Utah,2006.0,140.0,226.0,85.0,13313.0,39434.0,78392.0,33424.0,2374257.0
Utah,2007.0,177.0,224.0,95.0,13647.0,41360.0,82365.0,36225.0,2437796.0
Utah,2008.0,147.0,245.0,106.0,13542.0,43023.0,86772.0,38231.0,2495003.0
Utah,2009.0,144.0,232.0,108.0,13654.0,44616.0,91122.0,40659.0,2547024.0
Utah,2010.0,163.0,262.0,114.0,14237.0,46034.0,93935.0,42194.0,2581722.0
Utah,2011.0,172.0,278.0,120.0,14696.0,47656.0,98908.0,45028.0,2625630.0
Utah,2012.0,182.0,285.0,109.0,15100.0,47743.0,102724.0,46356.0,2658464.0
Utah,2013.0,181.0,329.0,132.0,15724.0,48912.0,106448.0,48253.0,2697259.0
Utah,2014.0,211.0,349.0,125.0,16034.0,50490.0,111790.0,50205.0,2730417.0
Utah,2015.0,190.0,336.0,114.0,16694.0,52088.0,117854.0,51263.0,2774714.0
Utah,2016.0,194.0,357.0,151.0,17211.0,53720.0,122084.0,53098.0,2822315.0
Utah,2017.0,202.0,370.0,172.0,17291.0,53958.0,126054.0,55468.0,2866353.0
Utah,2018.0,255.0,396.0,173.0,17530.0,55230.0,133800.0,58537.0,2913538.0
Vermont,1999.0,,,12.0,4971.0,,,3535.0,593357.0
Vermont,2000.0,,13.0,,5099.0,,5736.0,,595963.0
Vermont,2001.0,,,,5179.0,,,,598383.0
Vermont,2002.0,,,16.0,5049.0,,,4945.0,600887.0
Vermont,2003.0,,,,5101.0,,,,602530.0
Vermont,2004.0,,,10.0,4978.0,,,5862.0,603896.0
Vermont,2005.0,,,14.0,5037.0,,,6377.0,604380.0
Vermont,2006.0,10.0,,18.0,5015.0,3019.0,,6911.0,605116.0
Vermont,2007.0,,14.0,11.0,5147.0,,8230.0,7264.0,604985.0
Vermont,2008.0,,,21.0,5174.0,,,7759.0,605092.0
Vermont,2009.0,,11.0,18.0,4998.0,,8606.0,8372.0,604741.0
Vermont,2010.0,,15.0,17.0,5340.0,,8713.0,8368.0,605609.0
Vermont,2011.0,,16.0,14.0,5395.0,,9191.0,8889.0,605260.0
Vermont,2012.0,,18.0,32.0,5437.0,,9628.0,9018.0,604354.0
Vermont,2013.0,,20.0,27.0,5586.0,,9719.0,9587.0,604251.0
Vermont,2014.0,,13.0,25.0,5576.0,,10584.0,10025.0,602857.0
Vermont,2015.0,10.0,27.0,23.0,5859.0,3124.0,11125.0,10569.0,601224.0
Vermont,2016.0,11.0,30.0,31.0,5837.0,3200.0,11971.0,10612.0,598811.0
Vermont,2017.0,13.0,21.0,41.0,5932.0,3162.0,12234.0,11014.0,597247.0
Vermont,2018.0,12.0,18.0,26.0,5971.0,3225.0,13501.0,11373.0,598200.0
Virginia,1999.0,67.0,563.0,11768.0,42922.0,21741.0,273732.0,1422517.0,5282184.0
Virginia,2000.0,58.0,596.0,11760.0,43868.0,25743.0,289647.0,1438727.0,5324398.0
Virginia,2001.0,45.0,649.0,11749.0,43837.0,27837.0,313207.0,1462901.0,5394417.0
Virginia,2002.0,39.0,685.0,11757.0,44715.0,29806.0,332353.0,1480645.0,5444069.0
Virginia,2003.0,51.0,771.0,12163.0,45297.0,31689.0,351495.0,1496240.0,5487553.0
Virginia,2004.0,54.0,764.0,11814.0,43918.0,33746.0,372253.0,1519571.0,5550005.0
Virginia,2005.0,55.0,830.0,11853.0,45117.0,35677.0,394694.0,1541027.0,5605707.0
Virginia,2006.0,60.0,855.0,11725.0,45050.0,37767.0,415502.0,1565510.0,5654946.0
Virginia,2007.0,47.0,919.0,12032.0,45227.0,39779.0,435854.0,1583256.0,5692111.0
Virginia,2008.0,68.0,987.0,11952.0,46093.0,41989.0,455516.0,1602530.0,5733461.0
Virginia,2009.0,76.0,999.0,11799.0,45779.0,44517.0,475414.0,1623781.0,5782225.0
Virginia,2010.0,81.0,1034.0,11786.0,46131.0,46443.0,492031.0,1640836.0,5821714.0
Virginia,2011.0,99.0,1084.0,11829.0,47792.0,47536.0,510912.0,1664318.0,5873838.0
Virginia,2012.0,77.0,1197.0,12061.0,48229.0,48806.0,533764.0,1679707.0,5923590.0
Virginia,2013.0,76.0,1245.0,12365.0,49030.0,50132.0,554117.0,1695095.0,5961061.0
Virginia,2014.0,79.0,1355.0,12530.0,49634.0,51147.0,577726.0,1711801.0,5985615.0
Virginia,2015.0,110.0,1395.0,12774.0,51298.0,50911.0,598807.0,1729691.0,6003584.0
Virginia,2016.0,105.0,1525.0,13298.0,51545.0,50896.0,608678.0,1741448.0,6010786.0
Virginia,2017.0,134.0,1624.0,13810.0,53011.0,51489.0,630376.0,1760262.0,6027893.0
Virginia,2018.0,113.0,1692.0,14027.0,53527.0,52140.0,646251.0,1773427.0,6045867.0
Washington,1999.0,540.0,1065.0,1148.0,41112.0,110034.0,371604.0,222319.0,5138607.0
Washington,2000.0,519.0,1088.0,1097.0,41237.0,112006.0,385181.0,230096.0,5166838.0
Washington,2001.0,576.0,1212.0,1064.0,41790.0,115121.0,408480.0,239036.0,5223085.0
Washington,2002.0,573.0,1332.0,1138.0,42295.0,117689.0,426682.0,245869.0,5262109.0
Washington,2003.0,635.0,1404.0,1213.0,42668.0,120618.0,443413.0,250925.0,5289159.0
Washington,2004.0,592.0,1379.0,1079.0,41720.0,124543.0,461698.0,257470.0,5334934.0
Washington,2005.0,639.0,1444.0,1246.0,42874.0,127959.0,481562.0,264736.0,5383048.0
Washington,2006.0,674.0,1576.0,1290.0,42580.0,131727.0,505829.0,275137.0,5458060.0
Washington,2007.0,681.0,1541.0,1283.0,43818.0,136097.0,527842.0,283382.0,5514266.0
Washington,2008.0,755.0,1742.0,1321.0,44809.0,140912.0,549453.0,294548.0,5577318.0
Washington,2009.0,739.0,1743.0,1289.0,44499.0,144735.0,571869.0,305941.0,5644881.0
Washington,2010.0,819.0,1781.0,1313.0,44233.0,147822.0,585845.0,310869.0,5680004.0
Washington,2011.0,766.0,1925.0,1335.0,45665.0,150334.0,606556.0,324542.0,5748606.0
Washington,2012.0,791.0,1899.0,1381.0,46034.0,152328.0,632347.0,333148.0,5779189.0
Washington,2013.0,828.0,2097.0,1449.0,46890.0,155662.0,654999.0,344242.0,5816503.0
Washington,2014.0,836.0,2168.0,1517.0,47578.0,159484.0,684889.0,355573.0,5861584.0
Washington,2015.0,859.0,2368.0,1654.0,49714.0,163021.0,717568.0,366391.0,5923371.0
Washington,2016.0,935.0,2446.0,1674.0,49714.0,166151.0,743134.0,376367.0,6002348.0
Washington,2017.0,970.0,2714.0,1787.0,51524.0,169752.0,783704.0,387793.0,6064494.0
Washington,2018.0,1000.0,2817.0,1810.0,51250.0,173187.0,830775.0,403402.0,6128227.0
West Virginia,1999.0,,12.0,702.0,20331.0,,9403.0,59775.0,1740096.0
West Virginia,2000.0,,10.0,622.0,20477.0,,10619.0,60889.0,1732909.0
West Virginia,2001.0,,10.0,671.0,20280.0,,11057.0,61171.0,1725478.0
West Virginia,2002.0,,12.0,649.0,20351.0,,11346.0,61832.0,1728416.0
West Virginia,2003.0,,,689.0,20606.0,,,62866.0,1733784.0
West Virginia,2004.0,,14.0,623.0,20153.0,,12299.0,63682.0,1736570.0
West Virginia,2005.0,,,642.0,20124.0,,,64664.0,1739381.0
West Virginia,2006.0,10.0,,620.0,20033.0,4013.0,,66217.0,1744654.0
West Virginia,2007.0,,25.0,692.0,20360.0,,13354.0,67505.0,1749103.0
West Virginia,2008.0,,25.0,659.0,20864.0,,13671.0,68836.0,1753592.0
West Virginia,2009.0,10.0,38.0,651.0,20687.0,4260.0,14146.0,70465.0,1758904.0
West Virginia,2010.0,15.0,27.0,589.0,20644.0,4162.0,14282.0,71260.0,1763290.0
West Virginia,2011.0,12.0,19.0,653.0,21183.0,4269.0,15195.0,73596.0,1762304.0
West Virginia,2012.0,12.0,27.0,689.0,21187.0,4279.0,15608.0,73967.0,1761559.0
West Virginia,2013.0,,41.0,650.0,21144.0,,16238.0,75151.0,1758444.0
West Virginia,2014.0,18.0,22.0,632.0,21514.0,4608.0,16860.0,75917.0,1752941.0
West Virginia,2015.0,,31.0,706.0,22007.0,,17474.0,76375.0,1745625.0
West Virginia,2016.0,12.0,27.0,723.0,21970.0,4685.0,17463.0,75405.0,1733549.0
West Virginia,2017.0,,53.0,681.0,22533.0,,17127.0,74674.0,1719416.0
West Virginia,2018.0,,51.0,730.0,22688.0,,17410.0,75210.0,1708531.0
Wisconsin,1999.0,255.0,181.0,1720.0,44516.0,50536.0,92311.0,315230.0,4874589.0
Wisconsin,2000.0,246.0,165.0,1901.0,44149.0,53095.0,97350.0,322099.0,4891131.0
Wisconsin,2001.0,271.0,205.0,1764.0,44388.0,54118.0,103055.0,331554.0,4918108.0
Wisconsin,2002.0,293.0,191.0,1865.0,44632.0,55528.0,107700.0,339499.0,4942435.0
Wisconsin,2003.0,306.0,240.0,1966.0,43665.0,56937.0,112146.0,346353.0,4963767.0
Wisconsin,2004.0,341.0,216.0,1955.0,43088.0,58298.0,116408.0,352749.0,4986571.0
Wisconsin,2005.0,380.0,228.0,2062.0,44039.0,59895.0,120677.0,359771.0,5005823.0
Wisconsin,2006.0,315.0,224.0,2101.0,43513.0,61283.0,125123.0,367132.0,5024117.0
Wisconsin,2007.0,362.0,271.0,2129.0,43479.0,63113.0,129485.0,374709.0,5043468.0
Wisconsin,2008.0,370.0,281.0,2060.0,44104.0,64716.0,134081.0,381998.0,5060201.0
Wisconsin,2009.0,366.0,246.0,2103.0,42982.0,66166.0,138569.0,389316.0,5075213.0
Wisconsin,2010.0,383.0,262.0,2241.0,44422.0,67724.0,141521.0,394478.0,5083263.0
Wisconsin,2011.0,372.0,263.0,2227.0,45548.0,68745.0,146661.0,399745.0,5096616.0
Wisconsin,2012.0,445.0,327.0,2327.0,45285.0,69805.0,151314.0,403754.0,5101525.0
Wisconsin,2013.0,407.0,375.0,2425.0,46819.0,71020.0,156172.0,407587.0,5107934.0
Wisconsin,2014.0,424.0,340.0,2433.0,47094.0,72155.0,163934.0,411489.0,5109986.0
Wisconsin,2015.0,423.0,408.0,2521.0,47912.0,73079.0,171414.0,415631.0,5111213.0
Wisconsin,2016.0,419.0,414.0,2768.0,48214.0,73825.0,175761.0,417195.0,5111927.0
Wisconsin,2017.0,450.0,431.0,2851.0,48949.0,75021.0,181101.0,422159.0,5117202.0
Wisconsin,2018.0,507.0,453.0,2899.0,49825.0,75987.0,189159.0,427026.0,5121396.0
Wyoming,1999.0,73.0,,24.0,3937.0,11689.0,,4250.0,472739.0
Wyoming,2000.0,79.0,,21.0,3811.0,12260.0,,4701.0,473335.0
Wyoming,2001.0,85.0,13.0,21.0,3910.0,12646.0,3732.0,5030.0,473249.0
Wyoming,2002.0,100.0,,10.0,4056.0,12905.0,,5234.0,477938.0
Wyoming,2003.0,103.0,14.0,26.0,4029.0,13013.0,4094.0,5386.0,480960.0
Wyoming,2004.0,81.0,11.0,28.0,3835.0,13333.0,4251.0,5634.0,485888.0
Wyoming,2005.0,61.0,,21.0,4008.0,13608.0,,5845.0,490272.0
Wyoming,2006.0,118.0,12.0,20.0,4161.0,14140.0,4762.0,6055.0,497710.0
Wyoming,2007.0,91.0,14.0,23.0,4138.0,14709.0,4955.0,6455.0,508757.0
Wyoming,2008.0,102.0,10.0,31.0,4084.0,15245.0,5239.0,6502.0,519057.0
Wyoming,2009.0,107.0,13.0,21.0,4142.0,15669.0,5607.0,7133.0,531442.0
Wyoming,2010.0,104.0,14.0,27.0,4293.0,15847.0,5699.0,6917.0,535163.0
Wyoming,2011.0,99.0,19.0,27.0,4242.0,16184.0,6071.0,8052.0,537851.0
Wyoming,2012.0,154.0,12.0,32.0,4283.0,16450.0,6359.0,10665.0,542938.0
Wyoming,2013.0,113.0,17.0,31.0,4355.0,16710.0,6791.0,12439.0,546718.0
Wyoming,2014.0,113.0,18.0,33.0,4502.0,17061.0,7122.0,11459.0,548511.0
Wyoming,2015.0,120.0,20.0,32.0,4606.0,17347.0,7446.0,10767.0,550547.0
Wyoming,2016.0,118.0,17.0,30.0,4557.0,17287.0,7256.0,10293.0,550665.0
Wyoming,2017.0,123.0,15.0,27.0,4603.0,17327.0,7191.0,10016.0,544781.0
Wyoming,2018.0,111.0,13.0,35.0,4911.0,17473.0,7560.0,10221.0,542483.0
