,,Deaths,Deaths,Population,Population,,
Gender,,Female,Male,Female,Male,,
State,Year,Fem_Dth,Male_Dth,Fem_Pop,Male_Pop,Fem_Dth_Rate,Male_Dth_Rate
Alabama,1999,22603,22203,2293259,2136882,0.009856279,0.010390373
Alabama,2000,22709,22353,2300596,2146504,0.00987092,0.010413677
Alabama,2001,23129,22187,2309496,2158138,0.010014739,0.010280622
Alabama,2002,23423,22646,2314370,2165719,0.010120681,0.010456574
Alabama,2003,23812,22904,2324069,2179422,0.010245823,0.010509208
Alabama,2004,23382,22739,2337857,2192872,0.010001467,0.010369506
Alabama,2005,23932,23158,2356423,2213382,0.010156071,0.010462722
Alabama,2006,23614,23363,2385480,2243501,0.009899056,0.010413635
Alabama,2007,23230,23466,2407275,2265565,0.009649915,0.010357681
Alabama,2008,24031,23676,2430257,2287949,0.009888255,0.010348133
Alabama,2009,23587,23883,2448159,2309779,0.009634587,0.01033995
Alabama,2010,23986,24052,2459548,2320188,0.009752198,0.010366401
Alabama,2011,24070,24611,2473249,2329491,0.009732138,0.010564969
Alabama,2012,24535,24766,2483466,2338557,0.009879338,0.010590291
Alabama,2013,24420,25769,2488375,2345347,0.009813633,0.010987287
Alabama,2014,24773,25442,2499410,2349967,0.009911539,0.010826535
Alabama,2015,25306,26603,2505795,2353184,0.010098991,0.011305108
Alabama,2016,25618,26848,2507714,2355586,0.010215679,0.011397589
Alabama,2017,25855,27383,2514911,2359836,0.010280682,0.011603772
Alabama,2018,26278,28074,2523756,2364115,0.010412259,0.011875057
Alaska,1999,1166,1542,301266,323513,0.003870334,0.004766424
Alaska,2000,1234,1680,302820,324112,0.004075028,0.005183393
Alaska,2001,1259,1715,305579,328135,0.004120048,0.005226507
Alaska,2002,1272,1758,309633,332704,0.004108089,0.005283976
Alaska,2003,1377,1803,313034,335380,0.004398883,0.005375991
Alaska,2004,1291,1760,317807,341479,0.004062214,0.00515405
Alaska,2005,1363,1805,320920,346026,0.004247164,0.005216371
Alaska,2006,1485,1869,325121,350181,0.00456753,0.00533724
Alaska,2007,1501,1962,327138,353162,0.004588278,0.005555524
Alaska,2008,1516,1978,329412,358043,0.00460214,0.005524476
Alaska,2009,1603,2015,337002,361893,0.004756648,0.005567944
Alaska,2010,1597,2131,340603,369628,0.004688743,0.005765256
Alaska,2011,1623,2226,347526,375192,0.004670154,0.005932962
Alaska,2012,1692,2220,350211,381238,0.004831373,0.005823134
Alaska,2013,1750,2247,349564,385568,0.005006236,0.005827766
Alaska,2014,1722,2406,349436,387296,0.004927941,0.006212303
Alaska,2015,1866,2450,349407,389025,0.005340477,0.006297796
Alaska,2016,1907,2587,353762,388132,0.00539063,0.006665258
Alaska,2017,1889,2522,353003,386792,0.005351229,0.0065203
Alaska,2018,1908,2545,352865,384573,0.005407167,0.006617729
Arizona,1999,18797,21253,2518299,2505524,0.007464165,0.008482457
Arizona,2000,19253,21247,2569575,2561057,0.007492679,0.008296184
Arizona,2001,19458,21600,2641676,2631801,0.007365778,0.008207307
Arizona,2002,20202,22614,2704217,2692038,0.007470554,0.008400327
Arizona,2003,20611,22781,2764077,2746287,0.007456739,0.0082952
Arizona,2004,20524,22674,2835606,2816798,0.007237959,0.008049565
Arizona,2005,21818,24009,2930811,2908266,0.007444356,0.008255435
Arizona,2006,22109,24256,3026134,3003007,0.007306021,0.008077237
Arizona,2007,21668,23886,3096998,3070683,0.006996453,0.007778725
Arizona,2008,21658,24165,3155278,3125084,0.006864054,0.007732592
Arizona,2009,21798,24018,3189908,3153246,0.006833426,0.007616913
Arizona,2010,22065,24697,3216194,3175823,0.006860594,0.007776567
Arizona,2011,23081,25300,3258634,3223871,0.007083029,0.007847709
Arizona,2012,23314,26235,3294772,3258483,0.007076059,0.008051293
Arizona,2013,23937,26597,3331505,3295119,0.007185041,0.008071636
Arizona,2014,24239,27299,3387637,3343847,0.007155135,0.00816395
Arizona,2015,25401,28898,3436575,3391490,0.007391371,0.008520739
Arizona,2016,26106,30539,3488176,3442895,0.007484141,0.008870151
Arizona,2017,26750,31008,3527969,3488301,0.007582266,0.008889141
Arizona,2018,27171,32111,3606307,3565339,0.0075343,0.009006437
Arkansas,1999,13911,14014,1359445,1292415,0.010232852,0.010843266
Arkansas,2000,14139,14078,1368707,1304693,0.010330188,0.010790278
Arkansas,2001,13870,13889,1376845,1314726,0.010073756,0.010564178
Arkansas,2002,14344,14169,1383239,1322688,0.010369864,0.010712277
Arkansas,2003,13911,14007,1391523,1333293,0.00999696,0.010505568
Arkansas,2004,13846,13682,1403048,1346638,0.009868515,0.010160117
Arkansas,2005,13926,14129,1418295,1362802,0.009818832,0.01036761
Arkansas,2006,13777,14124,1438428,1383333,0.009577817,0.010210123
Arkansas,2007,14074,14117,1451358,1397292,0.009697125,0.010103114
Arkansas,2008,14576,14746,1464220,1410334,0.009954788,0.010455679
Arkansas,2009,14046,14627,1475013,1421830,0.009522628,0.010287446
Arkansas,2010,14126,14790,1484281,1431637,0.009517066,0.010330831
Arkansas,2011,14577,15076,1495200,1442779,0.009749197,0.010449279
Arkansas,2012,14832,15285,1500641,1448490,0.009883776,0.010552368
Arkansas,2013,14884,15553,1505782,1453591,0.009884565,0.010699709
Arkansas,2014,14803,15664,1509053,1457316,0.009809463,0.010748527
Arkansas,2015,15304,16313,1515348,1462856,0.01009933,0.011151474
Arkansas,2016,15325,16431,1520375,1467873,0.01007975,0.011193748
Arkansas,2017,15869,16719,1528215,1476064,0.01038401,0.011326745
Arkansas,2018,15547,16789,1533682,1480143,0.010137043,0.011342823
California,1999,114895,114485,16800161,16699043,0.006838923,0.006855782
California,2000,114792,114759,16996756,16874892,0.006753759,0.006800577
California,2001,117315,116729,17294223,17185235,0.006783479,0.006792401
California,2002,117020,117545,17498462,17373381,0.006687445,0.00676581
California,2003,119179,120192,17709509,17543650,0.006729661,0.006851026
California,2004,115547,116978,17871415,17703161,0.006465465,0.006607746
California,2005,117342,119695,17996230,17831713,0.006520366,0.006712479
California,2006,117114,120012,18097471,17923731,0.006471291,0.006695704
California,2007,115160,118560,18214926,18035385,0.006322288,0.006573744
California,2008,116277,118489,18396972,18207365,0.006320442,0.006507751
California,2009,114332,118404,18583075,18378154,0.00615248,0.006442649
California,2010,115638,118374,18736126,18517830,0.006171927,0.006392434
California,2011,118378,121564,18943585,18748327,0.006248976,0.006483992
California,2012,119151,123403,19122866,18918564,0.006230813,0.006522852
California,2013,121219,127140,19268325,19064196,0.006291102,0.006669046
California,2014,119502,126427,19533596,19268904,0.006117768,0.006561193
California,2015,126124,133082,19701750,19443068,0.006401665,0.006844702
California,2016,126980,135260,19756656,19493361,0.006427201,0.006938773
California,2017,129687,138502,19889100,19647553,0.006520506,0.007049326
California,2018,128703,140115,19893468,19663577,0.006469611,0.007125611
Colorado,1999,13622,13492,2101358,2124660,0.006482475,0.006350193
Colorado,2000,13750,13538,2135278,2165983,0.006439443,0.00625028
Colorado,2001,14411,13883,2195705,2229982,0.006563268,0.006225611
Colorado,2002,14581,14629,2228665,2261741,0.006542482,0.006468026
Colorado,2003,14903,14603,2253214,2275518,0.006614108,0.00641744
Colorado,2004,14002,14307,2274511,2300502,0.006156048,0.006219077
Colorado,2005,14729,14898,2308238,2323650,0.006381058,0.006411465
Colorado,2006,14841,14680,2352960,2367463,0.006307375,0.00620073
Colorado,2007,14846,15147,2396433,2407435,0.006195041,0.006291759
Colorado,2008,15466,15808,2439060,2450670,0.006340967,0.006450481
Colorado,2009,15413,15760,2480710,2491485,0.006213141,0.006325545
Colorado,2010,15612,15853,2508534,2520662,0.006223555,0.006289221
Colorado,2011,16037,16526,2549601,2567195,0.006290004,0.006437376
Colorado,2012,16297,16836,2583877,2603705,0.006307189,0.00646617
Colorado,2013,16571,17141,2621921,2646446,0.006320175,0.006476988
Colorado,2014,17172,18065,2664707,2691159,0.006444236,0.006712721
Colorado,2015,17659,18690,2712811,2743763,0.006509484,0.006811813
Colorado,2016,17889,19641,2754727,2785818,0.006493928,0.007050353
Colorado,2017,18398,19665,2784821,2822333,0.006606529,0.00696764
Colorado,2018,18298,20228,2827696,2867868,0.006470993,0.007053323
Connecticut,1999,15481,13965,1747148,1639253,0.008860726,0.008519124
Connecticut,2000,15882,14247,1756246,1649319,0.009043152,0.008638111
Connecticut,2001,15992,13835,1768959,1663876,0.009040345,0.008314923
Connecticut,2002,15796,14326,1780500,1678249,0.008871665,0.008536278
Connecticut,2003,15624,14003,1793468,1690868,0.008711613,0.008281545
Connecticut,2004,15384,13930,1798078,1698016,0.008555802,0.008203692
Connecticut,2005,15617,13850,1802068,1704888,0.008666155,0.008123701
Connecticut,2006,15436,13824,1807675,1709785,0.008539146,0.008085227
Connecticut,2007,15090,13561,1811617,1715653,0.008329575,0.007904279
Connecticut,2008,15180,13614,1820749,1724830,0.008337228,0.007892952
Connecticut,2009,15158,13427,1828779,1733028,0.00828859,0.007747711
Connecticut,2010,14999,13693,1834483,1739614,0.008176146,0.007871286
Connecticut,2011,15442,14084,1835893,1744816,0.008411166,0.008071911
Connecticut,2012,15279,14037,1840431,1749916,0.00830186,0.008021528
Connecticut,2013,15406,14226,1841929,1754151,0.008364057,0.008109906
Connecticut,2014,15476,14384,1842128,1754549,0.008401153,0.008198118
Connecticut,2015,15870,14665,1839139,1751747,0.008629038,0.008371643
Connecticut,2016,15558,14985,1830837,1745615,0.008497753,0.008584367
Connecticut,2017,16127,15185,1836384,1751800,0.008781932,0.008668227
Connecticut,2018,15879,15351,1829270,1743395,0.008680512,0.008805233
Delaware,1999,3324,3342,398732,376258,0.008336426,0.008882203
Delaware,2000,3504,3371,403059,380541,0.008693516,0.008858441
Delaware,2001,3660,3452,409349,386350,0.008941026,0.008934904
Delaware,2002,3487,3374,414652,391517,0.008409461,0.008617761
Delaware,2003,3561,3509,420802,397201,0.008462412,0.008834318
Delaware,2004,3525,3618,427320,403483,0.008249087,0.008966921
Delaware,2005,3763,3709,435227,409923,0.008646063,0.009048041
Delaware,2006,3614,3590,442766,416502,0.008162325,0.008619406
Delaware,2007,3649,3678,449398,422351,0.008119751,0.008708397
Delaware,2008,3857,3765,455481,428393,0.008467971,0.008788659
Delaware,2009,3798,3736,459795,431935,0.008260203,0.00864945
Delaware,2010,3818,3888,462995,434939,0.008246309,0.008939185
Delaware,2011,3958,3887,467299,439836,0.008469952,0.008837385
Delaware,2012,4017,3858,472734,444358,0.008497379,0.008682189
Delaware,2013,3934,4033,477802,447947,0.008233536,0.009003297
Delaware,2014,4068,4192,482925,452689,0.008423668,0.009260221
Delaware,2015,4208,4374,488125,457809,0.008620743,0.009554203
Delaware,2016,4277,4597,491395,460670,0.008703792,0.009978944
Delaware,2017,4427,4751,496425,465514,0.008917762,0.010205923
Delaware,2018,4511,4922,499244,467927,0.009035662,0.010518735
District of Columbia,1999,2967,3109,301797,268416,0.009831112,0.011582767
District of Columbia,2000,2972,3029,302693,269366,0.009818529,0.011244923
District of Columbia,2001,2884,3067,303740,270764,0.009494963,0.011327207
District of Columbia,2002,2810,3041,303146,270012,0.009269461,0.011262462
District of Columbia,2003,2696,2877,300607,267895,0.00896852,0.010739282
District of Columbia,2004,2669,2785,300284,267470,0.008888252,0.010412383
District of Columbia,2005,2681,2802,299613,267523,0.00894821,0.010473866
District of Columbia,2006,2622,2722,301322,269359,0.008701655,0.010105473
District of Columbia,2007,2596,2592,302949,271455,0.008569099,0.009548544
District of Columbia,2008,2514,2626,306265,273971,0.008208578,0.009584956
District of Columbia,2009,2335,2499,311828,280400,0.007488102,0.008912268
District of Columbia,2010,2398,2274,317501,284222,0.007552732,0.008000788
District of Columbia,2011,2357,2232,325775,292221,0.007235055,0.007638055
District of Columbia,2012,2387,2263,333282,299041,0.007162103,0.007567524
District of Columbia,2013,2377,2342,340199,306250,0.006987087,0.007647347
District of Columbia,2014,2394,2329,346293,312600,0.006913221,0.007450416
District of Columbia,2015,2375,2496,353627,318601,0.006716116,0.00783425
District of Columbia,2016,2433,2604,357940,323230,0.006797229,0.008056183
District of Columbia,2017,2467,2498,364773,329199,0.00676311,0.007588115
District of Columbia,2018,2457,2551,369148,333307,0.006655867,0.007653605
Florida,1999,80173,83051,8073847,7685574,0.009929963,0.010806089
Florida,2000,80309,84086,8184663,7797715,0.009812133,0.010783415
Florida,2001,82095,85174,8372776,7984190,0.009804992,0.010667832
Florida,2002,82304,85510,8541734,8147636,0.009635514,0.010495069
Florida,2003,82236,86421,8697573,8306512,0.009455051,0.010404006
Florida,2004,82464,86544,8902447,8512871,0.009263071,0.010166253
Florida,2005,82641,88150,9117950,8724088,0.00906355,0.010104208
Florida,2006,82089,87977,9280080,8886910,0.008845721,0.009899616
Florida,2007,80823,87273,9378587,8989255,0.008617823,0.009708591
Florida,2008,82041,88662,9465279,9062026,0.008667573,0.009783905
Florida,2009,81537,88387,9534289,9118355,0.008551975,0.009693305
Florida,2010,83574,90217,9611955,9189355,0.008694797,0.009817555
Florida,2011,83686,90290,9736166,9321376,0.008595375,0.009686338
Florida,2012,85580,91711,9869741,9447827,0.008670947,0.0097071
Florida,2013,87437,93675,9990213,9562647,0.008752266,0.009795928
Florida,2014,89094,96862,10170011,9723286,0.008760463,0.009961859
Florida,2015,90998,100739,10368733,9902539,0.008776193,0.010173048
Florida,2016,93820,103493,10542288,10070151,0.008899396,0.010277204
Florida,2017,96344,107292,10727581,10256819,0.008980962,0.010460553
Florida,2018,97112,108314,10887548,10411777,0.008919547,0.010403027
Georgia,1999,31161,30867,4096031,3949934,0.007607608,0.007814561
Georgia,2000,32389,31481,4159340,4027113,0.007787053,0.007817263
Georgia,2001,32754,31731,4256162,4120876,0.007695666,0.007700062
Georgia,2002,33147,32302,4327934,4180322,0.007658851,0.007727156
Georgia,2003,33898,32580,4394952,4227841,0.00771294,0.007706061
Georgia,2004,33135,32683,4463524,4305728,0.007423507,0.007590586
Georgia,2005,33646,33090,4555263,4370659,0.007386182,0.007570941
Georgia,2006,33920,33888,4670606,4485207,0.007262441,0.007555504
Georgia,2007,34085,34246,4777572,4572416,0.007134377,0.007489695
Georgia,2008,35089,34551,4856984,4647859,0.007224442,0.007433745
Georgia,2009,34893,34819,4917756,4703090,0.007095309,0.007403431
Georgia,2010,35696,35567,4958482,4729171,0.007198977,0.007520768
Georgia,2011,35914,35334,5012403,4802807,0.007165026,0.007356948
Georgia,2012,36406,36441,5068921,4851024,0.007182199,0.007512022
Georgia,2013,37042,38046,5110806,4881361,0.00724778,0.007794138
Georgia,2014,37970,38917,5170356,4926987,0.007343788,0.007898742
Georgia,2015,39415,40527,5234978,4979882,0.007529162,0.008138145
Georgia,2016,39738,41690,5289906,5020465,0.007512043,0.008304012
Georgia,2017,40569,42529,5353872,5075507,0.007577507,0.008379261
Georgia,2018,41608,43594,5404059,5115416,0.007699398,0.008522083
Hawaii,1999,3554,4716,601830,608470,0.005905322,0.007750588
Hawaii,2000,3641,4649,602866,608671,0.006039485,0.007637952
Hawaii,2001,3778,4616,609189,616759,0.006201688,0.007484285
Hawaii,2002,3944,4857,616192,623421,0.006400602,0.007790883
Hawaii,2003,3979,4999,623753,627401,0.006379128,0.007967791
Hawaii,2004,4044,4986,636864,636705,0.006349864,0.007830942
Hawaii,2005,4147,4989,644813,647916,0.006431322,0.007700072
Hawaii,2006,4300,5132,652351,657380,0.006591544,0.007806748
Hawaii,2007,4339,5156,657185,658490,0.006602403,0.007830035
Hawaii,2008,4336,5165,665313,666900,0.006517233,0.007744789
Hawaii,2009,4480,5434,673075,673642,0.006656019,0.008066599
Hawaii,2010,4344,5273,679058,681243,0.006397097,0.007740263
Hawaii,2011,4602,5321,685005,689805,0.006718199,0.007713774
Hawaii,2012,4793,5481,690348,701965,0.006942875,0.007808082
Hawaii,2013,4911,5594,694440,709614,0.007071885,0.007883159
Hawaii,2014,5059,5708,701462,718099,0.00721208,0.007948765
Hawaii,2015,5243,5810,706231,725372,0.007423917,0.008009683
Hawaii,2016,5117,5796,710942,717615,0.007197493,0.008076754
Hawaii,2017,5294,6096,711451,716087,0.007441131,0.008512932
Hawaii,2018,5330,6085,709489,711002,0.007512449,0.008558344
Idaho,1999,4651,4928,636798,638876,0.007303729,0.007713547
Idaho,2000,4782,4781,645293,648660,0.007410587,0.007370579
Idaho,2001,4774,4979,658043,661919,0.007254845,0.007522068
Idaho,2002,4912,5011,668686,671686,0.00734575,0.007460331
Idaho,2003,5152,5228,679877,683503,0.007577841,0.007648833
Idaho,2004,4953,5075,693186,698616,0.007145268,0.007264363
Idaho,2005,5163,5393,711983,716258,0.007251578,0.00752941
Idaho,2006,5183,5430,732104,736565,0.007079595,0.007372058
Idaho,2007,5443,5379,750127,754978,0.007256105,0.007124711
Idaho,2008,5425,5537,764792,769528,0.007093432,0.00719532
Idaho,2009,5376,5722,775398,779041,0.006933214,0.007344928
Idaho,2010,5533,5896,782258,785324,0.007073114,0.007507729
Idaho,2011,5892,6135,791358,793627,0.007445429,0.007730332
Idaho,2012,5795,6203,797116,798612,0.007269958,0.007767226
Idaho,2013,6027,6407,805052,807084,0.007486473,0.007938455
Idaho,2014,6119,6494,815968,818496,0.007499069,0.007934064
Idaho,2015,6176,6850,826183,828747,0.007475341,0.00826549
Idaho,2016,6430,6936,839608,843532,0.007658336,0.008222569
Idaho,2017,6645,7366,856485,860458,0.007758455,0.008560557
Idaho,2018,6726,7535,875131,879077,0.007685706,0.00857149
Illinois,1999,55849,52587,6313350,6045670,0.008846175,0.008698292
Illinois,2000,55204,51430,6338957,6080336,0.008708688,0.008458414
Illinois,2001,54655,50775,6370443,6118002,0.008579466,0.008299278
Illinois,2002,55181,51486,6387897,6137659,0.008638367,0.00838854
Illinois,2003,54705,50620,6402859,6153147,0.00854384,0.008226685
Illinois,2004,53386,49284,6414209,6175564,0.008323084,0.007980486
Illinois,2005,54076,49898,6423831,6186072,0.00841803,0.008066185
Illinois,2006,52785,49386,6440022,6203933,0.008196401,0.007960434
Illinois,2007,52050,48453,6467577,6228289,0.008047836,0.007779504
Illinois,2008,53444,50027,6493537,6253501,0.008230337,0.007999839
Illinois,2009,51286,48770,6520723,6276055,0.007865079,0.007770805
Illinois,2010,51006,48925,6538356,6292276,0.007801044,0.007775406
Illinois,2011,52053,49853,6555063,6314194,0.007940885,0.007895386
Illinois,2012,51930,50503,6555800,6319455,0.00792123,0.00799167
Illinois,2013,52422,50979,6555652,6326483,0.007996459,0.008058032
Illinois,2014,53203,52090,6559694,6320886,0.008110592,0.008240933
Illinois,2015,53990,52882,6545500,6314495,0.008248415,0.0083747
Illinois,2016,53572,53448,6509748,6291791,0.008229504,0.008494878
Illinois,2017,54786,54935,6509545,6292478,0.008416256,0.008730265
Illinois,2018,54640,55382,6480179,6260901,0.008431866,0.008845692
Indiana,1999,28690,26613,3083351,2961618,0.009304812,0.008985966
Indiana,2000,28575,26894,3098011,2982474,0.00922366,0.009017346
Indiana,2001,28308,26890,3120158,3007602,0.009072617,0.008940678
Indiana,2002,28660,26736,3133342,3022625,0.009146783,0.008845292
Indiana,2003,28713,27255,3152366,3044272,0.009108397,0.008952879
Indiana,2004,27876,26335,3168952,3064055,0.008796599,0.00859482
Indiana,2005,28621,27054,3191481,3087135,0.008967937,0.008763465
Indiana,2006,28215,27407,3218203,3114466,0.008767315,0.008799903
Indiana,2007,27604,26396,3241454,3138145,0.008515931,0.008411339
Indiana,2008,28860,27892,3263963,3160843,0.008842012,0.008824228
Indiana,2009,28369,27604,3281477,3177848,0.008645192,0.008686381
Indiana,2010,28625,28118,3294065,3189737,0.008689871,0.008815147
Indiana,2011,29342,28860,3309937,3206985,0.008864821,0.008999107
Indiana,2012,29799,29533,3319144,3218190,0.008977917,0.009176898
Indiana,2013,30444,30272,3334634,3236268,0.009129638,0.009353984
Indiana,2014,30408,30532,3347411,3249444,0.009084035,0.009396069
Indiana,2015,31423,31290,3357815,3261865,0.009358169,0.009592672
Indiana,2016,31095,32378,3363491,3269562,0.009244859,0.009902855
Indiana,2017,32383,33214,3379723,3287095,0.009581554,0.010104363
Indiana,2018,32416,33277,3391576,3300302,0.009557798,0.010083017
Iowa,1999,15012,13399,1488223,1429411,0.010087198,0.009373791
Iowa,2000,14722,13338,1490809,1435515,0.009875175,0.009291439
Iowa,2001,14707,13084,1492287,1439710,0.009855343,0.009087941
Iowa,2002,14693,13285,1491450,1442784,0.009851487,0.009207893
Iowa,2003,14798,13264,1493907,1448092,0.00990557,0.009159639
Iowa,2004,14016,12881,1498888,1454747,0.009350932,0.008854461
Iowa,2005,14516,13295,1503019,1461435,0.009657895,0.009097223
Iowa,2006,14422,12940,1511124,1471520,0.009543889,0.008793628
Iowa,2007,14240,12981,1518023,1481189,0.009380622,0.008763905
Iowa,2008,14867,13674,1525539,1491195,0.009745408,0.009169827
Iowa,2009,14331,13213,1532739,1500131,0.009349928,0.008807897
Iowa,2010,14292,13453,1538036,1508319,0.00929237,0.008919201
Iowa,2011,14610,13574,1544894,1517415,0.00945696,0.008945476
Iowa,2012,14611,13778,1549698,1524488,0.009428289,0.009037788
Iowa,2013,14653,14295,1557015,1533401,0.009410956,0.009322415
Iowa,2014,14814,14376,1564081,1543045,0.009471376,0.009316643
Iowa,2015,15036,14564,1571873,1552026,0.009565658,0.009383863
Iowa,2016,14880,14658,1575574,1559119,0.009444177,0.009401463
Iowa,2017,15273,15257,1580978,1564733,0.009660476,0.009750545
Iowa,2018,15086,15281,1585338,1570807,0.009515952,0.009728121
Kansas,1999,12750,11722,1356044,1322294,0.00940235,0.008864897
Kansas,2000,12996,11721,1359944,1328474,0.009556276,0.008822905
Kansas,2001,12863,11784,1365966,1336196,0.009416779,0.008819065
Kansas,2002,13152,11869,1371898,1341637,0.009586719,0.008846655
Kansas,2003,12970,11623,1377415,1345589,0.009416189,0.008637853
Kansas,2004,12502,11316,1382396,1351977,0.009043718,0.008369965
Kansas,2005,12771,11911,1387958,1357341,0.009201287,0.008775245
Kansas,2006,12795,11758,1394092,1368839,0.009178017,0.008589761
Kansas,2007,12666,11825,1405705,1378080,0.009010425,0.008580779
Kansas,2008,12805,12170,1415563,1392513,0.009045871,0.008739595
Kansas,2009,12276,11748,1428139,1404565,0.008595802,0.008364155
Kansas,2010,12291,12211,1437710,1415408,0.008549012,0.008627194
Kansas,2011,12863,12253,1445436,1425802,0.008899045,0.00859376
Kansas,2012,12689,12456,1450624,1435281,0.00874727,0.00867844
Kansas,2013,12908,12506,1452009,1441948,0.008889752,0.00867299
Kansas,2014,12825,12968,1456666,1447355,0.008804352,0.008959792
Kansas,2015,13451,13213,1458008,1453633,0.009225601,0.00908964
Kansas,2016,13124,13121,1459530,1447759,0.008991936,0.009062972
Kansas,2017,13306,13757,1461167,1451956,0.00910642,0.009474805
Kansas,2018,13665,13872,1461099,1450406,0.009352549,0.009564219
Kentucky,1999,19873,19448,2056401,1961652,0.009663971,0.009914093
Kentucky,2000,20058,19446,2066401,1975368,0.009706732,0.009844242
Kentucky,2001,20270,19591,2076871,1991261,0.009759874,0.009838489
Kentucky,2002,20551,20146,2087223,2002652,0.009846097,0.010059661
Kentucky,2003,20334,19907,2102308,2014862,0.009672227,0.009880081
Kentucky,2004,19478,19168,2112051,2034050,0.009222315,0.009423564
Kentucky,2005,20213,20010,2129658,2053084,0.009491195,0.009746313
Kentucky,2006,20024,20078,2149096,2070143,0.009317406,0.009698847
Kentucky,2007,20070,20020,2164210,2092462,0.009273592,0.009567677
Kentucky,2008,20688,20641,2183532,2106346,0.009474558,0.009799435
Kentucky,2009,20785,20595,2193136,2123938,0.009477296,0.009696611
Kentucky,2010,20843,21140,2204415,2134952,0.009455116,0.009901862
Kentucky,2011,21164,21462,2219482,2149874,0.009535558,0.009982911
Kentucky,2012,21701,21963,2222704,2157711,0.009763333,0.010178842
Kentucky,2013,21493,22266,2231899,2163396,0.009629916,0.010292152
Kentucky,2014,21846,22992,2240299,2173158,0.009751377,0.010579995
Kentucky,2015,22577,23987,2245998,2179094,0.010052102,0.011007786
Kentucky,2016,23417,24410,2250421,2186553,0.010405609,0.01116369
Kentucky,2017,23456,24756,2259871,2194318,0.010379354,0.011281865
Kentucky,2018,23627,25080,2266891,2201511,0.010422645,0.011392176
Louisiana,1999,20596,20642,2302744,2158067,0.008944112,0.009565041
Louisiana,2000,20655,20483,2306073,2162903,0.008956785,0.009470143
Louisiana,2001,20938,20819,2308063,2169812,0.009071676,0.00959484
Louisiana,2002,20999,20985,2315524,2181743,0.00906879,0.009618456
Louisiana,2003,21412,21307,2327153,2193889,0.009200942,0.009711977
Louisiana,2004,20960,21255,2338753,2213485,0.008962041,0.009602505
Louisiana,2005,22152,22203,2349441,2227187,0.009428626,0.009969078
Louisiana,2006,19625,20420,2204072,2098593,0.008903974,0.009730329
Louisiana,2007,19741,20225,2239125,2136456,0.00881639,0.009466612
Louisiana,2008,20352,20868,2269630,2165956,0.0089671,0.009634545
Louisiana,2009,19664,20618,2295199,2196449,0.008567449,0.00938697
Louisiana,2010,19862,20805,2314080,2219292,0.008583109,0.009374611
Louisiana,2011,20061,20829,2336467,2238369,0.00858604,0.009305436
Louisiana,2012,20646,21674,2349843,2252050,0.008786119,0.00962412
Louisiana,2013,21017,22253,2361537,2263933,0.008899712,0.009829354
Louisiana,2014,21299,22570,2375737,2273939,0.008965218,0.009925508
Louisiana,2015,20880,22836,2386915,2283809,0.008747693,0.009999085
Louisiana,2016,21301,23005,2392296,2289370,0.008903999,0.010048616
Louisiana,2017,21966,23838,2394887,2289446,0.00917204,0.010412126
Louisiana,2018,22100,23948,2385219,2274759,0.009265397,0.010527709
Maine,1999,6473,5788,650598,616210,0.009949308,0.009392902
Maine,2000,6477,5877,654614,620309,0.009894381,0.00947431
Maine,2001,6493,5928,659657,626035,0.009842994,0.009469119
Maine,2002,6512,6182,664226,631734,0.009803892,0.009785764
Maine,2003,6552,5988,668680,637833,0.009798409,0.009388037
Maine,2004,6558,5885,671862,641826,0.009760933,0.009169152
Maine,2005,6582,6286,674104,644683,0.009764072,0.009750529
Maine,2006,6208,6086,676157,647462,0.0091813,0.009399779
Maine,2007,6302,6191,677797,649243,0.009297769,0.009535721
Maine,2008,6369,6172,679413,651096,0.009374269,0.009479401
Maine,2009,6418,6176,678694,650896,0.009456397,0.009488459
Maine,2010,6473,6277,678305,650056,0.009542905,0.009656091
Maine,2011,6564,6437,678125,650063,0.009679631,0.009902117
Maine,2012,6455,6415,678914,650278,0.009507832,0.009865012
Maine,2013,6719,6828,678082,650220,0.009908831,0.010501061
Maine,2014,6689,6821,678818,651271,0.009853893,0.010473367
Maine,2015,7268,7211,678071,651257,0.010718642,0.011072434
Maine,2016,6976,7206,678894,652585,0.010275536,0.01104224
Maine,2017,7284,7392,681387,654520,0.01068996,0.011293773
Maine,2018,7183,7532,683031,655373,0.01051636,0.011492692
Maryland,1999,21886,21203,2716928,2537581,0.008055421,0.008355595
Maryland,2000,22539,21214,2738692,2557794,0.008229841,0.008293866
Maryland,2001,22397,21442,2779864,2594827,0.008056869,0.008263364
Maryland,2002,22561,21409,2815197,2625192,0.008014004,0.008155213
Maryland,2003,22566,21933,2843847,2652422,0.007935026,0.008269046
Maryland,2004,21972,21260,2870043,2676892,0.007655634,0.007942046
Maryland,2005,22339,21553,2891761,2700618,0.007725051,0.007980766
Maryland,2006,22333,21249,2907963,2719404,0.007679946,0.007813845
Maryland,2007,22160,21597,2920109,2733299,0.007588758,0.007901441
Maryland,2008,22129,21763,2935788,2749177,0.00753767,0.007916187
Maryland,2009,22225,21618,2960001,2770387,0.007508443,0.007803242
Maryland,2010,22171,21154,2981790,2791762,0.007435467,0.007577293
Maryland,2011,22214,21531,3007715,2820574,0.007385673,0.007633553
Maryland,2012,22559,21918,3034160,2850403,0.007435007,0.007689439
Maryland,2013,23047,22642,3054052,2874762,0.007546368,0.00787613
Maryland,2014,23009,22858,3079989,2896418,0.007470481,0.007891817
Maryland,2015,23489,23758,3095316,2911085,0.007588563,0.008161218
Maryland,2016,24124,24700,3101981,2914466,0.007776966,0.008474966
Maryland,2017,24614,25312,3118023,2934154,0.007894105,0.008626677
Maryland,2018,24872,25696,3113797,2928921,0.007987675,0.008773197
Massachusetts,1999,29820,26020,3274830,3042515,0.009105816,0.008552135
Massachusetts,2000,30506,26175,3290281,3058816,0.009271549,0.008557233
Massachusetts,2001,30786,25968,3312567,3085067,0.009293699,0.008417321
Massachusetts,2002,30440,26488,3319436,3097770,0.009170233,0.008550667
Massachusetts,2003,30101,26190,3320817,3101748,0.009064336,0.008443626
Massachusetts,2004,29101,25410,3314634,3097647,0.008779552,0.008203001
Massachusetts,2005,28738,25136,3309010,3094280,0.008684773,0.008123376
Massachusetts,2006,28571,24879,3311185,3098899,0.008628633,0.008028335
Massachusetts,2007,27946,24971,3321653,3109906,0.008413281,0.008029503
Massachusetts,2008,28321,25197,3340730,3128237,0.008477488,0.008054697
Massachusetts,2009,27538,24770,3365859,3151754,0.008181567,0.007859116
Massachusetts,2010,27445,25138,3381001,3166628,0.008117418,0.007938413
Massachusetts,2011,28054,25656,3397995,3189541,0.008256045,0.008043791
Massachusetts,2012,27885,25292,3425771,3220373,0.008139773,0.007853749
Massachusetts,2013,28538,26029,3448008,3244816,0.008276663,0.008021718
Massachusetts,2014,28310,26890,3474584,3270824,0.008147738,0.00822117
Massachusetts,2015,29895,27911,3498304,3296118,0.00854557,0.00846784
Massachusetts,2016,28947,28014,3506128,3305651,0.008256116,0.008474579
Massachusetts,2017,29649,29154,3529454,3330365,0.008400449,0.008753995
Massachusetts,2018,29884,29268,3551621,3350528,0.008414186,0.00873534
Michigan,1999,44579,42653,5047770,4849346,0.008831425,0.008795619
Michigan,2000,44616,42337,5065349,4873095,0.00880808,0.008687908
Michigan,2001,44090,42334,5089289,4901831,0.008663293,0.008636365
Michigan,2002,44905,42890,5100171,4915539,0.008804607,0.008725391
Michigan,2003,44369,42359,5110521,4930631,0.008681894,0.00859099
Michigan,2004,43574,41595,5117929,4937386,0.008513991,0.008424498
Michigan,2005,44629,42238,5114320,4936817,0.008726282,0.008555715
Michigan,2006,43822,42220,5106621,4929460,0.008581408,0.008564833
Michigan,2007,43886,42835,5091035,4910249,0.008620251,0.00872359
Michigan,2008,45121,43324,5065899,4880990,0.00890681,0.008876068
Michigan,2009,43476,42979,5044338,4857253,0.008618772,0.008848417
Michigan,2010,44581,43440,5035526,4848114,0.008853296,0.008960185
Michigan,2011,45161,44347,5030242,4845945,0.008977898,0.009151363
Michigan,2012,45289,44612,5032849,4850511,0.00899868,0.009197381
Michigan,2013,46360,46048,5036338,4859284,0.009205101,0.009476293
Michigan,2014,46849,47065,5041414,4868463,0.009292829,0.009667322
Michigan,2015,47515,47625,5044428,4878148,0.009419304,0.009762926
Michigan,2016,47738,48493,5043554,4884746,0.009465151,0.009927435
Michigan,2017,48197,49405,5058559,4903752,0.009527812,0.010074939
Michigan,2018,48705,50198,5073772,4922143,0.009599367,0.010198403
Minnesota,1999,19926,18611,2462931,2410550,0.008090361,0.007720645
Minnesota,2000,19580,18110,2483848,2435631,0.00788293,0.007435445
Minnesota,2001,19450,18285,2514149,2468647,0.007736216,0.007406891
Minnesota,2002,19947,18563,2531205,2487730,0.007880436,0.007461823
Minnesota,2003,19447,18173,2546999,2506573,0.00763526,0.007250138
Minnesota,2004,19098,17936,2564037,2523676,0.00744841,0.007107093
Minnesota,2005,19420,18115,2579546,2540052,0.007528457,0.007131744
Minnesota,2006,19081,17947,2600951,2562604,0.007336163,0.007003423
Minnesota,2007,18959,18179,2622551,2584652,0.007229221,0.007033442
Minnesota,2008,19941,18558,2642672,2604346,0.007545772,0.007125781
Minnesota,2009,19240,18611,2659958,2621245,0.007233197,0.007100061
Minnesota,2010,19927,19045,2671793,2632132,0.007458287,0.007235579
Minnesota,2011,20309,19511,2689958,2654903,0.007549932,0.007349044
Minnesota,2012,20325,19691,2706970,2672169,0.007508395,0.00736892
Minnesota,2013,20634,20353,2727081,2693299,0.007566332,0.007556903
Minnesota,2014,20980,20465,2745132,2712041,0.00764262,0.007545977
Minnesota,2015,21704,21096,2759730,2729864,0.007864537,0.007727858
Minnesota,2016,21437,21641,2772322,2747630,0.007732507,0.007876242
Minnesota,2017,22078,22293,2799760,2776846,0.007885676,0.008028173
Minnesota,2018,22230,22515,2816378,2794801,0.007893117,0.00805603
Mississippi,1999,13952,14233,1464581,1363827,0.009526274,0.010436074
Mississippi,2000,14498,14156,1471104,1373554,0.009855184,0.010306111
Mississippi,2001,14306,13953,1473486,1379508,0.009708949,0.010114476
Mississippi,2002,14585,14268,1475412,1383269,0.009885374,0.010314697
Mississippi,2003,14279,14210,1479611,1388701,0.009650509,0.010232584
Mississippi,2004,13759,14112,1490115,1398895,0.009233516,0.010087962
Mississippi,2005,14550,14646,1497962,1407981,0.009713197,0.010402129
Mississippi,2006,14099,14465,1496313,1408665,0.009422494,0.010268588
Mississippi,2007,13774,14481,1507071,1421279,0.009139583,0.01018871
Mississippi,2008,14431,14553,1516955,1430851,0.009513137,0.01017087
Mississippi,2009,13860,14415,1522000,1436774,0.009106439,0.010032893
Mississippi,2010,14482,14483,1526057,1441240,0.009489816,0.010048986
Mississippi,2011,14388,14890,1531968,1446544,0.009391841,0.0102935
Mississippi,2012,14639,14905,1535635,1449291,0.009532864,0.010284339
Mississippi,2013,15010,15693,1536620,1454587,0.009768193,0.010788629
Mississippi,2014,14744,15813,1539523,1454556,0.009576992,0.010871359
Mississippi,2015,15395,16388,1540483,1451850,0.009993619,0.011287667
Mississippi,2016,15335,16406,1539934,1448792,0.009958219,0.011323917
Mississippi,2017,15624,16656,1538222,1445878,0.010157181,0.011519644
Mississippi,2018,15523,16778,1538795,1447735,0.010087763,0.011589138
Missouri,1999,28978,26953,2860166,2701782,0.01013158,0.009976008
Missouri,2000,28589,26276,2875034,2720177,0.009943882,0.009659666
Missouri,2001,28662,26320,2895476,2745666,0.009898891,0.009586017
Missouri,2002,28813,27127,2910476,2764349,0.009899755,0.00981316
Missouri,2003,28946,26636,2926556,2782847,0.009890807,0.009571493
Missouri,2004,27738,26212,2942685,2805056,0.009426085,0.009344555
Missouri,2005,27922,26734,2962870,2827430,0.009423971,0.00945523
Missouri,2006,28094,26587,2987563,2855141,0.009403651,0.009311974
Missouri,2007,27528,26638,3007493,2880119,0.009153139,0.009248923
Missouri,2008,28755,27823,3024837,2899079,0.009506297,0.009597186
Missouri,2009,27406,26857,3042021,2919067,0.009009142,0.009200543
Missouri,2010,28019,27262,3055450,2933477,0.009170171,0.009293408
Missouri,2011,28173,27675,3066254,2944434,0.009188084,0.00939909
Missouri,2012,27963,28131,3070952,2951036,0.009105645,0.009532584
Missouri,2013,28763,28681,3080214,2963957,0.009337988,0.009676591
Missouri,2014,28974,29346,3089367,2974222,0.00937862,0.009866782
Missouri,2015,29488,30383,3098627,2985045,0.009516473,0.010178406
Missouri,2016,29435,30438,3100965,2992035,0.009492206,0.010173009
Missouri,2017,30153,31723,3111296,3002236,0.00969146,0.010566458
Missouri,2018,30771,32346,3118889,3007563,0.009866013,0.010754887
Montana,1999,4019,4109,450543,446964,0.008920347,0.009193134
Montana,2000,3896,4200,452715,449480,0.008605856,0.009344131
Montana,2001,4036,4229,454683,452278,0.008876514,0.009350444
Montana,2002,4311,4195,456712,454955,0.009439209,0.009220692
Montana,2003,4120,4347,460116,459514,0.008954264,0.009459995
Montana,2004,4024,4070,465000,465009,0.008653763,0.008752519
Montana,2005,4203,4325,469780,470322,0.008946741,0.009195828
Montana,2006,4177,4295,475341,477351,0.008787376,0.008997572
Montana,2007,4250,4374,480939,483767,0.00883688,0.009041543
Montana,2008,4383,4530,486477,489938,0.009009676,0.009246068
Montana,2009,4295,4435,490122,493860,0.008763124,0.008980278
Montana,2010,4285,4542,492748,496667,0.008696129,0.00914496
Montana,2011,4410,4705,496966,501233,0.008873847,0.009386852
Montana,2012,4320,4656,500192,504949,0.008636684,0.009220733
Montana,2013,4602,4909,505367,509798,0.009106253,0.009629304
Montana,2014,4535,4846,509456,514123,0.008901652,0.00942576
Montana,2015,4688,5254,513619,519330,0.009127388,0.010116881
Montana,2016,4754,5151,517745,524775,0.009182126,0.009815635
Montana,2017,4902,5298,521537,528956,0.009399141,0.010015956
Montana,2018,4676,5316,527453,534852,0.008865245,0.009939198
Nebraska,1999,8159,7420,865531,839233,0.009426583,0.008841406
Nebraska,2000,7797,7195,867912,843351,0.00898363,0.008531442
Nebraska,2001,7995,7179,871208,848628,0.009176913,0.008459537
Nebraska,2002,8208,7530,874803,853489,0.009382684,0.008822609
Nebraska,2003,8090,7375,879362,859281,0.009199852,0.008582757
Nebraska,2004,7525,7132,883984,865386,0.008512598,0.008241409
Nebraska,2005,7723,7240,889468,872029,0.008682718,0.008302476
Nebraska,2006,7692,7207,894687,878006,0.00859742,0.008208372
Nebraska,2007,7992,7271,900106,883334,0.008878954,0.008231315
Nebraska,2008,8017,7444,905814,890564,0.008850603,0.008358748
Nebraska,2009,7673,7137,913619,899064,0.008398468,0.007938256
Nebraska,2010,7708,7463,920045,906296,0.008377851,0.008234617
Nebraska,2011,7939,7537,927392,915249,0.008560566,0.008234917
Nebraska,2012,7920,7739,933223,922302,0.008486718,0.008390961
Nebraska,2013,8072,7682,938690,929826,0.008599218,0.008261761
Nebraska,2014,7953,8025,944640,936863,0.00841908,0.00856582
Nebraska,2015,8414,8326,951022,945168,0.008847324,0.008809016
Nebraska,2016,8188,8029,956445,950671,0.008560869,0.008445614
Nebraska,2017,8370,8508,961945,958131,0.008701121,0.008879788
Nebraska,2018,8375,8529,965886,963382,0.008670796,0.008853186
Nevada,1999,6741,8341,949422,985296,0.007100109,0.008465476
Nevada,2000,6845,8416,980206,1018051,0.006983226,0.008266776
Nevada,2001,7411,8874,1030850,1067549,0.007189213,0.008312499
Nevada,2002,7826,9101,1069764,1104027,0.007315632,0.008243458
Nevada,2003,8117,9741,1108135,1140715,0.00732492,0.008539381
Nevada,2004,8177,9752,1156586,1189636,0.007069946,0.008197465
Nevada,2005,8595,10434,1198846,1233297,0.007169395,0.008460249
Nevada,2006,8531,10341,1243993,1278665,0.006857756,0.008087341
Nevada,2007,8392,10295,1284052,1317020,0.006535561,0.00781689
Nevada,2008,8733,10602,1310601,1343029,0.006663355,0.007894096
Nevada,2009,8695,10529,1327618,1357047,0.006549324,0.007758759
Nevada,2010,8985,10638,1336935,1363616,0.006720596,0.007801316
Nevada,2011,9350,10993,1348764,1374558,0.006932273,0.00799748
Nevada,2012,9498,11287,1367724,1391207,0.006944384,0.008113099
Nevada,2013,9870,11598,1384702,1405434,0.007127887,0.008252255
Nevada,2014,9733,12060,1412306,1426793,0.006891566,0.008452523
Nevada,2015,10424,12455,1440294,1450551,0.007237411,0.008586392
Nevada,2016,10729,13173,1466061,1473997,0.007318249,0.008936925
Nevada,2017,11007,13650,1494290,1503749,0.00736604,0.009077313
Nevada,2018,10900,13815,1512837,1521555,0.007205006,0.009079527
New Hampshire,1999,4958,4579,621409,600605,0.007978642,0.007623979
New Hampshire,2000,4991,4706,628099,607687,0.0079462,0.007744118
New Hampshire,2001,5074,4741,637412,618105,0.007960315,0.007670218
New Hampshire,2002,5092,4761,643680,625409,0.007910763,0.007612618
New Hampshire,2003,5012,4696,648513,631327,0.00772845,0.007438301
New Hampshire,2004,5259,4852,653845,636276,0.008043191,0.007625622
New Hampshire,2005,5280,4914,657932,640560,0.008025145,0.007671413
New Hampshire,2006,5184,4876,662773,645616,0.007821683,0.007552477
New Hampshire,2007,5356,4947,664987,647553,0.008054293,0.007639529
New Hampshire,2008,5163,5105,666576,649330,0.007745553,0.00786195
New Hampshire,2009,5068,5032,666875,649227,0.007599625,0.007750756
New Hampshire,2010,5181,5020,667076,649394,0.007766731,0.007730284
New Hampshire,2011,5468,5355,667341,650853,0.008193712,0.008227664
New Hampshire,2012,5378,5352,668481,652237,0.008045105,0.008205606
New Hampshire,2013,5476,5421,669746,653713,0.008176234,0.00829263
New Hampshire,2014,5765,5751,671344,655469,0.008587252,0.00877387
New Hampshire,2015,5982,6002,672952,657656,0.008889193,0.009126352
New Hampshire,2016,5878,6325,673935,660860,0.008721909,0.009570862
New Hampshire,2017,6034,6470,677786,665009,0.008902515,0.009729192
New Hampshire,2018,6214,6560,684192,672266,0.009082246,0.009758042
New Jersey,1999,38580,35401,4304271,4055321,0.00896319,0.008729519
New Jersey,2000,39051,35749,4331537,4082813,0.009015507,0.008755973
New Jersey,2001,39176,35534,4369932,4122739,0.008964899,0.008619027
New Jersey,2002,39204,34805,4398801,4153842,0.008912429,0.00837899
New Jersey,2003,38780,34909,4421964,4179438,0.008769859,0.008352558
New Jersey,2004,37647,33724,4436964,4197597,0.008484856,0.00803412
New Jersey,2005,37798,34165,4443545,4208429,0.008506271,0.008118231
New Jersey,2006,36728,33628,4448099,4213580,0.00825701,0.007980862
New Jersey,2007,36451,33211,4455148,4222737,0.008181771,0.007864804
New Jersey,2008,36612,33414,4469901,4241189,0.008190785,0.007878451
New Jersey,2009,35596,32681,4493506,4262096,0.007921654,0.007667824
New Jersey,2010,36026,33469,4512294,4279600,0.007983966,0.007820591
New Jersey,2011,36681,33877,4520963,4300192,0.008113537,0.00787802
New Jersey,2012,36482,34052,4540905,4323685,0.008034081,0.007875689
New Jersey,2013,36749,34654,4555374,4343965,0.008067175,0.007977504
New Jersey,2014,36732,34584,4576223,4361952,0.008026707,0.00792856
New Jersey,2015,37151,35120,4585897,4372116,0.008101141,0.008032724
New Jersey,2016,37510,35645,4576725,4367744,0.008195817,0.008160964
New Jersey,2017,38088,36758,4609070,4396574,0.008263706,0.008360601
New Jersey,2018,38214,37551,4556326,4352194,0.008387021,0.008628062
New Mexico,1999,6458,7218,918661,889421,0.007029797,0.008115392
New Mexico,2000,6356,7069,924729,894317,0.006873365,0.007904356
New Mexico,2001,6705,7424,930387,901303,0.007206679,0.008236964
New Mexico,2002,6701,7643,941856,913453,0.007114676,0.008367152
New Mexico,2003,7019,7786,952303,925271,0.007370553,0.008414832
New Mexico,2004,6748,7550,964738,939070,0.006994645,0.008039869
New Mexico,2005,7085,7898,978520,953754,0.007240527,0.008280961
New Mexico,2006,7292,8004,993969,968168,0.007336245,0.00826716
New Mexico,2007,7205,8277,1007922,982148,0.007148371,0.008427447
New Mexico,2008,7654,8351,1018578,992084,0.007514398,0.008417634
New Mexico,2009,7397,8246,1031238,1005564,0.007172932,0.008200373
New Mexico,2010,7597,8334,1041758,1017421,0.007292481,0.008191299
New Mexico,2011,7836,8616,1052114,1030110,0.007447862,0.008364155
New Mexico,2012,7706,9004,1052831,1032707,0.007319313,0.008718833
New Mexico,2013,7868,8937,1051678,1033609,0.007481377,0.008646403
New Mexico,2014,8195,9384,1052690,1032882,0.007784818,0.009085259
New Mexico,2015,8155,9530,1051688,1033421,0.007754201,0.009221798
New Mexico,2016,8503,9862,1050352,1030663,0.008095381,0.009568598
New Mexico,2017,8627,10046,1053926,1034144,0.008185584,0.009714314
New Mexico,2018,8630,10377,1058143,1037285,0.008155797,0.010004001
New York,1999,83833,76094,9777654,9105071,0.008573938,0.008357321
New York,2000,83114,75089,9829709,9146748,0.008455388,0.008209366
New York,2001,83689,75551,9878713,9204125,0.00847165,0.008208385
New York,2002,83222,74896,9902927,9234873,0.008403778,0.008110128
New York,2003,82337,73540,9917810,9258129,0.008301934,0.00794329
New York,2004,80733,71948,9913527,9258040,0.008143721,0.007771407
New York,2005,80468,71959,9887467,9245143,0.008138384,0.007783438
New York,2006,77746,71060,9871401,9233230,0.007875883,0.007696115
New York,2007,77091,70589,9881510,9250825,0.00780154,0.007630563
New York,2008,77760,70938,9918841,9293595,0.007839626,0.007632999
New York,2009,75821,70654,9966620,9340446,0.007607494,0.007564307
New York,2010,76104,70328,10000955,9377147,0.007609673,0.007499936
New York,2011,77469,71705,10033393,9431804,0.007721117,0.007602469
New York,2012,76871,72120,10081044,9489217,0.007625302,0.007600206
New York,2013,77709,73210,10114934,9536193,0.007682601,0.007677068
New York,2014,76740,73204,10164966,9581261,0.00754946,0.00764033
New York,2015,78530,75098,10184278,9611513,0.007710905,0.007813338
New York,2016,78092,76266,10157924,9587365,0.007687791,0.007954845
New York,2017,78521,76837,10211937,9637462,0.007689139,0.007972742
New York,2018,79614,77569,10053779,9488430,0.007918813,0.008175114
North Carolina,1999,35354,34246,4062710,3886651,0.008702073,0.008811185
North Carolina,2000,36579,35356,4106618,3942695,0.00890733,0.00896747
North Carolina,2001,35996,34938,4187317,4022805,0.008596435,0.008684985
North Carolina,2002,36692,35335,4250179,4076022,0.008633048,0.008668991
North Carolina,2003,37686,35773,4313901,4108600,0.008735945,0.008706859
North Carolina,2004,36612,35772,4376070,4177082,0.008366411,0.008563873
North Carolina,2005,38098,36540,4457189,4248218,0.00854754,0.008601254
North Carolina,2006,37672,37044,4563152,4354118,0.008255697,0.008507808
North Carolina,2007,38398,37648,4677313,4440724,0.008209414,0.008477897
North Carolina,2008,39109,38174,4771376,4538073,0.008196587,0.00841194
North Carolina,2009,38774,38343,4846501,4603065,0.008000411,0.008329885
North Carolina,2010,39541,39232,4889991,4645492,0.008086109,0.008445177
North Carolina,2011,40240,39642,4952679,4703722,0.008124896,0.008427794
North Carolina,2012,41443,40482,4999175,4752898,0.008289968,0.00851733
North Carolina,2013,41750,41579,5047448,4800612,0.008271507,0.008661187
North Carolina,2014,42488,42879,5099371,4844593,0.008332008,0.008850898
North Carolina,2015,44589,44544,5150777,4892025,0.008656752,0.009105432
North Carolina,2016,44868,45597,5213836,4932952,0.008605564,0.00924335
North Carolina,2017,46071,47086,5271981,5001438,0.00873884,0.009414492
North Carolina,2018,45742,48143,5332759,5050861,0.008577549,0.009531642
North Dakota,1999,3058,3045,322617,321642,0.009478732,0.009467047
North Dakota,2000,2876,2980,321676,320524,0.008940673,0.009297276
North Dakota,2001,3027,3021,319787,319275,0.009465676,0.009462062
North Dakota,2002,2982,2910,319017,319151,0.009347464,0.009117941
North Dakota,2003,3058,3032,318896,319921,0.009589333,0.00947734
North Dakota,2004,2805,2796,321008,323697,0.0087381,0.008637707
North Dakota,2005,2883,2861,321543,324546,0.008966141,0.008815391
North Dakota,2006,2914,2954,322583,326839,0.009033334,0.009038089
North Dakota,2007,2811,2750,324066,328756,0.008674159,0.008364866
North Dakota,2008,2869,3002,326131,331438,0.008797078,0.009057501
North Dakota,2009,2923,2991,329674,335294,0.008866335,0.008920529
North Dakota,2010,2955,2989,332727,339864,0.008881155,0.008794694
North Dakota,2011,2906,3059,337662,346270,0.008606239,0.008834147
North Dakota,2012,3051,2987,343886,355742,0.008872126,0.008396535
North Dakota,2013,3042,3191,353392,370001,0.008608005,0.008624301
North Dakota,2014,3080,3104,360463,379019,0.008544566,0.008189563
North Dakota,2015,3038,3185,368074,388853,0.008253775,0.008190756
North Dakota,2016,3080,3162,368978,388974,0.008347381,0.008129078
North Dakota,2017,3152,3263,368094,387299,0.00856303,0.008425015
North Dakota,2018,3076,3369,370727,389350,0.008297211,0.008652883
Ohio,1999,56575,51942,5835017,5500437,0.009695773,0.00944325
Ohio,2000,56689,51436,5840878,5512262,0.009705561,0.009331197
Ohio,2001,56456,51571,5853691,5533713,0.009644513,0.009319421
Ohio,2002,57183,52583,5859385,5548504,0.009759215,0.009476969
Ohio,2003,57240,51870,5868535,5566253,0.009753712,0.009318657
Ohio,2004,54981,51307,5874411,5577840,0.009359406,0.009198364
Ohio,2005,56247,52784,5876703,5586617,0.009571183,0.009448294
Ohio,2006,55045,51780,5883067,5598146,0.009356514,0.009249491
Ohio,2007,54793,51741,5890965,5609503,0.009301193,0.009223812
Ohio,2008,56481,53286,5896594,5618797,0.00957858,0.009483525
Ohio,2009,54756,52400,5902018,5626878,0.009277505,0.009312446
Ohio,2010,55723,52988,5904348,5632156,0.009437621,0.00940812
Ohio,2011,57303,54124,5905599,5639352,0.009703165,0.009597557
Ohio,2012,57625,54873,5901605,5642620,0.009764293,0.009724738
Ohio,2013,57754,55504,5911149,5659659,0.009770351,0.009806951
Ohio,2014,57575,56934,5919391,5674772,0.009726507,0.010032826
Ohio,2015,59692,58496,5926893,5686530,0.010071381,0.010286765
Ohio,2016,59543,60029,5922679,5691694,0.01005339,0.010546772
Ohio,2017,61367,62281,5945509,5713100,0.010321572,0.010901437
Ohio,2018,61436,62828,5958724,5730718,0.010310261,0.010963373
Oklahoma,1999,17778,16922,1748783,1688364,0.010165927,0.01002272
Oklahoma,2000,18103,16976,1754759,1695895,0.010316516,0.010010054
Oklahoma,2001,17758,16924,1760052,1707048,0.010089475,0.009914191
Oklahoma,2002,18212,17290,1769080,1720000,0.010294616,0.010052326
Oklahoma,2003,18191,17530,1777723,1727169,0.010232753,0.010149557
Oklahoma,2004,17389,17094,1784671,1740562,0.009743533,0.009820966
Oklahoma,2005,18310,17870,1796475,1752122,0.010192182,0.010199061
Oklahoma,2006,17815,17612,1818693,1775397,0.009795496,0.009920035
Oklahoma,2007,18111,17921,1837175,1797174,0.00985807,0.009971767
Oklahoma,2008,18453,18561,1854771,1814205,0.009948937,0.010230928
Oklahoma,2009,17543,18058,1878034,1839538,0.009341151,0.009816595
Oklahoma,2010,18073,18456,1894374,1856977,0.009540355,0.009938734
Oklahoma,2011,18350,18825,1913759,1877749,0.009588459,0.010025302
Oklahoma,2012,18238,18632,1924995,1889825,0.00947431,0.009859114
Oklahoma,2013,18763,19621,1943276,1907292,0.009655345,0.01028736
Oklahoma,2014,18748,19716,1957903,1920148,0.009575551,0.010267959
Oklahoma,2015,19045,20377,1974214,1937124,0.009646877,0.010519203
Oklahoma,2016,19011,20265,1979658,1943903,0.009603174,0.010424903
Oklahoma,2017,19647,20805,1983302,1947562,0.009906207,0.010682587
Oklahoma,2018,19659,21274,1990033,1953046,0.009878731,0.010892729
Oregon,1999,14963,14459,1712226,1681715,0.008738916,0.008597771
Oregon,2000,15055,14497,1724849,1696550,0.0087283,0.008544988
Oregon,2001,15449,14709,1747889,1720048,0.008838662,0.008551506
Oregon,2002,15815,15304,1771126,1742298,0.008929348,0.008783802
Oregon,2003,15695,15217,1788805,1758571,0.008774014,0.008653048
Oregon,2004,15364,14949,1800377,1769086,0.008533768,0.008450126
Oregon,2005,15803,15288,1823447,1789755,0.008666553,0.008541951
Oregon,2006,15917,15463,1853117,1817766,0.008589312,0.008506595
Oregon,2007,15734,15669,1879347,1843070,0.008372057,0.008501576
Oregon,2008,15951,16016,1903535,1865213,0.008379673,0.008586687
Oregon,2009,15783,15853,1923209,1885391,0.008206596,0.008408335
Oregon,2010,16002,15888,1935072,1896002,0.00826946,0.008379738
Oregon,2011,16310,16478,1955239,1916620,0.008341691,0.008597427
Oregon,2012,16248,16511,1968641,1930712,0.008253409,0.008551767
Oregon,2013,16763,17176,1985655,1944410,0.008442051,0.008833528
Oregon,2014,16715,17436,2006139,1964100,0.008331925,0.008877348
Oregon,2015,17698,18007,2035807,1993170,0.008693358,0.009034352
Oregon,2016,17413,18365,2066455,2027010,0.008426508,0.009060143
Oregon,2017,17947,18677,2089787,2052989,0.008587957,0.009097467
Oregon,2018,17516,18671,2113219,2077494,0.008288777,0.00898727
Pennsylvania,1999,68394,61889,6347064,5916741,0.010775691,0.010459981
Pennsylvania,2000,68852,61961,6351391,5929663,0.01084046,0.010449329
Pennsylvania,2001,68166,61563,6354395,5944575,0.010727378,0.010356165
Pennsylvania,2002,68470,61753,6363832,5967199,0.010759241,0.010348742
Pennsylvania,2003,67857,61912,6377894,5996764,0.010639405,0.010324235
Pennsylvania,2004,67002,60638,6390749,6019973,0.010484217,0.010072803
Pennsylvania,2005,67848,61684,6405053,6044937,0.010592887,0.010204242
Pennsylvania,2006,65244,60295,6429312,6081497,0.010147898,0.0099145
Pennsylvania,2007,64915,60189,6452087,6111850,0.010061086,0.009847918
Pennsylvania,2008,66180,61282,6473295,6138990,0.010223541,0.009982424
Pennsylvania,2009,64517,60263,6497024,6169834,0.009930239,0.009767362
Pennsylvania,2010,64134,60462,6512016,6190363,0.009848563,0.009767117
Pennsylvania,2011,66140,62097,6528324,6214562,0.010131237,0.009992176
Pennsylvania,2012,65249,61732,6533359,6230177,0.009987053,0.009908547
Pennsylvania,2013,66239,62884,6531461,6242340,0.010141529,0.010073786
Pennsylvania,2014,65430,63004,6533392,6253817,0.010014706,0.010074487
Pennsylvania,2015,67475,65123,6538129,6264374,0.010320231,0.010395771
Pennsylvania,2016,66918,66122,6523033,6261194,0.010258725,0.010560606
Pennsylvania,2017,68278,67378,6534208,6271329,0.010449315,0.010743815
Pennsylvania,2018,67369,67333,6532400,6274660,0.010313055,0.01073094
Rhode Island,1999,5220,4488,540724,499678,0.009653724,0.008981784
Rhode Island,2000,5422,4605,544684,503635,0.009954396,0.009143527
Rhode Island,2001,5378,4643,548974,508168,0.009796457,0.009136742
Rhode Island,2002,5510,4736,553090,512905,0.009962212,0.009233679
Rhode Island,2003,5424,4615,555590,515752,0.009762595,0.008948099
Rhode Island,2004,5164,4605,556375,518204,0.00928151,0.008886462
Rhode Island,2005,5404,4603,552832,515084,0.009775122,0.008936406
Rhode Island,2006,5102,4588,550134,512962,0.009274104,0.008944132
Rhode Island,2007,5230,4493,546859,510456,0.009563708,0.008801934
Rhode Island,2008,5113,4625,545412,509591,0.009374565,0.009075906
Rhode Island,2009,4963,4432,544764,508882,0.009110367,0.008709288
Rhode Island,2010,5016,4563,544167,508400,0.009217759,0.008975216
Rhode Island,2011,5038,4543,543055,508247,0.009277145,0.008938567
Rhode Island,2012,4864,4490,542016,508276,0.008973905,0.008833783
Rhode Island,2013,5093,4699,542084,509427,0.009395223,0.009224089
Rhode Island,2014,5146,4624,543810,511363,0.009462864,0.0090425
Rhode Island,2015,5265,4898,544349,511949,0.009672104,0.009567359
Rhode Island,2016,5087,4648,543345,513081,0.009362376,0.009058998
Rhode Island,2017,5240,4917,544648,514991,0.009620893,0.00954774
Rhode Island,2018,5158,4925,542983,514332,0.009499377,0.009575527
South Carolina,1999,17899,18154,2045606,1929076,0.008749974,0.009410723
South Carolina,2000,18237,18711,2063083,1948929,0.008839683,0.009600658
South Carolina,2001,18016,18596,2089963,1975032,0.008620248,0.009415544
South Carolina,2002,18704,19032,2111069,1996726,0.008859966,0.009531603
South Carolina,2003,19033,19079,2133967,2016330,0.00891907,0.009462241
South Carolina,2004,18387,18889,2162305,2048616,0.008503426,0.009220371
South Carolina,2005,19077,19630,2192345,2077805,0.008701641,0.00944747
South Carolina,2006,19013,19748,2237655,2120192,0.008496842,0.009314251
South Carolina,2007,19498,19941,2280792,2163318,0.008548785,0.009217785
South Carolina,2008,19980,20309,2325047,2203949,0.008593375,0.009214823
South Carolina,2009,19714,20735,2357030,2232842,0.008363916,0.009286371
South Carolina,2010,20398,21216,2375263,2250101,0.008587681,0.00942891
South Carolina,2011,20853,21219,2402602,2276628,0.00867934,0.009320363
South Carolina,2012,21422,21776,2426510,2297213,0.008828317,0.009479313
South Carolina,2013,21775,22807,2451720,2323119,0.00888152,0.009817405
South Carolina,2014,22177,23277,2483088,2349394,0.008931218,0.009907661
South Carolina,2015,22977,24221,2517178,2378968,0.009128079,0.010181306
South Carolina,2016,23200,24930,2553185,2407934,0.00908669,0.010353274
South Carolina,2017,23571,25870,2586682,2437687,0.009112446,0.010612519
South Carolina,2018,24323,26317,2620801,2463326,0.00928075,0.010683523
South Dakota,1999,3485,3468,378500,371912,0.009207398,0.009324787
South Dakota,2000,3528,3493,380286,374558,0.009277228,0.009325659
South Dakota,2001,3356,3567,381537,376435,0.008796001,0.00947574
South Dakota,2002,3502,3396,382328,377692,0.009159674,0.008991453
South Dakota,2003,3559,3573,383633,380096,0.009277096,0.009400257
South Dakota,2004,3409,3424,386677,383719,0.008816144,0.008923196
South Dakota,2005,3512,3574,389021,386472,0.00902779,0.009247759
South Dakota,2006,3531,3553,392420,390613,0.008998012,0.009095959
South Dakota,2007,3383,3443,396650,394973,0.00852893,0.008717052
South Dakota,2008,3528,3555,400236,398888,0.008814799,0.008912276
South Dakota,2009,3421,3502,403198,403869,0.008484665,0.008671129
South Dakota,2010,3539,3561,406799,407381,0.008699628,0.008741203
South Dakota,2011,3691,3623,410905,413177,0.008982612,0.008768639
South Dakota,2012,3679,3654,415038,418316,0.008864249,0.008735023
South Dakota,2013,3496,3603,420499,424378,0.008313932,0.008490073
South Dakota,2014,3659,3848,423862,429313,0.008632527,0.008963157
South Dakota,2015,3763,3968,426493,431976,0.008823123,0.009185696
South Dakota,2016,3790,4055,429182,436272,0.008830752,0.00929466
South Dakota,2017,3884,4112,430706,438960,0.009017752,0.009367596
South Dakota,2018,3806,4165,436704,445531,0.008715285,0.009348396
Tennessee,1999,27127,26638,2897466,2741240,0.009362319,0.0097175
Tennessee,2000,27973,27273,2919008,2770275,0.00958305,0.009844871
Tennessee,2001,28152,26999,2948421,2802368,0.009548162,0.009634352
Tennessee,2002,28779,27827,2971873,2824045,0.009683792,0.009853597
Tennessee,2003,29132,28181,3000983,2846829,0.009707486,0.009899084
Tennessee,2004,28217,27612,3027931,2882878,0.009318905,0.009577929
Tennessee,2005,28784,28476,3068439,2922618,0.009380666,0.009743319
Tennessee,2006,28339,28499,3121455,2967311,0.009078779,0.009604319
Tennessee,2007,28509,28578,3162280,3013447,0.009015331,0.009483492
Tennessee,2008,29710,29110,3203115,3044296,0.009275346,0.009562145
Tennessee,2009,28906,29382,3231769,3074250,0.008944327,0.009557453
Tennessee,2010,29645,29933,3252601,3093504,0.009114244,0.009676083
Tennessee,2011,30017,30524,3282422,3120931,0.009144772,0.009780415
Tennessee,2012,30742,31214,3307480,3148763,0.00929469,0.009913099
Tennessee,2013,31417,31989,3328884,3167094,0.009437697,0.010100426
Tennessee,2014,31804,32857,3357172,3192180,0.00947345,0.010292966
Tennessee,2015,32837,33733,3382838,3217461,0.009706938,0.010484354
Tennessee,2016,33301,34556,3408679,3242515,0.009769474,0.01065716
Tennessee,2017,34025,36071,3440018,3275966,0.009890937,0.011010798
Tennessee,2018,34692,36386,3467086,3302924,0.010006097,0.011016299
Texas,1999,73573,73285,10360202,10198018,0.007101502,0.0071862
Texas,2000,75309,74630,10498910,10352910,0.00717303,0.007208601
Texas,2001,76477,76302,10731190,10588432,0.007126609,0.007206166
Texas,2002,77626,77898,10914653,10775672,0.007112091,0.007229062
Texas,2003,76920,77950,11095953,10934978,0.006932257,0.007128501
Texas,2004,75458,77412,11278402,11115621,0.006690487,0.006964253
Texas,2005,77260,79197,11470439,11307684,0.006735575,0.007003821
Texas,2006,77902,79248,11771243,11588337,0.006617993,0.0068386
Texas,2007,78918,81630,12010572,11821411,0.006570711,0.006905267
Texas,2008,81127,83787,12249936,12059103,0.006622647,0.006948029
Texas,2009,79808,83441,12500150,12301611,0.006384563,0.006782933
Texas,2010,81400,85127,12673281,12472280,0.006422962,0.006825296
Texas,2011,82524,86116,12932239,12742442,0.006381262,0.006758202
Texas,2012,84677,89510,13111469,12947734,0.006458239,0.006913179
Texas,2013,86827,92356,13301191,13147002,0.006527761,0.007024872
Texas,2014,88534,95378,13574572,13382386,0.006522047,0.00712713
Texas,2015,91535,98119,13831324,13637790,0.006617949,0.007194641
Texas,2016,91786,100180,14031164,13831432,0.006541581,0.007242923
Texas,2017,94467,103639,14242803,14061793,0.006632613,0.007370255
Texas,2018,95697,106514,14441739,14260106,0.006626418,0.007469369
Utah,1999,5890,6168,1100167,1103315,0.005353733,0.005590425
Utah,2000,6161,6203,1114138,1119031,0.005529836,0.005543189
Utah,2001,6322,6340,1139182,1144533,0.005549596,0.005539377
Utah,2002,6483,6633,1158853,1165962,0.005594325,0.005688865
Utah,2003,6721,6691,1175867,1184270,0.005715782,0.005649894
Utah,2004,6572,6759,1196749,1204831,0.005491544,0.005609915
Utah,2005,6675,6757,1224741,1232978,0.005450132,0.005480228
Utah,2006,6827,6937,1257991,1267516,0.005426907,0.005472909
Utah,2007,6951,7192,1292672,1305074,0.005377234,0.005510799
Utah,2008,6917,7123,1325631,1337398,0.005217892,0.005326014
Utah,2009,6919,7219,1355509,1367912,0.005104356,0.005277386
Utah,2010,7135,7641,1375568,1388317,0.005186948,0.005503786
Utah,2011,7538,7728,1401715,1415507,0.005377698,0.005459528
Utah,2012,7676,8000,1419427,1435860,0.005407816,0.005571574
Utah,2013,8001,8365,1441891,1458981,0.005548963,0.005733454
Utah,2014,8190,8529,1463152,1479750,0.005597505,0.005763811
Utah,2015,8462,8872,1488819,1507100,0.0056837,0.005886802
Utah,2016,8535,9378,1515323,1535894,0.005632463,0.00610589
Utah,2017,8569,9466,1540145,1561688,0.005563762,0.00606139
Utah,2018,8749,9605,1568962,1592143,0.005576298,0.00603275
Vermont,1999,2568,2425,308398,296285,0.008326902,0.008184687
Vermont,2000,2696,2431,310490,298337,0.008683049,0.008148503
Vermont,2001,2760,2441,311779,300444,0.008852424,0.008124642
Vermont,2002,2661,2414,312959,302483,0.008502711,0.007980614
Vermont,2003,2736,2384,314206,303652,0.008707663,0.007851093
Vermont,2004,2572,2423,315080,304840,0.008163006,0.007948432
Vermont,2005,2611,2455,315422,305793,0.008277799,0.008028307
Vermont,2006,2616,2432,316290,306602,0.008270891,0.007932107
Vermont,2007,2705,2474,316538,306943,0.008545577,0.008060128
Vermont,2008,2627,2584,316722,307429,0.00829434,0.008405193
Vermont,2009,2586,2448,317128,307689,0.008154436,0.007956086
Vermont,2010,2715,2665,317535,308206,0.008550239,0.008646814
Vermont,2011,2773,2660,317581,308850,0.008731631,0.008612595
Vermont,2012,2745,2746,317233,308778,0.008652946,0.008893121
Vermont,2013,2824,2815,317442,309188,0.008896113,0.009104493
Vermont,2014,2865,2758,317713,308849,0.009017572,0.00892993
Vermont,2015,2961,2958,317516,308526,0.009325514,0.009587523
Vermont,2016,2922,2987,316128,308466,0.009243091,0.009683401
Vermont,2017,2972,3035,315401,308256,0.009422925,0.009845713
Vermont,2018,2977,3050,317047,309252,0.009389775,0.009862507
Virginia,1999,28088,27232,3569683,3430491,0.007868486,0.007938222
Virginia,2000,29003,27279,3606620,3471895,0.008041601,0.007857092
Virginia,2001,29033,27247,3665386,3532976,0.007920857,0.007712195
Virginia,2002,29211,27985,3713695,3573178,0.007865751,0.007831964
Virginia,2003,29655,28627,3757780,3609197,0.007891628,0.007931681
Virginia,2004,28853,27697,3814310,3661265,0.007564409,0.007564872
Virginia,2005,29624,28231,3863646,3713459,0.007667369,0.007602346
Virginia,2006,29260,28430,3908475,3765250,0.007486296,0.007550627
Virginia,2007,29508,28717,3947966,3803034,0.007474229,0.007551076
Virginia,2008,30115,28985,3988983,3844513,0.007549543,0.007539316
Virginia,2009,29555,29098,4037895,3888042,0.007319408,0.007483973
Virginia,2010,29764,29268,4075041,3925983,0.007303976,0.007454948
Virginia,2011,30808,29996,4120439,3976165,0.007476873,0.007543953
Virginia,2012,31035,30529,4164342,4021525,0.007452558,0.007591399
Virginia,2013,31576,31140,4198203,4062202,0.007521313,0.007665793
Virginia,2014,31909,31689,4231045,4095244,0.007541636,0.007738
Virginia,2015,32737,32840,4258228,4124765,0.00768794,0.007961666
Virginia,2016,32811,33662,4274994,4136814,0.007675098,0.00813718
Virginia,2017,33692,34887,4303293,4166727,0.007829353,0.008372759
Virginia,2018,33942,35417,4327037,4190648,0.007844167,0.008451438
Washington,1999,22003,21862,2934901,2907663,0.007497016,0.007518753
Washington,2000,22084,21857,2959821,2934300,0.007461262,0.007448795
Washington,2001,22615,22027,3002080,2983642,0.00753311,0.007382588
Washington,2002,22714,22624,3036742,3015607,0.007479727,0.007502304
Washington,2003,23221,22699,3065739,3038376,0.007574356,0.007470767
Washington,2004,22399,22371,3107815,3070830,0.007207314,0.007285001
Washington,2005,23242,22961,3145396,3111909,0.007389213,0.007378429
Washington,2006,23294,22826,3200695,3170058,0.007277794,0.007200499
Washington,2007,23857,23466,3247800,3213787,0.007345588,0.007301666
Washington,2008,24409,24218,3293162,3269069,0.007412025,0.007408225
Washington,2009,24109,24161,3343920,3323506,0.007209802,0.007269733
Washington,2010,23886,24260,3374833,3349707,0.007077684,0.007242424
Washington,2011,24650,25041,3420356,3409682,0.007206852,0.007344087
Washington,2012,24543,25562,3455462,3441550,0.007102668,0.007427467
Washington,2013,25291,25973,3488736,3482670,0.00724933,0.007457784
Washington,2014,25432,26667,3531595,3529935,0.007201279,0.00755453
Washington,2015,26792,27803,3585353,3584998,0.007472625,0.007755374
Washington,2016,26522,28247,3646600,3641400,0.007273076,0.007757181
Washington,2017,27540,29455,3702270,3703473,0.00743868,0.007953345
Washington,2018,27483,29394,3765680,3769911,0.007298283,0.007797001
West Virginia,1999,10786,10263,931809,879990,0.011575334,0.011662633
West Virginia,2000,10897,10217,929174,879170,0.01172762,0.011621188
West Virginia,2001,10829,10138,923643,877838,0.011724227,0.011548828
West Virginia,2002,10720,10296,923841,881573,0.011603728,0.011679124
West Virginia,2003,10960,10346,925835,886460,0.011837962,0.011671141
West Virginia,2004,10612,10181,927027,889411,0.011447347,0.011446901
West Virginia,2005,10553,10227,927690,892802,0.011375567,0.011454947
West Virginia,2006,10363,10309,930605,897307,0.011135767,0.011488822
West Virginia,2007,10485,10601,932683,901369,0.011241762,0.011760999
West Virginia,2008,10885,10672,934911,905399,0.011642819,0.011787068
West Virginia,2009,10639,10747,937434,910341,0.011349066,0.011805466
West Virginia,2010,10557,10718,939408,913586,0.011237929,0.011731791
West Virginia,2011,10816,11051,940283,915081,0.01150292,0.012076527
West Virginia,2012,10900,11015,940008,915405,0.011595646,0.012032925
West Virginia,2013,10765,11078,938728,915576,0.011467646,0.012099487
West Virginia,2014,10751,11435,936411,913915,0.01148107,0.012512105
West Virginia,2015,11168,11584,933068,911060,0.011969117,0.01271486
West Virginia,2016,11010,11722,925159,905943,0.011900657,0.012939004
West Virginia,2017,11290,11986,917237,898620,0.012308705,0.01333823
West Virginia,2018,11347,12131,911492,894340,0.01244882,0.013564193
Wisconsin,1999,23767,22905,2701525,2631141,0.008797624,0.008705349
Wisconsin,2000,23943,22518,2714634,2649041,0.008819974,0.008500435
Wisconsin,2001,23853,22775,2733647,2673188,0.008725706,0.00851979
Wisconsin,2002,24014,22967,2751697,2693465,0.008726978,0.008526935
Wisconsin,2003,23603,22574,2766901,2712302,0.008530482,0.00832282
Wisconsin,2004,23276,22324,2782678,2731348,0.008364604,0.008173254
Wisconsin,2005,23999,22710,2797061,2749105,0.008580077,0.00826087
Wisconsin,2006,23868,22285,2812276,2765379,0.008487076,0.00805857
Wisconsin,2007,23717,22524,2827782,2782993,0.008387139,0.008093445
Wisconsin,2008,23903,22912,2842268,2798728,0.008409833,0.008186576
Wisconsin,2009,23072,22625,2856103,2813161,0.00807814,0.008042554
Wisconsin,2010,24046,23262,2864586,2822400,0.008394232,0.008241922
Wisconsin,2011,24739,23671,2875675,2836092,0.00860285,0.008346344
Wisconsin,2012,24557,23827,2883326,2843072,0.0085169,0.008380723
Wisconsin,2013,25212,24814,2890553,2852160,0.008722206,0.008700073
Wisconsin,2014,25488,24803,2898057,2859507,0.008794858,0.008673873
Wisconsin,2015,25564,25700,2903737,2867600,0.008803828,0.008962198
Wisconsin,2016,25778,26037,2905282,2873426,0.008872805,0.009061309
Wisconsin,2017,25812,26869,2912745,2882738,0.008861744,0.009320653
Wisconsin,2018,26517,27167,2921295,2892273,0.009077139,0.009392958
Wyoming,1999,1974,2068,244518,247262,0.008073025,0.008363598
Wyoming,2000,1945,1975,245408,248374,0.007925577,0.007951718
Wyoming,2001,1971,2058,245327,249330,0.008034175,0.008254121
Wyoming,2002,2040,2134,247785,252232,0.008232944,0.008460465
Wyoming,2003,2027,2145,249128,254325,0.00813638,0.00843409
Wyoming,2004,1978,1977,251506,257600,0.007864624,0.007674689
Wyoming,2005,1963,2136,253726,260431,0.007736692,0.008201789
Wyoming,2006,2072,2239,257361,265306,0.008050948,0.008439312
Wyoming,2007,2054,2212,262776,272100,0.007816543,0.008129364
Wyoming,2008,2059,2168,267982,278061,0.007683352,0.00779685
Wyoming,2009,2021,2262,274046,285805,0.007374674,0.007914487
Wyoming,2010,2185,2253,276189,287437,0.007911249,0.007838239
Wyoming,2011,2058,2329,278401,289757,0.007392215,0.00803777
Wyoming,2012,2119,2362,282131,294281,0.007510695,0.008026342
Wyoming,2013,2102,2414,285380,297278,0.007365618,0.008120345
Wyoming,2014,2192,2474,286111,298042,0.007661362,0.008300844
Wyoming,2015,2228,2550,287206,298901,0.007757498,0.008531253
Wyoming,2016,2208,2514,286559,298942,0.00770522,0.008409658
Wyoming,2017,2229,2539,283877,295438,0.007851992,0.00859402
Wyoming,2018,2394,2676,283203,294534,0.0084533,0.009085539
